System,System,Socket 0,Socket 0,Socket 0,Socket 0,Socket 0,Socket 0,Socket 0,Socket 0,Socket 0,Socket 0,Socket 0,Socket 0,Socket 0,Socket 0,Socket 0,Socket 0,Socket 0,Socket 0,Socket 0,Socket 0,Socket 0,SKT0 Core C-State,SKT0 Core C-State,SKT0 Core C-State,SKT0 Core C-State,SKT0 Core C-State,SKT0 Package C-State,SKT0 Package C-State,SKT0 Package C-State,SKT0 Package C-State,Proc Energy (Joules),Power Plane 0 Energy (Joules),Power Plane 1 Energy (Joules),
Date,Time,EXEC,IPC,FREQ,AFREQ,CFREQ,L3MISS,L2MISS,L3HIT,L2HIT,L3MPI,L2MPI,READ,WRITE,TEMP,INST,ACYC,TIME(ticks),PhysIPC,PhysIPC%,INSTnom,INSTnom%,C0res%,C1res%,C3res%,C6res%,C7res%,C0res%,C2res%,C4res%,C6res%,SKT0,SKT0,SKT0,
2026-07-30,12:06:07.362,0.02,1.52,0.01,0.37,1.44,6.18,0.57,0.77,0.92,0.0046,0.0004,0.72,0.28,71,1332.75,875.34,3881.14,1.52,12.69,0.02,0.14,3.06,11.28,0.00,51.28,34.39,100.00,0.00,0.00,0.00,7.47,1.17,0.09,
2026-07-30,12:06:08.362,0.01,1.56,0.01,0.32,1.23,5.52,0.54,0.77,0.85,0.0054,0.0005,0.66,0.24,71,1026.45,659.56,3878.29,1.56,12.97,0.01,0.11,2.69,7.71,0.00,53.23,36.37,100.00,0.00,0.00,0.00,6.99,0.69,0.08,
2026-07-30,12:06:09.362,0.01,1.23,0.01,0.24,0.95,4.65,0.57,0.80,0.80,0.0077,0.0009,0.59,0.23,71,602.31,490.88,3881.47,1.23,10.23,0.01,0.06,2.60,8.39,0.00,52.93,36.08,100.00,0.00,0.00,0.00,6.56,0.29,0.08,
2026-07-30,12:06:10.363,0.02,1.43,0.01,0.36,1.42,7.62,0.73,0.73,0.91,0.0056,0.0005,0.77,0.26,71,1364.28,950.83,3880.82,1.43,11.96,0.02,0.15,3.38,10.55,0.00,51.77,34.31,100.00,0.00,0.00,0.00,7.51,1.19,0.07,
2026-07-30,12:06:11.364,0.04,1.74,0.03,0.54,2.11,10.58,1.25,0.71,0.91,0.0031,0.0004,0.98,0.36,71,3449.90,1983.94,3881.14,1.74,14.49,0.04,0.37,4.72,21.38,0.00,40.76,33.14,100.00,0.00,0.00,0.00,10.07,3.68,0.07,
2026-07-30,12:06:12.364,0.01,1.24,0.00,0.26,1.00,4.22,0.61,0.80,0.68,0.0089,0.0013,0.57,0.22,71,475.46,384.35,3879.94,1.24,10.31,0.01,0.05,1.93,3.03,0.00,58.87,36.18,100.00,0.00,0.00,0.00,6.51,0.30,0.08,
2026-07-30,12:06:13.364,0.02,1.84,0.01,0.37,1.46,5.19,0.86,0.79,0.73,0.0037,0.0006,0.62,0.23,71,1402.76,764.16,3878.21,1.84,15.30,0.02,0.15,2.63,3.20,0.00,59.57,34.60,100.00,0.00,0.00,0.00,7.12,0.90,0.08,
2026-07-30,12:06:14.364,0.02,1.86,0.01,0.38,1.47,5.23,0.88,0.78,0.72,0.0037,0.0006,0.62,0.22,71,1414.36,760.01,3877.82,1.86,15.51,0.02,0.15,2.60,4.71,0.00,57.79,34.90,100.00,0.00,0.00,0.00,7.21,0.96,0.08,
2026-07-30,12:06:15.365,0.01,1.20,0.01,0.25,0.99,4.34,0.83,0.81,0.58,0.0083,0.0016,0.60,0.24,71,519.62,434.75,3881.91,1.20,9.96,0.01,0.06,2.21,5.84,0.00,57.01,34.94,100.00,0.00,0.00,0.00,6.63,0.36,0.08,
2026-07-30,12:06:16.365,0.04,2.28,0.02,0.49,1.92,8.84,1.05,0.71,0.80,0.0027,0.0003,0.90,0.30,71,3316.78,1452.00,3877.82,2.28,19.04,0.04,0.36,3.80,16.90,0.00,45.65,33.65,100.00,0.00,0.00,0.00,8.92,2.52,0.08,
2026-07-30,12:06:17.365,0.04,1.71,0.03,0.61,2.38,10.55,1.61,0.69,0.86,0.0031,0.0005,0.90,0.24,70,3406.54,1996.16,3877.99,1.71,14.22,0.04,0.37,4.21,11.01,0.00,51.85,32.92,100.00,0.00,0.00,0.00,9.38,3.19,0.03,
2026-07-30,12:06:18.365,0.01,1.58,0.00,0.28,1.10,2.53,0.36,0.82,0.72,0.0043,0.0006,0.34,0.07,71,589.08,372.10,3880.39,1.58,13.19,0.01,0.06,1.70,2.17,0.00,59.15,36.98,100.00,0.00,0.00,0.00,6.46,0.43,0.02,
2026-07-30,12:06:19.366,0.03,2.33,0.01,0.52,2.01,2.71,0.71,0.82,0.71,0.0014,0.0004,0.34,0.06,71,1972.24,845.24,3881.52,2.33,19.44,0.03,0.21,2.11,3.38,0.00,57.45,37.06,100.00,0.00,0.00,0.00,7.52,1.44,0.02,
2026-07-30,12:06:20.366,0.03,2.30,0.01,0.53,2.05,3.29,0.94,0.80,0.66,0.0015,0.0004,0.40,0.08,71,2149.07,935.96,3879.77,2.30,19.13,0.03,0.23,2.29,1.85,0.00,58.70,37.15,100.00,0.00,0.00,0.00,7.76,1.72,0.02,
2026-07-30,12:06:21.367,0.00,1.28,0.00,0.27,1.07,2.01,0.28,0.83,0.66,0.0061,0.0008,0.29,0.05,71,331.12,259.68,3881.42,1.28,10.63,0.00,0.04,1.22,0.80,0.00,59.51,38.47,100.00,0.00,0.00,0.00,6.23,0.24,0.01,
2026-07-30,12:06:22.367,0.27,2.43,0.11,1.08,4.21,13.02,2.09,0.67,0.88,0.0006,0.0001,1.09,0.40,68,20624.12,8504.21,3877.03,2.43,20.21,0.27,2.22,10.17,3.96,0.00,53.17,32.70,100.00,0.00,0.00,0.00,22.66,16.33,0.06,
2026-07-30,12:06:23.368,0.06,2.13,0.03,0.69,2.70,7.28,2.01,0.86,0.80,0.0015,0.0004,0.81,0.28,67,4774.13,2246.40,3880.00,2.13,17.71,0.06,0.51,4.18,16.59,0.00,50.59,28.64,100.00,0.00,0.00,0.00,13.26,6.83,0.09,
2026-07-30,12:06:24.367,0.10,2.18,0.05,0.91,3.55,3.32,2.40,0.93,0.90,0.0004,0.0003,0.39,0.05,68,7679.00,3530.42,3879.51,2.18,18.13,0.10,0.82,5.00,11.53,0.00,52.41,31.06,100.00,0.00,0.00,0.00,17.65,11.41,0.01,
2026-07-30,12:06:25.368,0.06,2.90,0.02,0.75,2.93,4.92,1.27,0.74,0.78,0.0011,0.0003,0.53,0.08,70,4568.17,1576.98,3881.37,2.90,24.14,0.06,0.49,2.70,6.53,0.00,54.47,36.30,100.00,0.00,0.00,0.00,9.77,3.59,0.01,
2026-07-30,12:06:26.465,0.07,2.37,0.03,0.90,3.53,11.16,1.08,0.67,0.82,0.0019,0.0002,0.82,0.26,50,5730.65,2416.90,3878.96,2.37,19.76,0.07,0.61,3.43,10.00,0.00,52.35,34.22,100.00,0.00,0.00,0.00,11.59,5.27,0.02,
2026-07-30,12:06:27.908,0.44,2.77,0.16,1.23,4.78,26.68,7.17,0.79,0.90,0.0008,0.0002,1.97,0.68,43,35274.69,12753.87,3882.70,2.77,23.05,0.44,3.70,13.11,6.00,0.00,53.67,27.21,100.00,0.00,0.00,0.00,37.62,30.87,0.04,
2026-07-30,12:06:28.373,0.33,2.81,0.12,1.18,4.60,18.18,5.38,0.79,0.91,0.0007,0.0002,1.97,0.66,43,24640.04,8770.18,3892.15,2.81,23.41,0.33,2.71,9.82,4.47,0.00,58.41,27.31,100.00,0.00,0.00,0.00,42.57,35.79,0.01,
2026-07-30,12:06:29.373,0.40,2.83,0.14,1.25,4.89,21.57,5.43,0.80,0.92,0.0007,0.0002,1.88,0.71,44,31244.71,11040.56,3877.33,2.83,23.58,0.40,3.36,11.35,4.41,0.00,56.55,27.69,100.00,0.00,0.00,0.00,41.40,34.65,0.01,
2026-07-30,12:06:30.372,0.16,2.35,0.07,0.67,2.61,44.10,3.29,0.60,0.83,0.0036,0.0003,5.84,4.92,67,12420.15,5279.22,3877.73,2.35,19.61,0.16,1.33,10.17,18.74,0.00,50.85,20.24,100.00,0.00,0.00,0.00,24.28,13.64,3.61,
2026-07-30,12:06:31.373,0.03,2.48,0.01,0.60,2.34,3.42,0.80,0.78,0.82,0.0014,0.0003,0.57,0.23,70,2435.18,982.93,3881.27,2.48,20.65,0.03,0.26,2.11,7.73,0.00,53.88,36.27,100.00,0.00,0.00,0.00,8.31,2.00,0.17,
2026-07-30,12:06:32.374,0.01,1.65,0.00,0.26,1.01,1.56,0.28,0.87,0.73,0.0028,0.0005,0.32,0.02,71,552.16,333.68,3881.79,1.65,13.79,0.01,0.06,1.66,3.37,0.00,57.32,37.65,100.00,0.00,0.00,0.00,6.40,0.36,0.00,
2026-07-30,12:06:33.376,0.09,2.48,0.04,0.58,2.27,22.66,2.09,0.66,0.76,0.0031,0.0003,3.40,2.81,69,7230.72,2921.23,3877.71,2.48,20.63,0.09,0.78,6.46,11.42,0.00,56.69,25.43,100.00,0.00,0.00,0.00,15.68,7.10,2.03,
2026-07-30,12:06:34.374,0.07,2.49,0.03,0.58,2.28,15.38,1.63,0.67,0.71,0.0029,0.0003,2.39,1.89,68,5246.17,2106.57,3878.80,2.49,20.75,0.07,0.56,4.65,16.16,0.00,50.20,28.99,100.00,0.00,0.00,0.00,13.12,5.19,1.44,
2026-07-30,12:06:35.374,0.00,1.21,0.00,0.27,1.06,1.38,0.28,0.88,0.70,0.0042,0.0009,0.31,0.01,71,329.19,271.87,3877.56,1.21,10.09,0.00,0.04,1.29,3.75,0.00,57.48,37.48,100.00,0.00,0.00,0.00,6.29,0.24,0.00,
2026-07-30,12:06:36.375,0.07,2.61,0.03,0.55,2.15,10.34,1.56,0.72,0.70,0.0020,0.0003,1.52,1.05,68,5225.04,2004.85,3877.80,2.61,21.72,0.07,0.56,4.69,6.76,0.00,56.37,32.19,100.00,0.00,0.00,0.00,11.37,4.39,0.74,
2026-07-30,12:06:37.374,0.06,2.30,0.03,0.54,2.11,26.56,1.73,0.65,0.68,0.0054,0.0003,4.10,3.59,70,4943.34,2151.77,3880.62,2.30,19.14,0.06,0.53,5.13,23.23,0.00,48.38,23.26,100.00,0.00,0.00,0.00,15.43,6.01,2.68,
2026-07-30,12:06:38.375,0.04,2.68,0.02,0.58,2.27,2.23,0.95,0.85,0.70,0.0007,0.0003,0.37,0.02,71,3143.75,1174.00,3882.32,2.68,22.32,0.04,0.34,2.60,4.40,0.00,56.82,36.18,100.00,0.00,0.00,0.00,8.37,2.29,0.00,
2026-07-30,12:06:39.375,0.04,2.69,0.01,0.67,2.62,1.79,0.94,0.86,0.70,0.0006,0.0003,0.34,0.01,70,3055.59,1135.25,3879.44,2.69,22.43,0.04,0.33,2.18,3.44,0.00,57.34,37.04,100.00,0.00,0.00,0.00,8.44,2.37,0.00,
2026-07-30,12:06:40.381,0.10,2.28,0.04,0.53,2.08,36.39,2.36,0.63,0.79,0.0048,0.0003,5.28,4.58,58,7631.81,3345.43,3881.03,2.28,19.01,0.10,0.82,8.08,23.22,0.00,48.47,20.24,100.00,0.00,0.00,0.00,19.03,8.71,3.38,
2026-07-30,12:06:41.376,0.04,2.56,0.02,0.57,2.23,3.46,1.01,0.79,0.83,0.0011,0.0003,0.51,0.13,70,3273.68,1278.29,3879.95,2.56,21.34,0.04,0.35,2.88,11.97,0.00,49.70,35.46,100.00,0.00,0.00,0.00,8.81,2.56,0.08,
2026-07-30,12:06:42.378,0.04,2.79,0.02,0.74,2.90,1.55,0.95,0.87,0.71,0.0005,0.0003,0.32,0.01,70,3310.74,1188.13,3881.08,2.79,23.22,0.04,0.36,2.06,2.28,0.00,58.29,37.38,100.00,0.00,0.00,0.00,8.52,2.50,0.00,
2026-07-30,12:06:43.381,0.07,2.41,0.03,0.49,1.92,22.23,1.51,0.66,0.70,0.0042,0.0003,3.36,2.83,66,5246.31,2175.12,3880.15,2.41,20.10,0.07,0.56,5.69,10.12,0.00,57.47,26.71,100.00,0.00,0.00,0.00,13.85,5.17,2.09,
2026-07-30,12:06:44.378,0.07,2.56,0.03,0.60,2.34,15.39,1.71,0.68,0.59,0.0027,0.0003,2.33,1.82,71,5627.76,2201.53,3878.51,2.56,21.30,0.07,0.60,4.74,8.35,0.00,58.42,28.49,100.00,0.00,0.00,0.00,13.16,5.37,1.39,
2026-07-30,12:06:45.377,0.06,2.61,0.02,0.74,2.90,5.31,1.24,0.72,0.58,0.0012,0.0003,0.58,0.07,70,4474.53,1712.04,3877.82,2.61,21.78,0.06,0.48,2.97,13.85,0.00,48.33,34.86,100.00,0.00,0.00,0.00,9.85,3.68,0.00,
2026-07-30,12:06:46.380,0.05,2.32,0.02,0.44,1.70,11.80,1.02,0.69,0.85,0.0031,0.0003,1.64,1.15,66,3814.35,1643.72,3880.97,2.32,19.34,0.05,0.41,4.85,15.12,0.00,48.37,31.66,100.00,0.00,0.00,0.00,10.22,3.18,0.75,
2026-07-30,12:06:47.379,0.21,2.69,0.08,0.60,2.32,34.59,3.70,0.65,0.78,0.0021,0.0002,4.57,3.75,70,16155.46,6010.97,3880.27,2.69,22.40,0.21,1.74,13.01,25.12,0.00,42.60,19.27,100.00,0.00,0.00,0.00,22.28,12.78,2.64,
2026-07-30,12:06:48.380,0.01,1.47,0.01,0.34,1.33,2.55,0.41,0.83,0.76,0.0041,0.0007,0.38,0.04,58,622.35,424.38,3878.90,1.47,12.22,0.01,0.07,1.61,2.34,0.00,59.61,36.43,100.00,0.00,0.00,0.00,6.52,0.47,0.00,
2026-07-30,12:06:49.379,0.05,2.90,0.02,0.74,2.89,1.63,1.17,0.89,0.35,0.0004,0.0003,0.34,0.02,70,4046.19,1392.88,3878.32,2.90,24.21,0.05,0.43,2.43,5.51,0.00,56.49,35.57,100.00,0.00,0.00,0.00,9.32,3.21,0.00,
2026-07-30,12:06:50.379,0.19,2.57,0.07,0.63,2.44,37.90,3.76,0.64,0.68,0.0025,0.0003,5.40,4.56,68,14923.97,5808.12,3879.99,2.57,21.41,0.19,1.60,11.96,21.15,0.00,49.37,17.51,100.00,0.00,0.00,0.00,23.52,13.18,3.37,
2026-07-30,12:06:51.380,0.01,1.26,0.00,0.30,1.17,2.25,0.40,0.85,0.62,0.0053,0.0010,0.40,0.08,71,422.41,334.02,3882.42,1.26,10.54,0.01,0.05,1.43,2.29,0.00,59.68,36.60,100.00,0.00,0.00,0.00,6.56,0.48,0.04,
2026-07-30,12:06:52.380,0.05,2.68,0.02,0.71,2.78,2.33,1.11,0.85,0.79,0.0006,0.0003,0.37,0.03,70,3941.48,1468.02,3878.71,2.68,22.37,0.05,0.42,2.65,4.18,0.00,56.75,36.42,100.00,0.00,0.00,0.00,9.12,3.03,0.00,
2026-07-30,12:06:53.381,0.11,2.59,0.04,0.66,2.58,21.03,2.33,0.67,0.73,0.0026,0.0003,3.41,2.85,67,8194.72,3166.21,3881.54,2.59,21.57,0.11,0.88,6.16,12.53,0.00,56.12,25.20,100.00,0.00,0.00,0.00,16.50,7.70,2.15,
2026-07-30,12:06:54.382,0.03,2.18,0.01,0.47,1.83,13.45,0.89,0.66,0.68,0.0056,0.0004,2.18,1.80,70,2407.81,1103.56,3878.28,2.18,18.18,0.03,0.26,3.04,13.01,0.00,52.45,31.51,100.00,0.00,0.00,0.00,10.63,2.85,1.37,
2026-07-30,12:06:55.381,0.06,2.64,0.02,0.78,3.05,4.61,1.26,0.74,0.83,0.0009,0.0003,0.52,0.05,70,4985.85,1890.95,3876.95,2.64,21.97,0.06,0.54,3.12,14.44,0.00,46.55,35.90,100.00,0.00,0.00,0.00,10.09,3.92,0.00,
2026-07-30,12:06:56.380,0.08,2.68,0.03,0.72,2.81,9.05,1.61,0.72,0.77,0.0015,0.0003,1.47,1.08,69,5852.49,2187.26,3877.24,2.68,22.30,0.08,0.63,3.92,9.88,0.00,52.90,33.30,100.00,0.00,0.00,0.00,12.11,5.01,0.82,
2026-07-30,12:06:57.381,0.07,2.36,0.03,0.55,2.16,28.21,1.57,0.61,0.74,0.0050,0.0003,4.20,3.59,70,5649.33,2395.76,3880.91,2.36,19.65,0.07,0.61,5.58,23.12,0.00,45.07,26.22,100.00,0.00,0.00,0.00,16.10,6.56,2.75,
2026-07-30,12:06:58.382,0.06,2.87,0.02,0.79,3.07,1.84,1.26,0.86,0.78,0.0004,0.0003,0.34,0.02,70,4615.52,1606.12,3881.21,2.87,23.95,0.06,0.50,2.63,4.08,0.00,56.51,36.78,100.00,0.00,0.00,0.00,9.54,3.47,0.00,
2026-07-30,12:06:59.383,0.00,1.28,0.00,0.28,1.09,1.06,0.23,0.90,0.71,0.0034,0.0007,0.29,0.01,71,313.50,245.45,3881.77,1.28,10.64,0.00,0.03,1.13,2.44,0.00,58.37,38.07,100.00,0.00,0.00,0.00,6.26,0.26,0.00,
2026-07-30,12:07:00.384,0.14,2.66,0.05,0.68,2.64,31.05,2.69,0.63,0.77,0.0029,0.0003,4.93,4.42,69,10681.79,4011.37,3882.79,2.66,22.19,0.14,1.15,7.64,20.25,0.00,48.01,24.10,100.00,0.00,0.00,0.00,21.34,10.62,3.76,
2026-07-30,12:07:01.384,0.07,2.91,0.02,0.80,3.12,2.61,1.39,0.82,0.45,0.0005,0.0003,0.42,0.07,70,5177.84,1780.29,3879.60,2.91,24.24,0.07,0.56,2.86,10.97,0.00,50.36,35.80,100.00,0.00,0.00,0.00,10.39,4.21,0.04,
2026-07-30,12:07:02.385,0.00,1.36,0.00,0.29,1.13,1.62,0.25,0.85,0.74,0.0042,0.0007,0.34,0.02,71,384.84,282.69,3881.44,1.36,11.34,0.00,0.04,1.26,6.37,0.00,54.50,37.87,100.00,0.00,0.00,0.00,6.44,0.38,0.00,
2026-07-30,12:07:03.390,0.12,2.80,0.04,0.69,2.71,21.95,2.42,0.65,0.61,0.0023,0.0003,3.39,2.91,69,9465.36,3375.47,3881.16,2.80,23.37,0.12,1.02,6.26,13.48,0.00,51.67,28.60,100.00,0.00,0.00,0.00,17.68,8.71,2.37,
2026-07-30,12:07:04.385,0.11,2.87,0.04,0.75,2.91,15.05,2.16,0.67,0.56,0.0017,0.0002,2.24,1.74,69,8668.97,3021.46,3878.01,2.87,23.91,0.11,0.93,5.22,13.56,0.00,50.96,30.26,100.00,0.00,0.00,0.00,15.98,8.10,1.42,
2026-07-30,12:07:05.387,0.00,1.27,0.00,0.27,1.07,1.23,0.24,0.89,0.73,0.0038,0.0007,0.29,0.01,71,326.72,257.41,3885.30,1.27,10.58,0.00,0.04,1.21,2.30,0.00,58.89,37.60,100.00,0.00,0.00,0.00,6.28,0.28,0.00,
2026-07-30,12:07:06.388,0.10,2.86,0.03,0.74,2.90,10.37,1.94,0.70,0.50,0.0014,0.0003,1.63,1.21,60,7483.58,2614.66,3881.03,2.86,23.85,0.10,0.80,4.54,4.60,0.00,57.48,33.38,100.00,0.00,0.00,0.00,13.54,6.39,0.90,
2026-07-30,12:07:07.388,0.06,2.39,0.03,0.51,1.98,24.90,1.33,0.63,0.75,0.0052,0.0003,3.89,3.38,70,4769.01,1998.74,3879.36,2.39,19.88,0.06,0.51,5.07,18.69,0.00,46.54,29.70,100.00,0.00,0.00,0.00,14.92,5.34,2.87,
2026-07-30,12:07:08.388,0.07,2.92,0.03,0.73,2.84,2.16,1.53,0.86,0.74,0.0004,0.0003,0.37,0.02,71,5666.62,1940.80,3879.52,2.92,24.33,0.07,0.61,3.43,2.65,0.00,58.30,35.61,100.00,0.00,0.00,0.00,10.23,4.17,0.00,
2026-07-30,12:07:09.388,0.08,3.00,0.03,0.86,3.36,1.79,1.60,0.88,0.34,0.0003,0.0003,0.34,0.01,70,6045.91,2017.17,3878.00,3.00,24.98,0.08,0.65,3.02,4.01,0.00,56.85,36.12,100.00,0.00,0.00,0.00,10.95,4.86,0.00,
2026-07-30,12:07:10.389,0.09,2.42,0.04,0.54,2.11,33.69,1.83,0.63,0.76,0.0047,0.0003,5.18,4.54,70,7149.56,2951.18,3880.62,2.42,20.19,0.09,0.77,7.02,16.89,0.00,49.85,26.24,100.00,0.00,0.00,0.00,18.22,7.76,3.57,
2026-07-30,12:07:11.390,0.09,2.84,0.03,0.73,2.86,4.58,1.83,0.77,0.59,0.0007,0.0003,0.51,0.08,71,6820.52,2398.20,3883.06,2.84,23.70,0.09,0.73,4.22,13.01,0.00,48.06,34.71,100.00,0.00,0.00,0.00,11.69,5.54,0.01,
2026-07-30,12:07:12.390,0.08,3.00,0.03,0.88,3.42,1.78,1.61,0.88,0.33,0.0003,0.0003,0.34,0.01,69,6024.86,2007.81,3878.16,3.00,25.01,0.08,0.65,2.95,4.15,0.00,56.70,36.19,100.00,0.00,0.00,0.00,10.94,4.89,0.00,
2026-07-30,12:07:13.393,0.07,2.39,0.03,0.49,1.92,22.90,1.40,0.65,0.74,0.0043,0.0003,3.51,2.96,67,5270.76,2200.92,3880.80,2.39,19.96,0.07,0.57,5.76,12.95,0.00,54.25,27.03,100.00,0.00,0.00,0.00,14.31,5.52,2.19,
2026-07-30,12:07:14.392,0.11,2.86,0.04,0.72,2.80,12.99,2.27,0.69,0.51,0.0016,0.0003,2.02,1.59,70,8320.10,2905.41,3881.90,2.86,23.86,0.11,0.89,5.21,10.73,0.00,53.64,30.41,100.00,0.00,0.00,0.00,15.04,7.45,1.22,
2026-07-30,12:07:15.391,0.00,1.26,0.00,0.28,1.10,1.16,0.21,0.89,0.74,0.0037,0.0007,0.29,0.01,71,314.32,248.85,3877.68,1.26,10.53,0.00,0.03,1.14,2.75,0.00,57.72,38.39,100.00,0.00,0.00,0.00,6.29,0.28,0.00,
2026-07-30,12:07:16.393,0.12,2.76,0.04,0.67,2.62,13.67,2.23,0.69,0.59,0.0015,0.0002,1.87,1.27,67,9022.53,3274.10,3877.14,2.76,22.96,0.12,0.97,6.27,8.05,0.00,55.95,29.72,100.00,0.00,0.00,0.00,14.74,7.48,0.93,
2026-07-30,12:07:17.393,0.13,2.54,0.05,0.63,2.45,27.72,2.85,0.65,0.83,0.0028,0.0003,4.05,3.39,70,9734.85,3825.82,3883.38,2.54,21.20,0.13,1.04,7.85,19.37,0.00,53.18,19.60,100.00,0.00,0.00,0.00,18.96,9.28,2.91,
2026-07-30,12:07:18.393,0.00,1.22,0.00,0.27,1.05,1.69,0.29,0.86,0.70,0.0049,0.0008,0.33,0.02,71,346.95,284.55,3880.08,1.22,10.16,0.00,0.04,1.36,5.86,0.00,55.23,37.54,100.00,0.00,0.00,0.00,6.42,0.34,0.00,
2026-07-30,12:07:19.393,0.06,2.70,0.02,0.78,3.02,1.86,1.11,0.86,0.86,0.0004,0.0003,0.34,0.01,71,4352.48,1610.16,3877.76,2.70,22.53,0.06,0.47,2.68,2.44,0.00,58.26,36.62,100.00,0.00,0.00,0.00,9.20,3.16,0.00,
2026-07-30,12:07:20.392,0.26,2.76,0.10,0.58,2.26,42.13,4.27,0.64,0.77,0.0021,0.0002,5.77,4.81,68,20416.63,7405.77,3877.14,2.76,22.97,0.26,2.19,16.50,19.90,0.00,48.63,14.97,100.00,0.00,0.00,0.00,25.93,15.50,3.48,
2026-07-30,12:07:21.393,0.01,1.64,0.00,0.28,1.11,1.66,0.26,0.86,0.75,0.0030,0.0005,0.34,0.04,71,550.44,335.53,3881.48,1.64,13.67,0.01,0.06,1.52,3.82,0.00,57.77,36.89,100.00,0.00,0.00,0.00,6.48,0.41,0.02,
2026-07-30,12:07:22.394,0.07,2.90,0.02,0.85,3.33,1.71,1.34,0.86,0.76,0.0003,0.0003,0.33,0.01,70,5210.13,1797.60,3881.80,2.90,24.15,0.07,0.56,2.72,4.31,0.00,56.06,36.92,100.00,0.00,0.00,0.00,10.03,3.96,0.00,
2026-07-30,12:07:23.394,0.11,2.57,0.04,0.52,2.04,24.57,1.98,0.66,0.68,0.0030,0.0002,3.66,3.04,66,8167.97,3178.09,3880.54,2.57,21.42,0.11,0.88,7.83,12.88,0.00,55.29,24.00,100.00,0.00,0.00,0.00,15.98,7.16,2.21,
2026-07-30,12:07:24.394,0.09,2.67,0.03,0.73,2.83,13.46,2.02,0.69,0.81,0.0019,0.0003,2.06,1.60,71,7163.60,2680.16,3877.48,2.67,22.27,0.09,0.77,4.76,12.00,0.00,53.84,29.40,100.00,0.00,0.00,0.00,13.72,6.14,1.21,
2026-07-30,12:07:25.394,0.08,2.95,0.03,0.79,3.07,2.65,1.70,0.84,0.44,0.0004,0.0003,0.39,0.03,70,6142.16,2081.86,3877.74,2.95,24.59,0.08,0.66,3.41,5.21,0.00,55.41,35.97,100.00,0.00,0.00,0.00,10.94,4.84,0.00,
2026-07-30,12:07:26.395,0.03,2.17,0.01,0.45,1.75,9.70,0.74,0.70,0.70,0.0047,0.0004,1.61,1.24,69,2059.19,948.41,3881.54,2.17,18.09,0.03,0.22,2.72,7.57,0.00,55.96,33.76,100.00,0.00,0.00,0.00,9.42,2.19,0.95,
2026-07-30,12:07:27.396,0.13,2.66,0.05,0.70,2.73,25.54,2.79,0.65,0.71,0.0026,0.0003,3.91,3.32,70,9759.12,3668.95,3881.57,2.66,22.17,0.13,1.05,6.76,18.61,0.00,48.06,26.57,100.00,0.00,0.00,0.00,18.63,9.35,2.57,
2026-07-30,12:07:28.396,0.07,2.94,0.02,0.85,3.31,1.76,1.39,0.87,0.35,0.0003,0.0003,0.34,0.01,69,5434.14,1846.22,3878.12,2.94,24.53,0.07,0.58,2.80,6.28,0.00,54.54,36.38,100.00,0.00,0.00,0.00,10.43,4.32,0.00,
2026-07-30,12:07:29.397,0.00,1.30,0.00,0.28,1.10,1.09,0.18,0.88,0.78,0.0036,0.0006,0.29,0.01,70,304.27,234.55,3880.86,1.30,10.81,0.00,0.03,1.07,3.60,0.00,57.05,38.28,100.00,0.00,0.00,0.00,6.30,0.27,0.00,
2026-07-30,12:07:30.397,0.15,2.68,0.06,0.69,2.69,33.94,3.33,0.64,0.60,0.0028,0.0003,5.21,4.53,70,11956.56,4461.64,3879.73,2.68,22.33,0.15,1.28,8.33,19.08,0.00,51.70,20.89,100.00,0.00,0.00,0.00,22.22,11.84,3.46,
2026-07-30,12:07:31.396,0.00,1.29,0.00,0.28,1.10,1.41,0.19,0.85,0.79,0.0044,0.0006,0.32,0.03,70,319.92,247.51,3876.07,1.29,10.77,0.00,0.03,1.13,8.69,0.00,51.83,38.35,100.00,0.00,0.00,0.00,6.36,0.26,0.01,
2026-07-30,12:07:32.396,0.07,2.99,0.03,0.87,3.38,1.72,1.44,0.87,0.38,0.0003,0.0002,0.33,0.01,70,5803.12,1942.70,3877.77,2.99,24.89,0.07,0.62,2.89,1.89,0.00,58.24,36.98,100.00,0.00,0.00,0.00,10.57,4.53,0.00,
2026-07-30,12:07:33.397,0.13,2.76,0.05,0.70,2.74,23.18,2.69,0.66,0.63,0.0023,0.0003,3.52,2.95,67,10038.76,3640.88,3881.64,2.76,22.98,0.13,1.08,6.67,13.82,0.00,52.64,26.87,100.00,0.00,0.00,0.00,18.20,9.16,2.44,
2026-07-30,12:07:34.398,0.03,2.23,0.01,0.48,1.86,12.36,0.80,0.66,0.73,0.0051,0.0003,1.97,1.58,70,2405.16,1077.30,3881.58,2.23,18.60,0.03,0.26,2.91,13.33,0.00,50.89,32.87,100.00,0.00,0.00,0.00,10.35,2.73,1.24,
2026-07-30,12:07:35.397,0.07,2.92,0.02,0.83,3.25,1.84,1.43,0.86,0.75,0.0003,0.0003,0.34,0.01,71,5517.45,1886.57,3877.71,2.92,24.37,0.07,0.59,2.92,3.11,0.00,57.21,36.77,100.00,0.00,0.00,0.00,10.23,4.19,0.00,
2026-07-30,12:07:36.400,0.09,2.81,0.03,0.74,2.88,10.66,1.78,0.69,0.56,0.0015,0.0003,1.67,1.25,68,7040.43,2505.50,3877.66,2.81,23.42,0.09,0.76,4.37,5.83,0.00,55.93,33.88,100.00,0.00,0.00,0.00,13.09,5.87,0.98,
2026-07-30,12:07:37.398,0.06,2.37,0.03,0.50,1.97,22.77,1.27,0.64,0.77,0.0049,0.0003,3.69,3.25,70,4626.26,1955.45,3880.97,2.37,19.72,0.06,0.50,5.00,20.13,0.00,46.77,28.11,100.00,0.00,0.00,0.00,14.65,5.37,2.58,
2026-07-30,12:07:38.398,0.07,3.00,0.02,0.87,3.39,1.79,1.46,0.87,0.34,0.0003,0.0003,0.34,0.02,70,5758.65,1922.36,3879.73,3.00,24.96,0.07,0.62,2.85,3.18,0.00,57.72,36.25,100.00,0.00,0.00,0.00,10.65,4.60,0.00,
2026-07-30,12:07:39.398,0.00,1.30,0.00,0.28,1.10,0.96,0.23,0.90,0.70,0.0031,0.0007,0.28,0.01,71,308.23,236.98,3879.28,1.30,10.84,0.00,0.03,1.08,2.35,0.00,58.72,37.85,100.00,0.00,0.00,0.00,6.25,0.25,0.00,
2026-07-30,12:07:40.398,0.15,2.72,0.06,0.67,2.61,31.67,2.88,0.64,0.66,0.0027,0.0002,5.06,4.50,69,11663.56,4289.19,3877.55,2.72,22.66,0.15,1.25,8.25,19.36,0.00,49.69,22.70,100.00,0.00,0.00,0.00,21.84,11.59,3.32,
2026-07-30,12:07:41.399,0.09,2.83,0.03,0.78,3.03,4.95,1.80,0.77,0.75,0.0007,0.0003,0.53,0.09,68,6794.60,2399.80,3881.86,2.83,23.59,0.09,0.73,3.97,15.43,0.00,46.85,33.75,100.00,0.00,0.00,0.00,11.68,5.47,0.01,
2026-07-30,12:07:42.400,0.00,1.38,0.00,0.21,0.83,1.18,0.27,0.89,0.70,0.0034,0.0008,0.29,0.01,70,350.80,253.37,3880.10,1.38,11.54,0.00,0.04,1.54,3.37,0.00,57.65,37.44,100.00,0.00,0.00,0.00,6.07,0.05,0.00,
2026-07-30,12:07:43.406,0.14,2.79,0.05,0.66,2.59,23.17,2.70,0.66,0.62,0.0021,0.0002,3.58,3.02,58,11011.83,3946.80,3878.95,2.79,23.25,0.14,1.18,7.66,15.86,0.00,50.40,26.09,100.00,0.00,0.00,0.00,19.00,10.19,2.17,
2026-07-30,12:07:44.400,0.12,2.73,0.04,0.74,2.87,15.47,2.31,0.66,0.61,0.0017,0.0003,2.29,1.66,69,9221.75,3379.67,3878.43,2.73,22.74,0.12,0.99,5.92,12.89,0.00,51.98,29.21,100.00,0.00,0.00,0.00,15.79,8.15,1.18,
2026-07-30,12:07:45.402,0.00,1.31,0.00,0.30,1.15,1.89,0.20,0.83,0.80,0.0049,0.0005,0.34,0.02,71,385.47,293.64,3881.46,1.31,10.94,0.00,0.04,1.28,5.66,0.00,54.69,38.36,100.00,0.00,0.00,0.00,6.41,0.31,0.00,
2026-07-30,12:07:46.405,0.12,2.77,0.04,0.72,2.82,13.21,2.41,0.69,0.72,0.0014,0.0003,1.92,1.37,57,9262.71,3339.92,3876.62,2.77,23.11,0.12,1.00,5.97,10.50,0.00,51.99,31.55,100.00,0.00,0.00,0.00,15.08,7.79,0.95,
2026-07-30,12:07:47.400,0.06,2.15,0.03,0.50,1.97,26.26,1.75,0.64,0.71,0.0054,0.0004,4.05,3.36,70,4829.71,2246.44,3879.16,2.15,17.92,0.06,0.52,5.75,20.94,0.00,49.41,23.90,100.00,0.00,0.00,0.00,15.14,5.95,2.44,
2026-07-30,12:07:48.401,0.08,2.88,0.03,0.77,3.00,2.85,1.56,0.83,0.73,0.0005,0.0003,0.40,0.04,70,5948.42,2065.83,3881.43,2.88,24.00,0.08,0.64,3.46,2.97,0.00,56.88,36.69,100.00,0.00,0.00,0.00,10.44,4.35,0.00,
2026-07-30,12:07:49.401,0.08,2.71,0.03,0.76,2.96,5.99,1.78,0.73,0.75,0.0009,0.0003,0.63,0.07,70,6493.57,2394.84,3877.69,2.71,22.60,0.08,0.70,4.07,6.04,0.00,54.78,35.11,100.00,0.00,0.00,0.00,11.10,4.94,0.00,
2026-07-30,12:07:50.401,0.09,2.32,0.04,0.54,2.12,35.35,2.16,0.63,0.70,0.0048,0.0003,5.44,4.70,69,7335.58,3159.68,3877.41,2.32,19.35,0.09,0.79,7.51,19.12,0.00,52.26,21.12,100.00,0.00,0.00,0.00,18.91,8.57,3.43,
2026-07-30,12:07:51.402,0.08,3.01,0.03,0.82,3.20,2.41,1.71,0.84,0.35,0.0004,0.0003,0.38,0.03,70,6487.93,2158.92,3882.36,3.01,25.04,0.08,0.70,3.39,4.35,0.00,56.51,35.75,100.00,0.00,0.00,0.00,11.22,5.15,0.01,
2026-07-30,12:07:52.401,0.08,2.99,0.03,0.85,3.33,1.86,1.63,0.88,0.34,0.0003,0.0003,0.34,0.02,69,6114.69,2045.93,3877.88,2.99,24.91,0.08,0.66,3.09,1.88,0.00,58.75,36.27,100.00,0.00,0.00,0.00,10.83,4.81,0.00,
2026-07-30,12:07:53.405,0.08,2.33,0.03,0.50,1.96,25.38,1.70,0.65,0.71,0.0042,0.0003,3.78,3.16,67,5979.69,2561.34,3877.40,2.33,19.45,0.08,0.64,6.56,13.12,0.00,53.51,26.82,100.00,0.00,0.00,0.00,15.12,6.26,2.22,
2026-07-30,12:07:54.402,0.10,2.72,0.04,0.69,2.70,14.79,2.12,0.68,0.75,0.0019,0.0003,2.14,1.63,70,7788.63,2864.60,3881.07,2.72,22.66,0.10,0.84,5.33,9.40,0.00,54.31,30.96,100.00,0.00,0.00,0.00,14.32,6.73,1.19,
2026-07-30,12:07:55.403,0.01,1.55,0.00,0.34,1.32,2.07,0.24,0.84,0.86,0.0035,0.0004,0.34,0.03,71,591.56,382.55,3882.13,1.55,12.89,0.01,0.06,1.46,5.26,0.00,55.46,37.82,100.00,0.00,0.00,0.00,6.56,0.48,0.00,
2026-07-30,12:07:56.405,0.18,2.27,0.08,0.85,3.32,39.94,5.51,0.59,0.78,0.0028,0.0004,3.64,1.97,67,14293.80,6302.35,3877.23,2.27,18.90,0.18,1.54,9.55,9.95,0.00,50.32,30.18,100.00,0.00,0.00,0.00,20.67,13.08,0.95,
2026-07-30,12:07:57.402,0.16,2.60,0.06,0.71,2.76,30.63,3.22,0.63,0.75,0.0025,0.0003,4.25,3.45,65,12464.18,4801.07,3878.50,2.60,21.63,0.16,1.34,8.74,20.48,0.00,46.98,23.80,100.00,0.00,0.00,0.00,21.32,12.00,2.47,
2026-07-30,12:07:58.403,0.01,1.75,0.01,0.39,1.53,3.06,0.39,0.82,0.86,0.0029,0.0004,0.42,0.05,70,1041.32,595.66,3881.16,1.75,14.57,0.01,0.11,1.95,3.84,0.00,57.49,36.72,100.00,0.00,0.00,0.00,7.12,1.02,0.00,
2026-07-30,12:07:59.404,0.07,2.90,0.02,0.83,3.24,1.97,1.53,0.87,0.72,0.0004,0.0003,0.34,0.01,70,5622.72,1936.55,3881.45,2.90,24.20,0.07,0.60,3.00,1.70,0.00,58.76,36.54,100.00,0.00,0.00,0.00,10.19,4.18,0.00,
2026-07-30,12:08:00.404,0.16,2.59,0.06,0.65,2.53,35.37,3.70,0.66,0.69,0.0028,0.0003,5.46,4.69,66,12696.00,4909.16,3878.61,2.59,21.55,0.16,1.36,9.75,15.74,0.00,59.41,15.10,100.00,0.00,0.00,0.00,22.83,12.48,3.43,
2026-07-30,12:08:01.405,0.01,1.68,0.00,0.26,1.00,1.57,0.28,0.86,0.70,0.0029,0.0005,0.32,0.03,71,543.88,324.64,3881.25,1.68,13.96,0.01,0.06,1.63,5.84,0.00,55.03,37.50,100.00,0.00,0.00,0.00,6.45,0.35,0.01,
2026-07-30,12:08:02.405,0.07,2.92,0.02,0.83,3.23,1.93,1.48,0.87,0.69,0.0004,0.0003,0.34,0.01,70,5443.84,1862.78,3880.35,2.92,24.35,0.07,0.58,2.90,2.22,0.00,58.01,36.88,100.00,0.00,0.00,0.00,10.21,4.17,0.00,
2026-07-30,12:08:03.406,0.07,2.36,0.03,0.53,2.05,23.74,1.64,0.65,0.69,0.0042,0.0003,3.66,3.13,69,5593.87,2370.89,3881.66,2.36,19.66,0.07,0.60,5.80,15.43,0.00,52.55,26.22,100.00,0.00,0.00,0.00,15.15,6.17,2.34,
2026-07-30,12:08:04.406,0.10,2.73,0.04,0.69,2.69,13.14,2.17,0.70,0.68,0.0017,0.0003,1.99,1.52,70,7516.94,2757.56,3877.67,2.73,22.72,0.10,0.81,5.16,9.53,0.00,55.98,29.33,100.00,0.00,0.00,0.00,14.04,6.53,1.12,
2026-07-30,12:08:05.406,0.08,3.00,0.03,0.86,3.34,2.03,1.71,0.87,0.31,0.0003,0.0003,0.35,0.01,70,6186.38,2064.48,3877.26,3.00,24.97,0.08,0.66,3.10,3.67,0.00,57.45,35.78,100.00,0.00,0.00,0.00,10.94,4.86,0.00,
2026-07-30,12:08:06.406,0.06,2.55,0.02,0.49,1.90,12.94,1.03,0.68,0.76,0.0026,0.0002,1.89,1.45,67,4886.34,1917.37,3878.97,2.55,21.24,0.06,0.52,5.07,8.17,0.00,54.66,32.10,100.00,0.00,0.00,0.00,11.14,3.83,1.00,
2026-07-30,12:08:07.406,0.22,2.80,0.08,0.62,2.42,30.73,3.91,0.65,0.72,0.0018,0.0002,4.22,3.49,69,17388.64,6215.14,3878.30,2.80,23.31,0.22,1.87,12.89,21.56,0.00,44.46,21.09,100.00,0.00,0.00,0.00,23.10,13.90,2.46,
2026-07-30,12:08:08.408,0.07,2.93,0.02,0.83,3.25,2.02,1.51,0.87,0.33,0.0004,0.0003,0.36,0.02,49,5427.67,1851.96,3886.76,2.93,24.42,0.07,0.58,2.86,3.68,0.00,57.49,35.97,100.00,0.00,0.00,0.00,10.33,4.25,0.00,
2026-07-30,12:08:09.408,0.01,2.03,0.01,0.39,1.54,1.33,0.38,0.88,0.60,0.0016,0.0005,0.31,0.01,70,837.29,412.40,3879.01,2.03,16.92,0.01,0.09,1.35,3.48,0.00,57.72,37.45,100.00,0.00,0.00,0.00,6.79,0.75,0.00,
2026-07-30,12:08:10.409,0.19,2.68,0.07,0.65,2.52,35.93,3.82,0.65,0.62,0.0024,0.0003,5.40,4.62,69,14750.38,5498.25,3881.52,2.68,22.36,0.19,1.58,10.98,17.80,0.00,53.88,17.35,100.00,0.00,0.00,0.00,24.18,13.73,3.51,
2026-07-30,12:08:11.409,0.02,1.84,0.01,0.40,1.57,6.25,0.47,0.72,0.87,0.0041,0.0003,0.61,0.12,71,1506.24,818.87,3877.78,1.84,15.33,0.02,0.16,2.62,14.94,0.00,47.93,34.51,100.00,0.00,0.00,0.00,7.50,1.27,0.01,
2026-07-30,12:08:12.408,0.11,2.54,0.04,0.87,3.40,14.78,2.92,0.67,0.73,0.0017,0.0003,1.25,0.40,70,8674.49,3412.80,3877.65,2.54,21.18,0.11,0.93,5.05,5.33,0.00,54.61,35.01,100.00,0.00,0.00,0.00,13.84,7.58,0.00,
2026-07-30,12:08:13.411,0.12,2.57,0.05,0.64,2.49,25.78,2.45,0.65,0.69,0.0028,0.0003,3.83,3.15,61,9226.13,3589.18,3880.51,2.57,21.42,0.12,0.99,7.24,12.36,0.00,53.93,26.47,100.00,0.00,0.00,0.00,17.88,8.91,2.29,
2026-07-30,12:08:14.410,0.03,2.05,0.01,0.47,1.82,12.60,0.92,0.68,0.73,0.0055,0.0004,1.99,1.55,71,2311.47,1128.77,3881.63,2.05,17.06,0.03,0.25,3.11,14.93,0.00,50.05,31.91,100.00,0.00,0.00,0.00,10.38,2.82,1.14,
2026-07-30,12:08:15.411,0.08,3.00,0.03,0.83,3.23,2.42,1.66,0.85,0.32,0.0004,0.0003,0.37,0.02,71,6064.44,2023.68,3881.40,3.00,24.97,0.08,0.65,3.15,2.44,0.00,58.76,35.65,100.00,0.00,0.00,0.00,10.79,4.74,0.00,
2026-07-30,12:08:16.411,0.10,2.35,0.04,0.68,2.66,18.78,2.11,0.62,0.85,0.0025,0.0003,2.26,1.49,51,7442.91,3162.50,3879.33,2.35,19.61,0.10,0.80,5.99,14.73,0.00,48.72,30.57,100.00,0.00,0.00,0.00,14.03,6.65,1.04,
2026-07-30,12:08:17.411,0.10,2.15,0.04,0.61,2.39,33.52,2.26,0.61,0.86,0.0045,0.0003,4.39,3.47,68,7384.52,3435.59,3878.92,2.15,17.91,0.10,0.79,7.21,26.41,0.00,44.72,21.65,100.00,0.00,0.00,0.00,17.59,8.37,2.43,
2026-07-30,12:08:18.412,0.07,2.91,0.02,0.81,3.17,2.11,1.51,0.86,0.74,0.0004,0.0003,0.36,0.02,70,5522.99,1899.69,3877.98,2.91,24.23,0.07,0.59,3.02,5.37,0.00,55.00,36.62,100.00,0.00,0.00,0.00,10.20,4.12,0.00,
2026-07-30,12:08:19.412,0.01,1.37,0.00,0.30,1.15,1.90,0.26,0.85,0.79,0.0043,0.0006,0.35,0.03,70,439.57,320.86,3880.82,1.37,11.42,0.01,0.05,1.40,5.02,0.00,55.90,37.68,100.00,0.00,0.00,0.00,6.46,0.35,0.00,
2026-07-30,12:08:20.411,0.15,2.56,0.06,0.76,2.96,34.34,3.31,0.62,0.60,0.0029,0.0003,5.25,4.60,70,11652.62,4558.55,3877.38,2.56,21.30,0.15,1.25,7.73,19.74,0.00,49.99,22.54,100.00,0.00,0.00,0.00,22.99,12.56,3.48,
2026-07-30,12:08:21.411,0.07,2.91,0.02,0.80,3.14,2.05,1.43,0.86,0.58,0.0004,0.0003,0.36,0.02,70,5327.97,1830.50,3877.60,2.91,24.26,0.07,0.57,2.93,5.03,0.00,56.19,35.85,100.00,0.00,0.00,0.00,10.20,4.10,0.01,
2026-07-30,12:08:22.412,0.01,1.38,0.00,0.32,1.26,1.82,0.24,0.83,0.85,0.0038,0.0005,0.34,0.02,70,476.99,346.13,3879.55,1.38,11.48,0.01,0.05,1.38,6.20,0.00,54.41,38.00,100.00,0.00,0.00,0.00,6.54,0.49,0.00,
2026-07-30,12:08:23.415,0.12,2.63,0.05,0.70,2.73,24.57,2.66,0.65,0.72,0.0026,0.0003,3.72,3.15,63,9339.64,3553.07,3879.23,2.63,21.91,0.12,1.00,6.53,16.21,0.00,51.51,25.75,100.00,0.00,0.00,0.00,18.08,9.03,2.37,
2026-07-30,12:08:24.414,0.07,2.62,0.03,0.66,2.59,12.39,1.62,0.68,0.73,0.0023,0.0003,1.90,1.48,51,5430.51,2075.43,3883.49,2.62,21.80,0.07,0.58,4.03,11.78,0.00,53.45,30.75,100.00,0.00,0.00,0.00,12.56,5.08,1.14,
2026-07-30,12:08:25.413,0.03,2.44,0.01,0.46,1.81,1.67,0.61,0.88,0.81,0.0008,0.0003,0.33,0.02,71,2098.54,859.93,3877.56,2.44,20.34,0.03,0.23,2.39,4.33,0.00,55.88,37.41,100.00,0.00,0.00,0.00,7.52,1.47,0.00,
2026-07-30,12:08:26.415,0.11,2.73,0.04,0.68,2.64,14.30,2.32,0.70,0.74,0.0016,0.0003,2.01,1.49,66,8831.52,3234.85,3880.18,2.73,22.75,0.11,0.95,6.15,8.96,0.00,54.53,30.36,100.00,0.00,0.00,0.00,14.52,7.17,1.03,
2026-07-30,12:08:27.413,0.07,2.26,0.03,0.52,2.03,26.31,1.64,0.64,0.78,0.0051,0.0003,3.84,3.25,70,5144.38,2280.21,3878.75,2.26,18.80,0.07,0.55,5.66,18.22,0.00,51.75,24.37,100.00,0.00,0.00,0.00,15.26,6.10,2.45,
2026-07-30,12:08:28.413,0.08,2.95,0.03,0.82,3.18,2.42,1.76,0.86,0.38,0.0004,0.0003,0.39,0.03,69,6340.57,2149.20,3877.98,2.95,24.58,0.08,0.68,3.40,4.67,0.00,56.24,35.69,100.00,0.00,0.00,0.00,11.05,4.93,0.00,
2026-07-30,12:08:29.414,0.13,2.25,0.06,0.80,3.12,20.51,3.53,0.62,0.85,0.0021,0.0004,1.49,0.28,69,9941.46,4422.13,3881.74,2.25,18.73,0.13,1.07,7.12,22.56,0.00,39.09,31.23,100.00,0.00,0.00,0.00,15.00,8.62,0.00,
2026-07-30,12:08:30.414,0.10,2.34,0.04,0.53,2.08,35.89,2.24,0.63,0.73,0.0048,0.0003,5.34,4.66,52,7423.50,3176.58,3877.70,2.34,19.47,0.10,0.80,7.68,27.01,0.00,43.77,21.53,100.00,0.00,0.00,0.00,18.96,8.54,3.45,
2026-07-30,12:08:31.414,0.08,3.00,0.03,0.78,3.05,2.28,1.71,0.85,0.34,0.0004,0.0003,0.37,0.03,70,6386.61,2131.45,3877.13,3.00,24.97,0.08,0.69,3.52,9.48,0.00,51.34,35.66,100.00,0.00,0.00,0.00,11.17,5.00,0.00,
2026-07-30,12:08:32.414,0.03,2.48,0.01,0.57,2.23,2.15,0.69,0.82,0.51,0.0011,0.0003,0.37,0.02,53,1991.37,802.78,3880.06,2.48,20.67,0.03,0.21,1.81,7.09,0.00,54.04,37.06,100.00,0.00,0.00,0.00,7.78,1.64,0.00,
2026-07-30,12:08:33.414,0.13,2.69,0.05,0.63,2.46,23.55,2.69,0.67,0.58,0.0024,0.0003,3.76,3.22,69,9928.07,3691.72,3876.63,2.69,22.41,0.13,1.07,7.56,15.86,0.00,52.41,24.18,100.00,0.00,0.00,0.00,18.61,9.58,2.32,
2026-07-30,12:08:34.413,0.11,2.80,0.04,0.73,2.84,12.04,2.33,0.71,0.44,0.0015,0.0003,1.95,1.50,70,8277.91,2961.09,3877.00,2.80,23.30,0.11,0.89,5.25,9.41,0.00,56.28,29.07,100.00,0.00,0.00,0.00,14.89,7.42,1.10,
2026-07-30,12:08:35.413,0.01,1.28,0.00,0.30,1.16,2.14,0.26,0.84,0.83,0.0046,0.0006,0.35,0.02,71,467.65,365.36,3878.03,1.28,10.67,0.01,0.05,1.58,6.24,0.00,54.57,37.62,100.00,0.00,0.00,0.00,6.45,0.38,0.00,
2026-07-30,12:08:36.414,0.16,2.97,0.05,0.73,2.83,15.53,2.69,0.71,0.64,0.0012,0.0002,2.13,1.57,63,12447.69,4188.65,3881.62,2.97,24.76,0.16,1.34,7.44,13.05,0.00,50.84,28.68,100.00,0.00,0.00,0.00,18.20,10.74,1.03,
2026-07-30,12:08:37.414,0.23,2.86,0.08,0.79,3.09,36.32,3.44,0.61,0.78,0.0020,0.0002,4.52,3.52,44,18210.74,6362.40,3878.94,2.86,23.85,0.23,1.96,10.36,20.09,0.00,46.48,23.08,100.00,0.00,0.00,0.00,25.92,16.68,2.39,
2026-07-30,12:08:38.415,0.08,1.79,0.04,0.79,3.08,22.28,3.61,0.71,0.75,0.0036,0.0006,1.80,0.27,70,6130.46,3431.76,3880.86,1.79,14.89,0.08,0.66,5.60,6.57,0.00,54.03,33.79,100.00,0.00,0.00,0.00,13.40,7.06,0.00,
2026-07-30,12:08:39.415,0.08,2.88,0.03,0.79,3.10,4.68,1.62,0.77,0.64,0.0007,0.0002,0.51,0.08,70,6576.38,2279.76,3881.22,2.88,24.04,0.08,0.71,3.70,5.10,0.00,55.10,36.11,100.00,0.00,0.00,0.00,11.25,5.09,0.00,
2026-07-30,12:08:40.417,0.20,2.69,0.08,0.49,1.89,39.91,3.47,0.65,0.67,0.0025,0.0002,5.70,4.80,57,15745.74,5844.91,3881.50,2.69,22.45,0.20,1.69,15.50,18.41,0.00,51.52,14.57,100.00,0.00,0.00,0.00,22.98,12.50,3.48,
2026-07-30,12:08:41.416,0.09,2.75,0.03,0.70,2.74,7.26,1.76,0.73,0.84,0.0011,0.0003,0.67,0.14,70,6730.76,2450.01,3879.40,2.75,22.89,0.09,0.72,4.49,10.88,0.00,50.70,33.93,100.00,0.00,0.00,0.00,11.47,5.25,0.00,
2026-07-30,12:08:42.417,0.11,3.11,0.04,0.90,3.50,3.39,1.74,0.83,0.61,0.0004,0.0002,0.45,0.06,48,8464.77,2717.83,3877.34,3.11,25.95,0.11,0.91,3.91,1.65,0.00,58.82,35.63,100.00,0.00,0.00,0.00,13.13,7.04,0.00,
2026-07-30,12:08:43.417,0.12,2.59,0.05,0.52,2.01,26.38,2.44,0.69,0.66,0.0027,0.0003,3.92,3.25,69,9668.50,3739.55,3880.68,2.59,21.55,0.12,1.04,9.33,12.32,0.00,57.18,21.17,100.00,0.00,0.00,0.00,17.52,8.38,2.41,
2026-07-30,12:08:44.417,0.10,2.70,0.04,0.73,2.87,13.95,2.27,0.68,0.70,0.0018,0.0003,2.00,1.47,70,7700.55,2854.57,3877.42,2.70,22.48,0.10,0.83,5.01,11.37,0.00,52.01,31.62,100.00,0.00,0.00,0.00,14.01,6.53,1.09,
2026-07-30,12:08:45.417,0.09,2.91,0.03,0.82,3.21,4.17,1.93,0.81,0.38,0.0006,0.0003,0.53,0.08,69,6681.15,2293.75,3879.63,2.91,24.27,0.09,0.72,3.59,2.97,0.00,58.54,34.90,100.00,0.00,0.00,0.00,11.59,5.49,0.00,
2026-07-30,12:08:46.418,0.03,1.90,0.02,0.45,1.77,13.81,1.09,0.68,0.84,0.0053,0.0004,2.02,1.49,68,2611.27,1375.88,3877.02,1.90,15.82,0.03,0.28,3.91,10.55,0.00,54.37,31.17,100.00,0.00,0.00,0.00,10.47,3.05,1.06,
2026-07-30,12:08:47.417,0.14,2.53,0.06,0.70,2.72,30.41,3.07,0.61,0.78,0.0027,0.0003,4.20,3.31,70,11088.91,4378.61,3879.58,2.53,21.10,0.14,1.19,8.08,22.35,0.00,47.76,21.81,100.00,0.00,0.00,0.00,19.72,10.40,2.56,
2026-07-30,12:08:48.417,0.00,1.29,0.00,0.27,1.07,1.50,0.30,0.87,0.67,0.0042,0.0009,0.31,0.01,70,356.80,276.03,3877.60,1.29,10.77,0.00,0.04,1.30,4.27,0.00,56.71,37.73,100.00,0.00,0.00,0.00,6.32,0.26,0.00,
2026-07-30,12:08:49.417,0.08,2.98,0.03,0.85,3.30,2.40,1.72,0.86,0.31,0.0004,0.0003,0.38,0.02,70,6097.60,2046.42,3880.15,2.98,24.83,0.08,0.65,3.12,3.60,0.00,57.33,35.95,100.00,0.00,0.00,0.00,10.85,4.77,0.00,
2026-07-30,12:08:50.417,0.15,2.65,0.06,0.69,2.70,34.79,3.38,0.63,0.72,0.0030,0.0003,5.25,4.61,69,11695.15,4421.04,3877.63,2.65,22.04,0.15,1.26,8.22,22.14,0.00,47.61,22.02,100.00,0.00,0.00,0.00,22.18,11.48,3.77,
2026-07-30,12:08:51.417,0.03,1.38,0.02,0.68,2.66,12.60,2.13,0.67,0.72,0.0056,0.0010,1.12,0.09,70,2238.55,1620.93,3876.86,1.38,11.51,0.03,0.24,3.06,5.33,0.00,55.14,36.47,100.00,0.00,0.00,0.00,8.62,2.44,0.00,
2026-07-30,12:08:52.417,0.12,2.41,0.05,0.88,3.43,15.95,3.48,0.65,0.69,0.0017,0.0004,1.30,0.14,70,9245.62,3840.18,3880.12,2.41,20.06,0.12,0.99,5.63,4.65,0.00,55.60,34.12,100.00,0.00,0.00,0.00,13.76,7.51,0.00,
2026-07-30,12:08:53.417,0.13,2.67,0.05,0.72,2.80,25.53,2.89,0.65,0.59,0.0024,0.0003,3.80,3.19,67,10448.53,3908.93,3877.01,2.67,22.27,0.13,1.12,7.03,13.78,0.00,53.80,25.39,100.00,0.00,0.00,0.00,19.05,9.87,2.53,
2026-07-30,12:08:54.420,0.03,2.10,0.01,0.46,1.78,12.91,0.82,0.67,0.77,0.0055,0.0003,1.90,1.47,70,2355.09,1122.13,3890.50,2.10,17.49,0.03,0.25,3.16,14.12,0.00,50.67,32.05,100.00,0.00,0.00,0.00,10.24,2.59,1.22,
2026-07-30,12:08:55.420,0.08,2.89,0.03,0.81,3.18,3.05,1.59,0.83,0.51,0.0005,0.0003,0.42,0.04,70,6182.26,2141.52,3879.16,2.89,24.06,0.08,0.66,3.39,4.54,0.00,56.14,35.94,100.00,0.00,0.00,0.00,10.93,4.80,0.00,
2026-07-30,12:08:56.421,0.03,2.19,0.01,0.45,1.76,12.46,0.84,0.68,0.73,0.0050,0.0003,1.91,1.48,60,2470.17,1125.52,3881.25,2.19,18.29,0.03,0.27,3.21,7.50,0.00,56.30,32.99,100.00,0.00,0.00,0.00,10.07,2.62,1.12,
2026-07-30,12:08:57.421,0.15,2.67,0.06,0.71,2.75,29.71,2.99,0.61,0.66,0.0026,0.0003,4.03,3.23,68,11628.19,4351.18,3880.52,2.67,22.27,0.15,1.25,7.94,21.20,0.00,46.27,24.58,100.00,0.00,0.00,0.00,19.98,10.56,2.70,
2026-07-30,12:08:58.421,0.08,2.92,0.03,0.81,3.15,3.30,1.78,0.83,0.45,0.0005,0.0003,0.44,0.05,70,6473.66,2213.49,3878.66,2.92,24.37,0.08,0.70,3.53,1.66,0.00,59.02,35.79,100.00,0.00,0.00,0.00,11.18,5.12,0.00,
2026-07-30,12:08:59.422,0.01,1.47,0.01,0.30,1.17,2.86,0.35,0.83,0.80,0.0046,0.0006,0.42,0.05,70,628.21,426.53,3879.58,1.47,12.27,0.01,0.07,1.83,1.66,0.00,58.90,37.61,100.00,0.00,0.00,0.00,6.40,0.36,0.00,
2026-07-30,12:09:00.421,0.17,2.72,0.06,0.67,2.62,36.57,3.32,0.62,0.67,0.0028,0.0003,5.36,4.60,69,12897.48,4736.53,3878.43,2.72,22.69,0.17,1.39,9.10,22.69,0.00,45.85,22.36,100.00,0.00,0.00,0.00,23.15,12.36,3.86,
2026-07-30,12:09:01.422,0.08,2.94,0.03,0.84,3.27,2.83,1.56,0.82,0.46,0.0005,0.0003,0.41,0.04,66,6121.86,2085.80,3881.76,2.94,24.46,0.08,0.66,3.21,5.96,0.00,54.53,36.30,100.00,0.00,0.00,0.00,11.02,4.85,0.00,
2026-07-30,12:09:02.422,0.01,1.46,0.00,0.30,1.18,2.22,0.20,0.81,0.88,0.0044,0.0004,0.36,0.03,70,509.58,349.65,3878.25,1.46,12.14,0.01,0.05,1.48,5.13,0.00,55.00,38.39,100.00,0.00,0.00,0.00,6.48,0.36,0.00,
2026-07-30,12:09:03.426,0.19,2.72,0.07,0.60,2.33,31.21,3.27,0.64,0.72,0.0021,0.0002,4.21,3.36,60,15079.49,5543.05,3877.63,2.72,22.67,0.19,1.62,11.97,14.59,0.00,50.80,22.64,100.00,0.00,0.00,0.00,20.87,11.85,2.34,
2026-07-30,12:09:04.423,0.07,2.49,0.03,0.51,1.97,15.99,1.22,0.67,0.82,0.0028,0.0002,2.09,1.51,70,5747.70,2305.78,3881.67,2.49,20.77,0.07,0.62,5.87,9.53,0.00,54.36,30.24,100.00,0.00,0.00,0.00,11.98,4.49,1.09,
2026-07-30,12:09:05.423,0.08,2.81,0.03,0.78,3.03,3.62,1.52,0.83,0.79,0.0006,0.0002,0.46,0.05,70,6238.07,2221.75,3878.05,2.81,23.40,0.08,0.67,3.69,1.64,0.00,58.84,35.84,100.00,0.00,0.00,0.00,10.98,4.89,0.00,
2026-07-30,12:09:06.426,0.11,2.75,0.04,0.71,2.77,13.81,2.08,0.69,0.69,0.0017,0.0003,2.03,1.52,63,8161.43,2965.63,3877.44,2.75,22.93,0.11,0.88,5.38,12.67,0.00,50.59,31.36,100.00,0.00,0.00,0.00,14.44,6.96,1.08,
2026-07-30,12:09:07.423,0.09,2.02,0.05,0.66,2.57,38.27,2.84,0.58,0.78,0.0054,0.0004,4.65,3.53,69,7060.50,3501.43,3881.36,2.02,16.80,0.09,0.76,6.84,19.85,0.00,46.39,26.92,100.00,0.00,0.00,0.00,17.16,7.99,2.43,
2026-07-30,12:09:08.425,0.07,2.81,0.03,0.79,3.09,3.67,1.50,0.80,0.77,0.0006,0.0003,0.46,0.05,71,5766.29,2054.35,3881.92,2.81,23.39,0.07,0.62,3.34,3.65,0.00,56.46,36.54,100.00,0.00,0.00,0.00,10.59,4.47,0.00,
2026-07-30,12:09:09.425,0.08,2.91,0.03,0.80,3.14,2.91,1.51,0.83,0.51,0.0005,0.0003,0.41,0.04,68,5924.91,2035.56,3879.46,2.91,24.26,0.08,0.64,3.26,4.49,0.00,56.01,36.23,100.00,0.00,0.00,0.00,10.86,4.78,0.00,
2026-07-30,12:09:10.424,0.09,2.30,0.04,0.52,2.03,35.56,1.77,0.62,0.79,0.0053,0.0003,5.28,4.55,69,6727.38,2923.16,3878.49,2.30,19.18,0.09,0.72,7.24,17.93,0.00,52.17,22.65,100.00,0.00,0.00,0.00,18.09,7.76,3.41,
2026-07-30,12:09:11.424,0.11,2.80,0.04,0.77,3.02,9.25,1.89,0.69,0.82,0.0011,0.0002,0.80,0.18,69,8214.34,2931.66,3877.42,2.80,23.35,0.11,0.88,4.89,15.51,0.00,46.85,32.75,100.00,0.00,0.00,0.00,13.08,6.79,0.00,
2026-07-30,12:09:12.425,0.01,1.75,0.01,0.37,1.42,2.16,0.23,0.83,0.89,0.0030,0.0003,0.36,0.03,70,727.97,415.56,3882.18,1.75,14.60,0.01,0.08,1.47,5.00,0.00,55.97,37.56,100.00,0.00,0.00,0.00,6.62,0.55,0.00,
2026-07-30,12:09:13.425,0.14,2.77,0.05,0.70,2.73,25.12,2.65,0.64,0.62,0.0024,0.0003,3.83,3.25,68,10485.51,3785.03,3878.00,2.77,23.09,0.14,1.13,6.96,12.81,0.00,53.47,26.76,100.00,0.00,0.00,0.00,19.11,10.02,2.41,
2026-07-30,12:09:14.425,0.10,2.80,0.04,0.73,2.83,12.05,2.01,0.69,0.55,0.0016,0.0003,1.81,1.36,68,7628.28,2719.71,3877.78,2.80,23.37,0.10,0.82,4.83,12.55,0.00,51.38,31.25,100.00,0.00,0.00,0.00,14.33,6.89,1.04,
2026-07-30,12:09:15.426,0.05,1.93,0.03,0.75,2.94,18.77,1.69,0.60,0.88,0.0046,0.0004,1.46,0.53,57,4102.47,2122.28,3881.17,1.93,16.11,0.05,0.44,3.62,5.68,0.00,54.69,36.01,100.00,0.00,0.00,0.00,10.37,4.05,0.00,
2026-07-30,12:09:16.426,0.11,2.72,0.04,0.73,2.85,14.05,2.15,0.68,0.75,0.0016,0.0003,2.06,1.54,68,8521.03,3133.16,3881.01,2.72,22.66,0.11,0.91,5.53,10.79,0.00,52.87,30.80,100.00,0.00,0.00,0.00,15.22,7.72,1.13,
2026-07-30,12:09:17.427,0.13,2.68,0.05,0.70,2.72,24.51,2.74,0.65,0.74,0.0024,0.0003,3.65,3.07,66,10259.97,3831.76,3881.32,2.68,22.31,0.13,1.10,7.07,24.13,0.00,45.06,23.74,100.00,0.00,0.00,0.00,18.99,9.91,2.38,
2026-07-30,12:09:18.428,0.00,0.69,0.00,0.21,0.83,0.95,0.19,0.90,0.75,0.0077,0.0015,0.27,0.01,70,123.53,178.52,3879.58,0.69,5.77,0.00,0.01,1.08,1.97,0.00,58.86,38.09,100.00,0.00,0.00,0.00,6.07,0.07,0.00,
2026-07-30,12:09:19.428,0.08,3.03,0.03,0.87,3.40,1.70,1.52,0.88,0.34,0.0003,0.0003,0.33,0.01,70,5896.26,1945.28,3879.42,3.03,25.26,0.08,0.63,2.88,1.33,0.00,59.24,36.55,100.00,0.00,0.00,0.00,10.72,4.72,0.00,
2026-07-30,12:09:20.428,0.20,2.72,0.07,0.50,1.96,40.73,3.31,0.64,0.70,0.0027,0.0002,5.67,4.78,69,15345.24,5643.73,3881.66,2.72,22.66,0.20,1.65,14.44,22.42,0.00,47.30,15.84,100.00,0.00,0.00,0.00,23.38,12.71,3.71,
2026-07-30,12:09:21.428,0.08,3.00,0.03,0.83,3.26,1.92,1.66,0.88,0.33,0.0003,0.0003,0.35,0.02,70,6071.58,2026.34,3877.14,3.00,24.97,0.08,0.65,3.13,4.16,0.00,57.48,35.23,100.00,0.00,0.00,0.00,10.98,4.92,0.00,
2026-07-30,12:09:22.428,0.08,3.01,0.03,0.86,3.36,1.87,1.61,0.87,0.35,0.0003,0.0003,0.34,0.02,69,6043.43,2010.07,3877.21,3.01,25.05,0.08,0.65,3.01,4.21,0.00,56.75,36.04,100.00,0.00,0.00,0.00,10.88,4.83,0.00,
2026-07-30,12:09:23.428,0.06,2.34,0.03,0.50,1.97,23.24,1.62,0.67,0.67,0.0050,0.0003,3.67,3.18,69,4688.49,2003.16,3877.24,2.34,19.50,0.06,0.50,5.12,11.50,0.00,59.16,24.22,100.00,0.00,0.00,0.00,14.57,5.37,2.59,
2026-07-30,12:09:24.428,0.11,2.28,0.05,0.80,3.11,22.31,3.82,0.65,0.73,0.0025,0.0004,2.48,1.39,70,8751.81,3836.22,3881.38,2.28,19.01,0.11,0.94,6.19,8.51,0.00,55.53,29.77,100.00,0.00,0.00,0.00,15.46,7.95,1.05,
2026-07-30,12:09:25.430,0.07,2.97,0.02,0.82,3.19,1.88,1.43,0.87,0.40,0.0004,0.0003,0.34,0.01,49,5351.76,1799.78,3884.39,2.97,24.78,0.07,0.57,2.83,5.03,0.00,55.56,36.58,100.00,0.00,0.00,0.00,10.16,4.08,0.00,
2026-07-30,12:09:26.430,0.04,2.34,0.02,0.51,2.01,11.87,1.01,0.70,0.66,0.0039,0.0003,1.90,1.50,69,3058.26,1304.55,3877.73,2.34,19.54,0.04,0.33,3.27,7.79,0.00,57.11,31.83,100.00,0.00,0.00,0.00,10.91,3.45,1.12,
2026-07-30,12:09:27.431,0.12,2.69,0.05,0.70,2.73,24.17,2.77,0.65,0.75,0.0026,0.0003,3.67,3.09,70,9431.29,3505.68,3881.27,2.69,22.42,0.12,1.01,6.44,17.20,0.00,52.23,24.12,100.00,0.00,0.00,0.00,17.99,8.85,2.49,
2026-07-30,12:09:28.431,0.00,1.26,0.00,0.27,1.05,1.33,0.24,0.88,0.75,0.0040,0.0007,0.31,0.01,70,331.51,262.98,3878.49,1.26,10.50,0.00,0.04,1.26,5.28,0.00,55.45,38.01,100.00,0.00,0.00,0.00,6.33,0.25,0.00,
2026-07-30,12:09:29.431,0.07,2.79,0.03,0.82,3.20,3.72,1.51,0.79,0.79,0.0006,0.0003,0.47,0.04,69,5788.46,2072.57,3879.84,2.79,23.27,0.07,0.62,3.26,4.25,0.00,55.96,36.53,100.00,0.00,0.00,0.00,10.43,4.33,0.00,
2026-07-30,12:09:30.430,0.17,2.63,0.06,0.69,2.68,37.38,3.52,0.63,0.73,0.0029,0.0003,5.47,4.59,69,12993.26,4948.82,3876.37,2.63,21.88,0.17,1.40,9.29,23.80,0.00,48.22,18.69,100.00,0.00,0.00,0.00,22.90,12.55,3.39,
2026-07-30,12:09:31.430,0.00,1.22,0.00,0.28,1.08,1.50,0.26,0.87,0.73,0.0046,0.0008,0.31,0.02,70,327.27,267.51,3877.82,1.22,10.20,0.00,0.04,1.25,6.14,0.00,54.66,37.95,100.00,0.00,0.00,0.00,6.37,0.29,0.00,
2026-07-30,12:09:32.431,0.08,3.01,0.03,0.84,3.27,1.97,1.66,0.88,0.34,0.0003,0.0003,0.34,0.01,70,6099.78,2029.71,3881.66,3.01,25.04,0.08,0.65,3.12,2.13,0.00,58.77,35.99,100.00,0.00,0.00,0.00,10.92,4.87,0.00,
2026-07-30,12:09:33.433,0.11,2.58,0.04,0.64,2.50,25.00,2.56,0.67,0.61,0.0029,0.0003,3.86,3.24,51,8505.93,3302.72,3877.92,2.58,21.46,0.11,0.91,6.64,13.74,0.00,56.04,23.58,100.00,0.00,0.00,0.00,17.62,8.53,2.41,
2026-07-30,12:09:34.431,0.06,2.56,0.02,0.65,2.53,10.15,1.33,0.71,0.58,0.0023,0.0003,1.68,1.30,70,4362.23,1707.22,3878.22,2.56,21.29,0.06,0.47,3.39,11.09,0.00,52.97,32.55,100.00,0.00,0.00,0.00,11.63,4.31,0.99,
2026-07-30,12:09:35.432,0.08,2.98,0.03,0.87,3.39,2.16,1.58,0.85,0.35,0.0004,0.0003,0.36,0.02,70,6061.59,2034.02,3881.55,2.98,24.83,0.08,0.65,3.02,3.44,0.00,57.40,36.14,100.00,0.00,0.00,0.00,10.89,4.82,0.00,
2026-07-30,12:09:36.433,0.07,2.58,0.03,0.43,1.68,14.30,1.18,0.68,0.70,0.0027,0.0002,2.09,1.59,54,5201.81,2019.13,3879.35,2.58,21.47,0.07,0.56,6.03,7.13,0.00,55.99,30.84,100.00,0.00,0.00,0.00,11.49,4.06,1.09,
2026-07-30,12:09:37.433,0.22,2.83,0.08,0.63,2.45,28.71,3.87,0.66,0.61,0.0017,0.0002,4.00,3.23,70,16997.56,6002.40,3882.14,2.83,23.60,0.22,1.82,12.29,18.46,0.00,47.73,21.52,100.00,0.00,0.00,0.00,22.44,13.47,2.28,
2026-07-30,12:09:38.433,0.08,2.95,0.03,0.85,3.33,2.45,1.68,0.84,0.38,0.0004,0.0003,0.37,0.03,69,6283.98,2130.85,3877.68,2.95,24.58,0.08,0.68,3.22,1.67,0.00,59.35,35.76,100.00,0.00,0.00,0.00,11.02,4.99,0.00,
2026-07-30,12:09:39.432,0.00,1.26,0.00,0.27,1.07,1.06,0.23,0.89,0.76,0.0034,0.0007,0.28,0.01,71,316.52,250.98,3875.62,1.26,10.51,0.00,0.03,1.18,10.30,0.00,51.10,37.43,100.00,0.00,0.00,0.00,6.43,0.31,0.00,
2026-07-30,12:09:40.432,0.16,2.63,0.06,0.71,2.76,35.67,3.65,0.64,0.59,0.0028,0.0003,5.52,4.66,69,12541.74,4776.13,3877.26,2.63,21.88,0.16,1.35,8.71,21.82,0.00,50.28,19.20,100.00,0.00,0.00,0.00,22.97,12.67,3.37,
2026-07-30,12:09:41.436,0.03,2.05,0.02,0.51,1.98,10.73,0.87,0.64,0.90,0.0041,0.0003,0.88,0.21,56,2646.57,1291.49,3894.78,2.05,17.08,0.03,0.28,3.28,15.28,0.00,47.00,34.44,100.00,0.00,0.00,0.00,8.79,2.47,0.00,
2026-07-30,12:09:42.435,0.07,2.91,0.02,0.79,3.09,1.79,1.32,0.88,0.75,0.0003,0.0002,0.33,0.02,70,5331.30,1832.70,3873.96,2.91,24.24,0.07,0.57,2.98,4.50,0.00,55.84,36.68,100.00,0.00,0.00,0.00,10.02,3.94,0.00,
2026-07-30,12:09:43.438,0.13,2.61,0.05,0.70,2.72,26.43,2.81,0.64,0.74,0.0026,0.0003,4.06,3.39,66,10104.81,3871.13,3877.79,2.61,21.75,0.13,1.09,7.15,15.14,0.00,51.52,26.19,100.00,0.00,0.00,0.00,18.64,9.51,2.46,
2026-07-30,12:09:44.435,0.03,2.11,0.02,0.49,1.91,12.09,0.70,0.65,0.82,0.0049,0.0003,1.81,1.34,70,2472.08,1169.25,3879.42,2.11,17.62,0.03,0.27,3.08,10.62,0.00,52.35,33.95,100.00,0.00,0.00,0.00,10.05,2.71,0.97,
2026-07-30,12:09:45.435,0.08,2.99,0.03,0.85,3.31,2.01,1.60,0.87,0.34,0.0003,0.0003,0.35,0.01,70,5976.13,2001.08,3877.73,2.99,24.89,0.08,0.64,3.04,1.89,0.00,59.34,35.73,100.00,0.00,0.00,0.00,10.69,4.67,0.00,
2026-07-30,12:09:46.438,0.10,2.70,0.04,0.73,2.83,13.91,2.09,0.68,0.73,0.0018,0.0003,2.11,1.63,67,7721.40,2855.62,3880.53,2.70,22.53,0.10,0.83,5.06,8.62,0.00,54.60,31.72,100.00,0.00,0.00,0.00,14.44,6.91,1.18,
2026-07-30,12:09:47.436,0.06,2.08,0.03,0.51,2.00,25.00,1.57,0.64,0.82,0.0056,0.0004,3.73,3.11,70,4478.27,2151.81,3881.27,2.08,17.34,0.06,0.48,5.42,25.51,0.00,42.33,26.75,100.00,0.00,0.00,0.00,14.67,5.73,2.26,
2026-07-30,12:09:48.436,0.07,2.90,0.02,0.81,3.16,2.06,1.45,0.85,0.74,0.0004,0.0003,0.35,0.02,70,5498.04,1895.09,3879.47,2.90,24.18,0.07,0.59,3.01,4.12,0.00,56.09,36.78,100.00,0.00,0.00,0.00,10.13,4.05,0.00,
2026-07-30,12:09:49.438,0.00,1.25,0.00,0.27,1.05,1.43,0.23,0.87,0.77,0.0041,0.0007,0.31,0.01,70,350.05,281.01,3884.84,1.25,10.38,0.00,0.04,1.34,3.86,0.00,56.73,38.07,100.00,0.00,0.00,0.00,6.27,0.25,0.00,
2026-07-30,12:09:50.438,0.14,2.60,0.06,0.66,2.59,34.01,2.96,0.65,0.64,0.0030,0.0003,5.24,4.62,68,11240.68,4326.73,3877.29,2.60,21.65,0.14,1.21,8.39,17.05,0.00,55.00,19.56,100.00,0.00,0.00,0.00,21.85,11.49,3.41,
2026-07-30,12:09:51.438,0.08,2.99,0.03,0.83,3.25,2.44,1.54,0.85,0.40,0.0004,0.0003,0.39,0.03,59,6060.68,2028.65,3879.01,2.99,24.90,0.08,0.65,3.14,5.67,0.00,55.47,35.73,100.00,0.00,0.00,0.00,10.88,4.77,0.00,
2026-07-30,12:09:52.439,0.01,1.75,0.01,0.37,1.42,2.46,0.36,0.83,0.75,0.0033,0.0005,0.39,0.05,71,747.54,428.01,3883.04,1.75,14.55,0.01,0.08,1.51,3.86,0.00,57.28,37.36,100.00,0.00,0.00,0.00,6.90,0.80,0.00,
2026-07-30,12:09:53.439,0.13,2.67,0.05,0.69,2.67,24.69,2.60,0.66,0.62,0.0024,0.0003,3.94,3.30,69,10138.34,3801.36,3877.81,2.67,22.23,0.13,1.09,7.15,15.65,0.00,52.02,25.19,100.00,0.00,0.00,0.00,19.14,9.97,2.48,
2026-07-30,12:09:54.440,0.10,2.86,0.04,0.72,2.81,10.68,2.05,0.70,0.53,0.0013,0.0003,1.71,1.25,69,7947.34,2773.94,3879.85,2.86,23.87,0.10,0.85,4.97,8.61,0.00,54.64,31.78,100.00,0.00,0.00,0.00,14.19,6.93,0.94,
2026-07-30,12:09:55.440,0.00,1.24,0.00,0.28,1.09,1.30,0.24,0.88,0.74,0.0039,0.0007,0.30,0.01,70,332.39,267.24,3879.90,1.24,10.36,0.00,0.04,1.23,3.94,0.00,57.06,37.76,100.00,0.00,0.00,0.00,6.29,0.26,0.00,
2026-07-30,12:09:56.440,0.12,2.80,0.04,0.66,2.59,14.99,2.46,0.69,0.68,0.0015,0.0003,2.20,1.68,68,9698.88,3457.89,3879.67,2.80,23.37,0.12,1.04,6.71,6.62,0.00,57.54,29.12,100.00,0.00,0.00,0.00,15.55,7.98,1.22,
2026-07-30,12:09:57.442,0.09,1.96,0.04,0.64,2.50,37.45,2.83,0.61,0.80,0.0056,0.0004,4.51,3.42,70,6685.92,3409.15,3878.20,1.96,16.34,0.09,0.72,6.85,13.35,0.00,57.65,22.14,100.00,0.00,0.00,0.00,16.84,7.81,2.26,
2026-07-30,12:09:58.440,0.09,2.87,0.03,0.76,2.98,4.80,1.74,0.78,0.77,0.0007,0.0003,0.51,0.10,71,6843.92,2388.42,3879.07,2.87,23.88,0.09,0.74,4.03,2.84,0.00,57.40,35.73,100.00,0.00,0.00,0.00,11.34,5.23,0.00,
2026-07-30,12:09:59.441,0.21,2.30,0.09,1.16,4.53,15.54,2.38,0.64,0.78,0.0009,0.0001,1.39,0.36,52,16523.87,7169.51,3880.96,2.30,19.21,0.21,1.77,7.95,5.50,0.00,53.69,32.87,100.00,0.00,0.00,0.00,25.48,18.91,0.00,
2026-07-30,12:10:00.441,0.21,1.83,0.12,0.79,3.10,83.15,7.17,0.52,0.78,0.0051,0.0004,8.77,5.35,69,16372.31,8939.25,3877.48,1.83,15.26,0.21,1.76,14.52,29.35,0.00,39.63,16.50,100.00,0.00,0.00,0.00,28.23,17.53,3.49,
2026-07-30,12:10:01.441,0.08,2.99,0.03,0.78,3.05,2.50,1.66,0.85,0.65,0.0004,0.0003,0.38,0.03,70,6379.90,2132.93,3878.66,2.99,24.93,0.08,0.69,3.51,3.45,0.00,57.09,35.95,100.00,0.00,0.00,0.00,10.97,4.90,0.00,
2026-07-30,12:10:02.441,0.07,2.90,0.03,0.81,3.17,2.38,1.51,0.85,0.67,0.0004,0.0003,0.36,0.02,69,5771.04,1992.90,3878.54,2.90,24.13,0.07,0.62,3.16,4.42,0.00,56.46,35.96,100.00,0.00,0.00,0.00,10.58,4.50,0.00,
2026-07-30,12:10:03.442,0.08,2.31,0.03,0.52,2.02,26.04,1.76,0.64,0.78,0.0043,0.0003,3.99,3.40,69,5998.02,2594.13,3876.64,2.31,19.27,0.08,0.64,6.47,15.40,0.00,52.19,25.94,100.00,0.00,0.00,0.00,15.69,6.53,2.48,
2026-07-30,12:10:04.440,0.10,2.80,0.04,0.69,2.69,11.27,2.26,0.73,0.52,0.0014,0.0003,1.72,1.28,70,7790.45,2786.31,3876.17,2.80,23.30,0.10,0.84,5.21,10.08,0.00,54.75,29.97,100.00,0.00,0.00,0.00,14.12,6.82,0.95,
2026-07-30,12:10:05.440,0.01,1.21,0.01,0.28,1.10,2.20,0.55,0.89,0.82,0.0043,0.0011,0.36,0.03,70,513.67,424.81,3879.06,1.21,10.08,0.01,0.06,1.94,3.11,0.00,59.10,35.85,100.00,0.00,0.00,0.00,6.35,0.26,0.00,
2026-07-30,12:10:06.441,0.13,2.77,0.05,0.73,2.84,17.73,2.44,0.65,0.69,0.0017,0.0002,2.39,1.70,69,10385.67,3755.35,3880.55,2.77,23.05,0.13,1.12,6.65,9.05,0.00,55.44,28.86,100.00,0.00,0.00,0.00,16.18,8.54,1.20,
2026-07-30,12:10:07.441,0.15,2.67,0.06,0.67,2.61,24.66,3.20,0.65,0.67,0.0021,0.0003,3.74,3.07,70,11519.03,4312.81,3880.02,2.67,22.26,0.15,1.24,8.30,15.63,0.00,52.66,23.41,100.00,0.00,0.00,0.00,19.70,10.73,2.29,
2026-07-30,12:10:08.442,0.00,1.06,0.00,0.27,1.07,1.55,0.28,0.89,0.91,0.0046,0.0008,0.30,0.02,71,336.27,316.99,3881.56,1.06,8.84,0.00,0.04,1.49,4.00,0.00,57.45,37.06,100.00,0.00,0.00,0.00,6.28,0.19,0.00,
2026-07-30,12:10:09.442,0.08,2.94,0.03,0.83,3.23,3.32,1.59,0.82,0.74,0.0005,0.0002,0.42,0.05,70,6465.43,2195.71,3877.50,2.94,24.54,0.08,0.69,3.42,4.00,0.00,56.53,36.05,100.00,0.00,0.00,0.00,11.13,5.01,0.00,
2026-07-30,12:10:10.441,0.17,2.63,0.07,0.68,2.67,35.86,3.85,0.65,0.65,0.0027,0.0003,5.30,4.59,68,13328.33,5064.01,3878.62,2.63,21.93,0.17,1.43,9.55,16.10,0.00,58.42,15.93,100.00,0.00,0.00,0.00,23.78,13.37,3.45,
2026-07-30,12:10:11.442,0.04,2.19,0.02,0.42,1.64,11.02,0.87,0.66,0.87,0.0040,0.0003,0.90,0.21,70,2729.01,1247.28,3879.13,2.19,18.23,0.04,0.29,3.83,10.71,0.00,52.71,32.75,100.00,0.00,0.00,0.00,8.36,2.07,0.00,
2026-07-30,12:10:12.442,0.09,2.99,0.03,0.81,3.18,4.41,1.74,0.78,0.67,0.0006,0.0002,0.50,0.04,70,7307.33,2445.33,3878.14,2.99,24.90,0.09,0.79,3.87,9.81,0.00,52.54,33.78,100.00,0.00,0.00,0.00,11.87,5.67,0.00,
2026-07-30,12:10:13.444,0.14,2.69,0.05,0.48,1.89,29.89,2.39,0.66,0.76,0.0027,0.0002,4.17,3.48,58,11216.92,4170.90,3879.60,2.69,22.41,0.14,1.20,11.12,15.84,0.00,51.17,21.87,100.00,0.00,0.00,0.00,18.38,9.13,2.52,
2026-07-30,12:10:14.442,0.13,2.82,0.05,0.74,2.87,13.60,2.29,0.68,0.76,0.0013,0.0002,1.85,1.33,70,10194.83,3619.75,3880.98,2.82,23.47,0.13,1.09,6.34,12.95,0.00,49.98,30.73,100.00,0.00,0.00,0.00,15.44,8.09,0.96,
2026-07-30,12:10:15.444,0.09,2.93,0.03,0.87,3.39,3.17,1.69,0.81,0.66,0.0005,0.0002,0.42,0.02,62,6910.57,2355.58,3881.09,2.93,24.45,0.09,0.74,3.49,4.73,0.00,55.66,36.12,100.00,0.00,0.00,0.00,11.50,5.39,0.00,
2026-07-30,12:10:16.449,0.05,2.34,0.02,0.53,2.05,14.26,1.08,0.68,0.83,0.0036,0.0003,2.12,1.67,57,3969.74,1699.97,3880.94,2.34,19.46,0.05,0.43,4.16,8.50,0.00,55.66,31.68,100.00,0.00,0.00,0.00,11.13,3.62,1.14,
2026-07-30,12:10:17.444,0.16,2.49,0.06,0.73,2.86,32.31,3.41,0.60,0.81,0.0027,0.0003,4.12,3.11,70,12088.32,4846.40,3879.65,2.49,20.79,0.16,1.30,8.53,28.37,0.00,39.11,23.99,100.00,0.00,0.00,0.00,20.26,11.24,2.29,
2026-07-30,12:10:18.445,0.08,2.95,0.03,0.84,3.28,2.06,1.68,0.87,0.63,0.0003,0.0003,0.34,0.02,69,6090.23,2061.47,3881.86,2.95,24.62,0.08,0.65,3.15,4.42,0.00,56.70,35.73,100.00,0.00,0.00,0.00,10.89,4.80,0.01,
2026-07-30,12:10:19.445,0.00,1.07,0.00,0.28,1.07,1.45,0.31,0.90,0.90,0.0044,0.0009,0.30,0.01,70,331.44,309.34,3876.85,1.07,8.93,0.00,0.04,1.45,2.45,0.00,58.91,37.19,100.00,0.00,0.00,0.00,6.21,0.18,0.00,
2026-07-30,12:10:20.444,0.15,2.60,0.06,0.68,2.65,33.08,3.35,0.64,0.73,0.0028,0.0003,5.26,4.60,69,11725.73,4515.52,3877.72,2.60,21.64,0.15,1.26,8.57,19.90,0.00,52.22,19.31,100.00,0.00,0.00,0.00,21.99,11.53,3.50,
2026-07-30,12:10:21.445,0.00,1.19,0.00,0.30,1.19,1.69,0.27,0.86,0.91,0.0048,0.0008,0.32,0.02,70,354.03,298.01,3877.87,1.19,9.90,0.00,0.04,1.26,8.53,0.00,53.16,37.05,100.00,0.00,0.00,0.00,6.32,0.23,0.00,
2026-07-30,12:10:22.445,0.10,2.94,0.03,0.81,3.16,5.87,1.96,0.76,0.65,0.0008,0.0003,0.62,0.06,70,7578.40,2580.80,3880.00,2.94,24.47,0.10,0.81,4.11,9.88,0.00,52.75,33.26,100.00,0.00,0.00,0.00,12.18,5.97,0.00,
2026-07-30,12:10:23.448,0.14,2.71,0.05,0.69,2.70,24.92,2.86,0.66,0.69,0.0023,0.0003,3.88,3.36,66,10613.18,3909.10,3881.69,2.71,22.62,0.14,1.14,7.27,16.29,0.00,52.65,23.80,100.00,0.00,0.00,0.00,19.35,9.99,2.62,
2026-07-30,12:10:24.446,0.02,1.97,0.01,0.45,1.74,10.86,0.63,0.68,0.87,0.0057,0.0003,1.63,1.23,70,1890.82,960.62,3880.11,1.97,16.40,0.02,0.20,2.78,10.02,0.00,54.33,32.87,100.00,0.00,0.00,0.00,9.44,2.20,0.94,
2026-07-30,12:10:25.447,0.11,2.58,0.04,0.89,3.47,13.39,3.07,0.69,0.72,0.0016,0.0004,1.14,0.36,70,8509.74,3296.65,3881.28,2.58,21.51,0.11,0.91,4.78,6.70,0.00,53.70,34.83,100.00,0.00,0.00,0.00,13.68,7.40,0.00,
2026-07-30,12:10:26.447,0.10,2.78,0.04,0.74,2.89,14.20,2.08,0.67,0.70,0.0017,0.0003,2.16,1.71,50,8120.21,2922.70,3879.17,2.78,23.15,0.10,0.87,5.08,8.91,0.00,54.31,31.70,100.00,0.00,0.00,0.00,14.75,7.13,1.25,
2026-07-30,12:10:27.447,0.08,2.44,0.03,0.57,2.21,27.21,1.37,0.60,0.84,0.0043,0.0002,3.71,2.98,70,6281.23,2575.92,3879.76,2.44,20.32,0.08,0.67,5.85,17.05,0.00,48.18,28.92,100.00,0.00,0.00,0.00,15.29,6.28,2.32,
2026-07-30,12:10:28.448,0.11,2.38,0.04,0.94,3.65,12.98,3.26,0.66,0.74,0.0016,0.0004,1.09,0.07,70,8284.42,3485.77,3881.31,2.38,19.81,0.11,0.89,4.80,5.17,0.00,54.71,35.32,100.00,0.00,0.00,0.00,13.35,7.12,0.00,
2026-07-30,12:10:29.449,0.00,1.11,0.00,0.28,1.10,1.20,0.22,0.90,0.92,0.0038,0.0007,0.29,0.01,70,317.00,286.17,3881.70,1.11,9.23,0.00,0.03,1.31,2.83,0.00,58.13,37.73,100.00,0.00,0.00,0.00,6.20,0.18,0.00,
2026-07-30,12:10:30.449,0.17,2.70,0.06,0.68,2.67,32.50,3.45,0.64,0.66,0.0024,0.0003,5.25,4.61,69,13473.67,4995.52,3877.82,2.70,22.48,0.17,1.45,9.42,15.86,0.00,54.56,20.16,100.00,0.00,0.00,0.00,23.39,12.92,3.51,
2026-07-30,12:10:31.449,0.08,2.98,0.03,0.79,3.08,2.19,1.70,0.87,0.63,0.0003,0.0003,0.36,0.02,70,6359.79,2132.78,3877.58,2.98,24.85,0.08,0.68,3.48,1.58,0.00,59.50,35.44,100.00,0.00,0.00,0.00,10.89,4.88,0.00,
2026-07-30,12:10:32.449,0.00,1.15,0.00,0.29,1.12,1.08,0.24,0.90,0.92,0.0034,0.0007,0.29,0.01,70,316.33,274.17,3881.77,1.15,9.61,0.00,0.03,1.23,3.09,0.00,58.08,37.60,100.00,0.00,0.00,0.00,6.26,0.23,0.00,
2026-07-30,12:10:33.449,0.15,2.69,0.06,0.69,2.68,26.17,3.22,0.67,0.64,0.0022,0.0003,4.03,3.42,69,11817.22,4392.38,3877.62,2.69,22.42,0.15,1.27,8.25,10.71,0.00,58.91,22.14,100.00,0.00,0.00,0.00,20.23,10.89,2.62,
2026-07-30,12:10:34.449,0.07,2.67,0.03,0.62,2.42,11.07,1.59,0.70,0.72,0.0021,0.0003,1.63,1.18,50,5312.52,1990.33,3877.39,2.67,22.24,0.07,0.57,4.13,9.44,0.00,54.60,31.83,100.00,0.00,0.00,0.00,11.71,4.50,0.88,
2026-07-30,12:10:35.449,0.04,2.71,0.01,0.63,2.45,1.66,0.93,0.89,0.74,0.0006,0.0003,0.32,0.01,70,2927.88,1081.44,3877.16,2.71,22.56,0.04,0.31,2.22,2.83,0.00,59.09,35.87,100.00,0.00,0.00,0.00,8.33,2.29,0.00,
2026-07-30,12:10:36.449,0.12,2.80,0.04,0.67,2.61,14.40,2.40,0.70,0.67,0.0016,0.0003,2.13,1.63,69,9095.81,3244.68,3879.73,2.80,23.36,0.12,0.98,6.26,7.47,0.00,57.86,28.42,100.00,0.00,0.00,0.00,15.21,7.66,1.14,
2026-07-30,12:10:37.450,0.11,2.12,0.05,0.66,2.59,42.40,3.20,0.57,0.80,0.0049,0.0004,4.88,3.48,69,8580.07,4052.93,3879.00,2.12,17.64,0.11,0.92,7.87,18.61,0.00,48.95,24.57,100.00,0.00,0.00,0.00,18.08,8.98,2.25,
2026-07-30,12:10:38.451,0.07,2.82,0.03,0.72,2.82,2.57,1.39,0.85,0.81,0.0005,0.0003,0.39,0.02,70,5511.89,1956.31,3879.98,2.82,23.48,0.07,0.59,3.49,2.03,0.00,58.34,36.13,100.00,0.00,0.00,0.00,9.98,3.93,0.00,
2026-07-30,12:10:39.451,0.10,2.42,0.04,0.89,3.48,12.96,2.63,0.63,0.78,0.0016,0.0003,1.03,0.08,69,8013.72,3313.70,3878.83,2.42,20.15,0.10,0.86,4.78,3.03,0.00,56.32,35.86,100.00,0.00,0.00,0.00,12.48,6.32,0.00,
2026-07-30,12:10:40.449,0.10,2.30,0.04,0.55,2.16,36.24,2.20,0.62,0.80,0.0047,0.0003,5.33,4.65,69,7730.04,3361.72,3876.46,2.30,19.16,0.10,0.83,7.83,19.68,0.00,49.61,22.88,100.00,0.00,0.00,0.00,19.42,8.73,3.70,
2026-07-30,12:10:41.450,0.11,2.83,0.04,0.74,2.87,12.08,2.30,0.66,0.77,0.0014,0.0003,1.00,0.23,69,8530.75,3013.07,3878.48,2.83,23.59,0.11,0.92,5.28,15.45,0.00,46.55,32.73,100.00,0.00,0.00,0.00,13.25,6.98,0.00,
2026-07-30,12:10:42.450,0.08,1.95,0.04,0.59,2.32,14.78,2.46,0.69,0.88,0.0024,0.0004,1.16,0.29,51,6201.48,3182.55,3881.45,1.95,16.24,0.08,0.67,6.91,26.48,0.00,38.56,28.05,100.00,0.00,0.00,0.00,13.14,6.70,0.00,
2026-07-30,12:10:43.451,0.12,2.60,0.05,0.64,2.48,27.11,2.65,0.65,0.72,0.0028,0.0003,3.90,3.23,69,9552.93,3668.94,3878.18,2.60,21.70,0.12,1.03,7.43,16.29,0.00,54.02,22.26,100.00,0.00,0.00,0.00,18.56,9.26,2.57,
2026-07-30,12:10:44.451,0.12,2.75,0.04,0.77,3.02,17.18,2.34,0.64,0.79,0.0019,0.0003,2.21,1.51,70,9221.86,3357.50,3881.61,2.75,22.89,0.12,0.99,5.58,15.76,0.00,50.89,27.76,100.00,0.00,0.00,0.00,15.65,7.98,1.23,
2026-07-30,12:10:45.451,0.02,1.54,0.01,0.37,1.43,7.04,0.59,0.74,0.91,0.0047,0.0004,0.65,0.13,70,1495.50,971.30,3879.66,1.54,12.83,0.02,0.16,3.42,7.75,0.00,53.83,35.00,100.00,0.00,0.00,0.00,7.41,1.21,0.00,
2026-07-30,12:10:46.451,0.15,2.36,0.06,0.66,2.59,22.94,3.07,0.65,0.90,0.0020,0.0003,2.54,1.58,68,11549.41,4884.67,3876.10,2.36,19.70,0.15,1.24,9.47,35.36,0.00,30.96,24.20,100.00,0.00,0.00,0.00,18.25,10.58,1.04,
2026-07-30,12:10:47.451,0.16,2.23,0.07,0.79,3.07,41.15,4.40,0.61,0.86,0.0033,0.0003,4.87,3.52,69,12612.03,5647.36,3882.30,2.23,18.61,0.16,1.35,9.25,25.65,0.00,43.19,21.92,100.00,0.00,0.00,0.00,22.07,12.45,2.74,
2026-07-30,12:10:48.452,0.01,1.52,0.01,0.30,1.19,3.10,0.30,0.81,0.93,0.0039,0.0004,0.42,0.04,70,803.85,530.54,3881.46,1.52,12.63,0.01,0.09,2.25,5.26,0.00,56.07,36.43,100.00,0.00,0.00,0.00,6.54,0.43,0.00,
2026-07-30,12:10:49.452,0.10,2.87,0.04,0.80,3.12,7.44,1.96,0.71,0.71,0.0009,0.0002,0.75,0.09,70,7896.72,2747.81,3877.84,2.87,23.95,0.10,0.85,4.44,5.96,0.00,55.24,34.37,100.00,0.00,0.00,0.00,12.10,5.90,0.00,
2026-07-30,12:10:50.452,0.11,2.50,0.04,0.54,2.11,34.53,2.62,0.65,0.73,0.0040,0.0003,5.20,4.56,53,8595.80,3436.36,3877.18,2.50,20.85,0.11,0.92,8.20,17.44,0.00,55.44,18.91,100.00,0.00,0.00,0.00,19.58,8.89,3.76,
2026-07-30,12:10:51.453,0.07,2.84,0.03,0.71,2.76,3.95,1.57,0.80,0.72,0.0007,0.0003,0.48,0.06,70,5765.00,2031.20,3881.36,2.84,23.65,0.07,0.62,3.69,6.02,0.00,55.14,35.15,100.00,0.00,0.00,0.00,10.77,4.66,0.01,
2026-07-30,12:10:52.454,0.08,2.92,0.03,0.82,3.20,2.88,1.64,0.83,0.68,0.0005,0.0003,0.40,0.03,70,6329.28,2166.62,3878.39,2.92,24.34,0.08,0.68,3.40,5.00,0.00,55.76,35.83,100.00,0.00,0.00,0.00,10.96,4.89,0.00,
2026-07-30,12:10:53.454,0.07,2.39,0.03,0.47,1.84,24.36,1.73,0.65,0.80,0.0043,0.0003,3.59,2.96,61,5730.03,2400.93,3878.70,2.39,19.89,0.07,0.62,6.57,18.22,0.00,49.22,26.00,100.00,0.00,0.00,0.00,14.73,5.75,2.32,
2026-07-30,12:10:54.453,0.13,2.87,0.05,0.70,2.74,17.96,2.56,0.65,0.68,0.0017,0.0002,2.40,1.71,70,10287.40,3581.24,3878.34,2.87,23.94,0.13,1.11,6.58,18.60,0.00,47.14,27.67,100.00,0.00,0.00,0.00,16.51,8.56,1.40,
2026-07-30,12:10:55.452,0.08,2.98,0.03,0.86,3.37,1.85,1.60,0.88,0.64,0.0003,0.0003,0.33,0.02,70,6116.42,2050.46,3877.24,2.98,24.86,0.08,0.66,3.06,2.16,0.00,58.52,36.26,100.00,0.00,0.00,0.00,10.80,4.77,0.01,
2026-07-30,12:10:56.455,0.04,2.28,0.02,0.44,1.70,10.76,0.85,0.70,0.84,0.0035,0.0003,1.59,1.15,58,3031.43,1328.49,3881.52,2.28,19.02,0.04,0.33,3.92,6.71,0.00,56.24,33.14,100.00,0.00,0.00,0.00,9.77,2.70,0.77,
2026-07-30,12:10:57.454,0.14,2.73,0.05,0.72,2.82,25.25,3.09,0.66,0.65,0.0023,0.0003,3.94,3.40,70,10863.64,3975.53,3881.86,2.73,22.77,0.14,1.17,7.08,20.45,0.00,49.86,22.61,100.00,0.00,0.00,0.00,19.64,10.29,2.65,
2026-07-30,12:10:58.454,0.01,1.55,0.00,0.28,1.08,1.63,0.22,0.87,0.93,0.0029,0.0004,0.32,0.02,71,556.36,359.34,3877.75,1.55,12.90,0.01,0.06,1.68,2.38,0.00,58.43,37.50,100.00,0.00,0.00,0.00,6.25,0.22,0.00,
2026-07-30,12:10:59.454,0.10,2.95,0.03,0.84,3.28,6.19,1.76,0.74,0.70,0.0008,0.0002,0.63,0.07,70,7845.58,2659.91,3877.49,2.95,24.58,0.10,0.84,4.08,9.02,0.00,53.14,33.76,100.00,0.00,0.00,0.00,12.29,6.11,0.00,
2026-07-30,12:11:00.459,0.17,2.66,0.06,0.65,2.53,35.45,3.62,0.65,0.69,0.0027,0.0003,5.20,4.46,60,13202.83,4970.56,3880.83,2.66,22.14,0.17,1.42,9.87,15.64,0.00,58.35,16.14,100.00,0.00,0.00,0.00,22.47,12.29,3.32,
2026-07-30,12:11:01.456,0.01,1.72,0.01,0.33,1.30,2.48,0.24,0.83,0.94,0.0030,0.0003,0.43,0.11,70,831.86,484.16,3881.89,1.72,14.32,0.01,0.09,1.87,5.88,0.00,55.65,36.60,100.00,0.00,0.00,0.00,6.74,0.53,0.09,
2026-07-30,12:11:02.455,0.08,2.94,0.03,0.83,3.23,2.66,1.57,0.84,0.68,0.0004,0.0002,0.38,0.03,70,6281.93,2133.55,3878.42,2.94,24.54,0.08,0.67,3.33,1.96,0.00,58.33,36.38,100.00,0.00,0.00,0.00,10.89,4.85,0.00,
2026-07-30,12:11:03.458,0.13,2.69,0.05,0.67,2.60,22.15,2.63,0.67,0.77,0.0022,0.0003,3.27,2.69,66,10033.57,3728.38,3881.69,2.69,22.43,0.13,1.08,7.22,9.65,0.00,56.87,26.26,100.00,0.00,0.00,0.00,17.34,8.70,2.07,
2026-07-30,12:11:04.456,0.06,2.37,0.02,0.53,2.08,18.83,1.15,0.64,0.83,0.0042,0.0003,2.58,1.94,70,4462.24,1881.26,3879.58,2.37,19.77,0.06,0.48,4.54,13.38,0.00,54.77,27.31,100.00,0.00,0.00,0.00,12.41,4.38,1.48,
2026-07-30,12:11:05.457,0.12,2.50,0.05,0.81,3.16,16.33,3.18,0.66,0.76,0.0018,0.0003,1.35,0.43,70,9095.69,3642.36,3881.53,2.50,20.81,0.12,0.98,5.80,3.90,0.00,55.95,34.35,100.00,0.00,0.00,0.00,14.05,7.75,0.00,
2026-07-30,12:11:06.458,0.03,2.09,0.02,0.43,1.69,9.86,0.83,0.71,0.85,0.0036,0.0003,1.41,0.95,68,2715.04,1299.53,3881.27,2.09,17.41,0.03,0.29,3.85,6.10,0.00,56.34,33.71,100.00,0.00,0.00,0.00,9.14,2.36,0.57,
2026-07-30,12:11:07.458,0.13,2.67,0.05,0.70,2.75,29.06,2.93,0.63,0.70,0.0028,0.0003,4.33,3.71,70,10383.92,3890.73,3877.80,2.67,22.24,0.13,1.12,7.12,23.58,0.00,44.89,24.40,100.00,0.00,0.00,0.00,19.86,10.20,2.84,
2026-07-30,12:11:08.458,0.09,2.95,0.03,0.79,3.07,2.76,1.58,0.84,0.72,0.0004,0.0002,0.40,0.03,70,6638.27,2251.95,3877.58,2.95,24.56,0.09,0.71,3.69,2.75,0.00,57.95,35.61,100.00,0.00,0.00,0.00,11.02,4.98,0.00,
2026-07-30,12:11:09.458,0.01,1.41,0.01,0.34,1.33,2.48,0.17,0.82,0.96,0.0039,0.0003,0.37,0.04,71,634.58,451.56,3879.95,1.41,11.71,0.01,0.07,1.71,2.23,0.00,58.06,37.99,100.00,0.00,0.00,0.00,6.45,0.41,0.00,
2026-07-30,12:11:10.458,0.17,2.72,0.06,0.67,2.63,32.19,3.51,0.64,0.67,0.0024,0.0003,4.87,4.20,69,13206.19,4846.93,3875.59,2.72,22.71,0.17,1.42,9.29,20.35,0.00,48.39,21.97,100.00,0.00,0.00,0.00,22.28,12.29,3.12,
2026-07-30,12:11:11.458,0.09,2.62,0.04,0.66,2.59,11.85,2.07,0.67,0.81,0.0016,0.0003,1.11,0.45,67,7279.94,2782.35,3878.30,2.62,21.80,0.09,0.78,5.40,14.58,0.00,48.26,31.76,100.00,0.00,0.00,0.00,12.73,6.18,0.26,
2026-07-30,12:11:12.457,0.03,2.81,0.01,0.52,2.04,5.29,0.67,0.73,0.86,0.0022,0.0003,0.60,0.13,71,2389.89,850.19,3879.67,2.81,23.42,0.03,0.26,2.09,13.58,0.00,48.37,35.96,100.00,0.00,0.00,0.00,8.17,1.94,0.00,
2026-07-30,12:11:13.457,0.14,2.69,0.05,0.69,2.69,22.34,2.95,0.66,0.71,0.0020,0.0003,3.16,2.51,69,10940.96,4066.10,3876.59,2.69,22.42,0.14,1.18,7.61,12.93,0.00,53.63,25.83,100.00,0.00,0.00,0.00,18.23,9.75,1.93,
2026-07-30,12:11:14.457,0.07,2.33,0.03,0.52,2.03,24.09,1.39,0.60,0.85,0.0044,0.0003,3.11,2.25,69,5425.47,2324.93,3878.09,2.33,19.45,0.07,0.58,5.77,15.52,0.00,51.22,27.49,100.00,0.00,0.00,0.00,13.32,4.90,1.86,
2026-07-30,12:11:15.458,0.09,2.84,0.03,0.83,3.25,6.16,1.70,0.73,0.75,0.0008,0.0002,0.62,0.09,69,7355.35,2585.61,3881.65,2.84,23.71,0.09,0.79,3.99,3.56,0.00,56.92,35.52,100.00,0.00,0.00,0.00,11.80,5.64,0.00,
2026-07-30,12:11:16.457,0.12,2.59,0.05,0.69,2.68,12.00,2.80,0.72,0.75,0.0013,0.0003,1.43,0.74,65,9427.51,3642.10,3876.66,2.59,21.57,0.12,1.01,6.84,12.31,0.00,50.32,30.53,100.00,0.00,0.00,0.00,14.58,7.84,0.43,
2026-07-30,12:11:17.457,0.09,2.09,0.04,0.54,2.10,35.78,2.28,0.62,0.89,0.0050,0.0003,5.05,4.14,69,7190.40,3447.99,3877.84,2.09,17.38,0.09,0.77,8.26,31.06,0.00,44.83,15.85,100.00,0.00,0.00,0.00,18.16,8.22,3.03,
2026-07-30,12:11:18.459,0.10,2.34,0.04,0.85,3.33,12.75,3.55,0.68,0.69,0.0016,0.0005,1.15,0.08,70,7750.86,3319.28,3879.21,2.34,19.46,0.10,0.83,5.01,10.11,0.00,49.60,35.28,100.00,0.00,0.00,0.00,12.86,6.67,0.00,
2026-07-30,12:11:19.458,0.10,3.01,0.03,0.84,3.27,5.76,1.77,0.73,0.68,0.0007,0.0002,0.61,0.06,68,7736.28,2571.43,3879.74,3.01,25.07,0.10,0.83,3.95,5.47,0.00,56.31,34.27,100.00,0.00,0.00,0.00,12.08,5.88,0.00,
2026-07-30,12:11:20.458,0.18,2.64,0.07,0.50,1.94,36.52,2.99,0.65,0.76,0.0027,0.0002,5.09,4.24,66,13720.15,5193.71,3877.01,2.64,22.01,0.18,1.47,13.47,15.62,0.00,52.85,18.06,100.00,0.00,0.00,0.00,21.14,11.30,3.01,
2026-07-30,12:11:21.458,0.10,2.91,0.04,0.76,2.97,7.45,1.98,0.75,0.66,0.0009,0.0002,1.04,0.61,70,8079.60,2778.54,3880.20,2.91,24.23,0.10,0.87,4.70,6.42,0.00,56.53,32.35,100.00,0.00,0.00,0.00,13.04,6.48,0.40,
2026-07-30,12:11:22.459,0.01,1.27,0.01,0.34,1.31,2.67,0.26,0.81,0.94,0.0045,0.0004,0.38,0.03,71,590.25,463.98,3880.92,1.27,10.60,0.01,0.06,1.78,6.79,0.00,54.46,36.98,100.00,0.00,0.00,0.00,6.59,0.47,0.00,
2026-07-30,12:11:23.459,0.12,2.76,0.04,0.73,2.87,15.96,2.58,0.71,0.69,0.0017,0.0003,2.54,2.11,68,9555.99,3463.13,3879.27,2.76,22.99,0.12,1.03,6.07,12.98,0.00,55.01,25.94,100.00,0.00,0.00,0.00,16.80,8.68,1.62,
2026-07-30,12:11:24.460,0.16,2.86,0.06,0.67,2.63,20.32,3.06,0.69,0.65,0.0017,0.0002,2.96,2.29,69,12305.78,4296.27,3880.94,2.86,23.87,0.16,1.32,8.22,19.24,0.00,51.11,21.43,100.00,0.00,0.00,0.00,19.07,10.67,1.75,
2026-07-30,12:11:25.460,0.00,1.16,0.00,0.29,1.14,1.18,0.16,0.89,0.95,0.0037,0.0005,0.29,0.01,70,322.03,277.67,3880.18,1.16,9.66,0.00,0.03,1.22,2.56,0.00,58.15,38.07,100.00,0.00,0.00,0.00,6.21,0.19,0.00,
2026-07-30,12:11:26.460,0.09,2.93,0.03,0.82,3.20,4.55,1.69,0.79,0.67,0.0007,0.0003,0.76,0.41,70,6637.76,2265.39,3879.90,2.93,24.42,0.09,0.71,3.56,3.87,0.00,57.65,34.93,100.00,0.00,0.00,0.00,11.84,5.44,0.27,
2026-07-30,12:11:27.461,0.19,2.72,0.07,0.64,2.48,34.94,3.73,0.65,0.68,0.0024,0.0003,5.15,4.30,50,14829.30,5452.09,3881.42,2.72,22.67,0.19,1.59,11.03,19.30,0.00,52.52,17.15,100.00,0.00,0.00,0.00,23.42,13.39,3.12,
2026-07-30,12:11:28.461,0.01,1.44,0.00,0.31,1.20,1.62,0.23,0.87,0.94,0.0030,0.0004,0.31,0.02,70,547.29,379.89,3880.72,1.44,12.01,0.01,0.06,1.59,2.79,0.00,58.10,37.51,100.00,0.00,0.00,0.00,6.43,0.40,0.00,
2026-07-30,12:11:29.462,0.08,2.92,0.03,0.82,3.19,2.21,1.60,0.86,0.69,0.0004,0.0003,0.36,0.02,70,6269.73,2143.56,3881.10,2.92,24.37,0.08,0.67,3.38,5.69,0.00,55.20,35.73,100.00,0.00,0.00,0.00,11.03,4.91,0.00,
2026-07-30,12:11:30.465,0.07,2.20,0.03,0.51,1.98,29.65,1.48,0.63,0.83,0.0054,0.0003,4.57,3.85,69,5527.63,2508.39,3877.44,2.20,18.36,0.07,0.59,6.38,13.42,0.00,57.29,22.91,100.00,0.00,0.00,0.00,16.06,6.54,2.77,
2026-07-30,12:11:31.462,0.10,2.84,0.03,0.79,3.09,8.09,2.01,0.73,0.69,0.0011,0.0003,1.25,0.84,70,7480.60,2637.99,3877.37,2.84,23.63,0.10,0.80,4.29,7.79,0.00,55.38,32.53,100.00,0.00,0.00,0.00,13.30,6.44,0.61,
2026-07-30,12:11:32.461,0.08,2.96,0.03,0.86,3.34,2.12,1.57,0.86,0.66,0.0003,0.0003,0.34,0.02,70,6211.83,2095.80,3876.23,2.96,24.70,0.08,0.67,3.16,2.03,0.00,58.55,36.26,100.00,0.00,0.00,0.00,10.83,4.81,0.00,
2026-07-30,12:11:33.463,0.04,2.15,0.02,0.48,1.86,15.57,0.91,0.66,0.84,0.0052,0.0003,2.48,2.01,69,3002.31,1394.35,3878.32,2.15,17.94,0.04,0.32,3.77,8.03,0.00,56.39,31.81,100.00,0.00,0.00,0.00,11.13,3.36,1.39,
2026-07-30,12:11:34.461,0.12,2.61,0.04,0.70,2.72,21.97,2.53,0.65,0.80,0.0024,0.0003,3.34,2.74,70,9037.42,3468.25,3878.83,2.61,21.71,0.12,0.97,6.42,14.91,0.00,51.92,26.75,100.00,0.00,0.00,0.00,16.89,8.33,1.98,
2026-07-30,12:11:35.461,0.04,2.59,0.02,0.66,2.57,2.41,0.94,0.83,0.86,0.0007,0.0003,0.38,0.02,52,3320.48,1282.85,3877.22,2.59,21.57,0.04,0.36,2.51,3.47,0.00,57.28,36.74,100.00,0.00,0.00,0.00,8.52,2.43,0.00,
2026-07-30,12:11:36.465,0.04,2.71,0.01,0.68,2.64,2.78,0.76,0.81,0.88,0.0009,0.0002,0.49,0.17,63,3113.91,1148.04,3881.66,2.71,22.60,0.04,0.33,2.18,1.49,0.00,59.21,37.11,100.00,0.00,0.00,0.00,8.38,2.29,0.08,
2026-07-30,12:11:37.463,0.15,2.62,0.06,0.68,2.65,33.94,3.36,0.64,0.67,0.0029,0.0003,5.22,4.56,69,11514.62,4403.02,3881.22,2.62,21.79,0.15,1.24,8.36,21.51,0.00,51.78,18.36,100.00,0.00,0.00,0.00,21.83,11.55,3.35,
2026-07-30,12:11:38.462,0.00,1.16,0.00,0.29,1.11,1.47,0.15,0.86,0.95,0.0045,0.0005,0.31,0.02,71,328.42,283.42,3877.80,1.16,9.66,0.00,0.04,1.28,3.21,0.00,57.15,38.35,100.00,0.00,0.00,0.00,6.22,0.17,0.00,
2026-07-30,12:11:39.462,0.08,2.98,0.03,0.87,3.41,1.90,1.57,0.87,0.64,0.0003,0.0003,0.35,0.01,70,6176.73,2070.41,3878.12,2.98,24.86,0.08,0.66,3.06,2.27,0.00,58.25,36.42,100.00,0.00,0.00,0.00,10.82,4.80,0.00,
2026-07-30,12:11:40.463,0.17,2.74,0.06,0.71,2.78,30.70,3.31,0.63,0.68,0.0024,0.0003,4.47,3.62,58,12911.19,4710.15,3881.28,2.74,22.84,0.17,1.39,8.50,18.63,0.00,51.53,21.34,100.00,0.00,0.00,0.00,21.29,11.87,2.60,
2026-07-30,12:11:41.463,0.03,1.87,0.01,0.41,1.60,10.20,0.74,0.69,0.91,0.0050,0.0004,1.55,1.13,70,2031.29,1088.35,3880.90,1.87,15.55,0.03,0.22,3.41,14.67,0.00,49.00,32.91,100.00,0.00,0.00,0.00,9.41,2.22,0.84,
2026-07-30,12:11:42.464,0.10,2.93,0.04,0.85,3.30,11.74,1.94,0.60,0.81,0.0014,0.0002,0.97,0.23,69,8096.24,2759.27,3880.83,2.93,24.45,0.10,0.87,4.20,8.13,0.00,52.61,35.06,100.00,0.00,0.00,0.00,12.63,6.40,0.00,
2026-07-30,12:11:43.465,0.06,2.41,0.02,0.53,2.08,15.11,1.22,0.66,0.80,0.0033,0.0003,2.29,1.78,54,4555.98,1891.39,3877.96,2.41,20.07,0.06,0.49,4.57,7.87,0.00,55.22,32.33,100.00,0.00,0.00,0.00,11.76,4.16,1.26,
2026-07-30,12:11:44.464,0.12,2.69,0.04,0.68,2.63,22.33,2.28,0.64,0.73,0.0024,0.0002,3.50,2.94,70,9249.35,3438.65,3876.64,2.69,22.42,0.12,0.99,6.57,19.59,0.00,45.40,28.45,100.00,0.00,0.00,0.00,17.82,8.98,2.18,
2026-07-30,12:11:45.464,0.08,2.96,0.03,0.86,3.34,1.94,1.54,0.87,0.65,0.0003,0.0003,0.34,0.02,70,6148.11,2076.00,3879.52,2.96,24.68,0.08,0.66,3.12,2.83,0.00,57.26,36.79,100.00,0.00,0.00,0.00,10.84,4.78,0.00,
2026-07-30,12:11:46.464,0.00,1.11,0.00,0.28,1.08,1.27,0.19,0.89,0.94,0.0039,0.0006,0.30,0.01,71,329.90,297.10,3877.31,1.11,9.25,0.00,0.04,1.39,2.71,0.00,58.23,37.68,100.00,0.00,0.00,0.00,6.20,0.18,0.00,
2026-07-30,12:11:47.463,0.17,2.55,0.07,0.65,2.53,37.16,3.51,0.62,0.77,0.0028,0.0003,5.54,4.69,69,13337.73,5224.96,3877.41,2.55,21.27,0.17,1.43,10.39,26.60,0.00,43.48,19.52,100.00,0.00,0.00,0.00,23.75,13.30,3.48,
2026-07-30,12:11:48.464,0.08,2.97,0.03,0.80,3.11,2.03,1.60,0.86,0.65,0.0003,0.0003,0.35,0.02,69,6358.75,2137.46,3881.33,2.97,24.79,0.08,0.68,3.45,2.81,0.00,57.92,35.83,100.00,0.00,0.00,0.00,10.83,4.80,0.00,
2026-07-30,12:11:49.465,0.01,1.55,0.01,0.36,1.40,2.69,0.26,0.81,0.94,0.0038,0.0004,0.40,0.04,70,712.62,460.17,3881.56,1.55,12.90,0.01,0.08,1.65,7.14,0.00,54.11,37.11,100.00,0.00,0.00,0.00,6.55,0.44,0.00,
2026-07-30,12:11:50.470,0.15,2.68,0.06,0.75,2.91,25.82,3.19,0.66,0.66,0.0022,0.0003,3.98,3.33,65,11933.05,4458.27,3878.14,2.68,22.31,0.15,1.28,7.71,15.19,0.00,53.60,23.49,100.00,0.00,0.00,0.00,20.42,11.26,2.47,
2026-07-30,12:11:51.466,0.03,2.02,0.01,0.46,1.81,11.06,0.73,0.68,0.85,0.0051,0.0003,1.77,1.33,70,2172.20,1075.68,3876.64,2.02,16.83,0.03,0.23,2.99,8.21,0.00,56.37,32.42,100.00,0.00,0.00,0.00,9.75,2.42,0.99,
2026-07-30,12:11:52.464,0.08,2.98,0.03,0.88,3.42,1.80,1.59,0.87,0.64,0.0003,0.0003,0.33,0.01,70,6156.08,2065.42,3876.72,2.98,24.84,0.08,0.66,3.04,4.67,0.00,56.24,36.05,100.00,0.00,0.00,0.00,10.92,4.86,0.00,
2026-07-30,12:11:53.469,0.20,2.63,0.08,0.77,2.99,31.08,4.23,0.63,0.76,0.0020,0.0003,3.19,2.08,65,15636.27,5943.77,3881.81,2.63,21.92,0.20,1.68,10.00,9.83,0.00,53.75,26.43,100.00,0.00,0.00,0.00,21.32,13.71,1.05,
2026-07-30,12:11:54.465,0.14,2.61,0.06,0.53,2.08,28.92,2.36,0.64,0.77,0.0026,0.0002,3.99,3.29,70,11200.40,4285.43,3878.81,2.61,21.78,0.14,1.20,10.33,15.98,0.00,50.73,22.96,100.00,0.00,0.00,0.00,18.55,9.49,2.35,
2026-07-30,12:11:55.465,0.08,3.03,0.03,0.86,3.35,1.96,1.61,0.86,0.36,0.0003,0.0003,0.35,0.02,70,6013.96,1986.91,3877.92,3.03,25.22,0.08,0.65,2.98,4.93,0.00,55.80,36.29,100.00,0.00,0.00,0.00,10.81,4.71,0.00,
2026-07-30,12:11:56.465,0.08,3.02,0.03,0.92,3.57,1.62,1.64,0.88,0.62,0.0003,0.0003,0.32,0.01,69,6219.59,2060.81,3879.91,3.02,25.15,0.08,0.67,2.90,6.06,0.00,54.80,36.24,100.00,0.00,0.00,0.00,11.05,4.93,0.00,
2026-07-30,12:11:57.466,0.14,2.54,0.06,0.53,2.08,37.51,2.65,0.64,0.77,0.0034,0.0002,5.47,4.69,70,11053.62,4344.31,3881.50,2.54,21.20,0.14,1.19,10.51,20.71,0.00,50.95,17.82,100.00,0.00,0.00,0.00,20.84,10.42,3.45,
2026-07-30,12:11:58.467,0.13,2.41,0.05,0.73,2.86,10.31,3.50,0.74,0.82,0.0010,0.0004,0.85,0.19,69,9882.18,4100.19,3881.40,2.41,20.08,0.13,1.06,7.21,29.00,0.00,34.96,28.82,100.00,0.00,0.00,0.00,15.35,9.02,0.01,
2026-07-30,12:11:59.467,0.01,1.36,0.01,0.36,1.42,3.36,0.49,0.84,0.89,0.0043,0.0006,0.43,0.06,71,788.99,581.19,3879.58,1.36,11.31,0.01,0.08,2.06,8.38,0.00,52.89,36.68,100.00,0.00,0.00,0.00,6.85,0.70,0.00,
2026-07-30,12:12:00.468,0.19,2.23,0.08,0.83,3.23,48.86,6.28,0.59,0.69,0.0033,0.0004,5.44,3.61,64,14603.90,6553.64,3881.33,2.23,18.57,0.19,1.57,10.19,17.77,0.00,48.64,23.40,100.00,0.00,0.00,0.00,24.14,14.98,2.30,
2026-07-30,12:12:01.469,0.11,2.76,0.04,0.76,2.96,13.90,2.34,0.69,0.65,0.0017,0.0003,2.03,1.55,69,8228.46,2976.88,3880.66,2.76,23.03,0.11,0.88,5.05,13.50,0.00,51.06,30.38,100.00,0.00,0.00,0.00,15.05,7.48,1.15,
2026-07-30,12:12:02.469,0.01,1.24,0.00,0.29,1.14,1.74,0.31,0.87,0.90,0.0043,0.0008,0.33,0.02,70,408.09,327.92,3877.87,1.24,10.37,0.01,0.04,1.44,3.09,0.00,58.00,37.47,100.00,0.00,0.00,0.00,6.27,0.24,0.00,
2026-07-30,12:12:03.468,0.10,2.83,0.04,0.75,2.91,10.92,2.19,0.72,0.65,0.0014,0.0003,1.70,1.27,68,7983.43,2825.58,3876.16,2.83,23.55,0.10,0.86,4.89,5.59,0.00,58.06,31.47,100.00,0.00,0.00,0.00,14.11,6.92,0.90,
2026-07-30,12:12:04.468,0.13,2.54,0.05,0.63,2.46,27.83,2.99,0.63,0.74,0.0028,0.0003,3.80,2.96,68,10006.33,3941.42,3877.52,2.54,21.16,0.13,1.08,8.05,28.94,0.00,38.55,24.46,100.00,0.00,0.00,0.00,18.66,9.68,2.22,
2026-07-30,12:12:05.469,0.01,1.28,0.00,0.32,1.23,2.35,0.19,0.79,0.95,0.0051,0.0004,0.31,0.05,70,463.87,363.52,3881.63,1.28,10.63,0.01,0.05,1.48,8.25,0.00,52.45,37.81,100.00,0.00,0.00,0.00,6.41,0.27,0.02,
2026-07-30,12:12:06.469,0.07,3.02,0.02,0.88,3.43,2.29,1.49,0.82,0.66,0.0004,0.0003,0.31,0.04,70,5794.66,1919.82,3880.08,3.02,25.15,0.07,0.62,2.81,5.84,0.00,54.71,36.64,100.00,0.00,0.00,0.00,10.70,4.61,0.02,
2026-07-30,12:12:07.469,0.01,1.34,0.01,0.42,1.64,2.97,0.23,0.73,0.96,0.0047,0.0004,0.34,0.05,71,625.66,466.34,3879.46,1.34,11.18,0.01,0.07,1.43,8.26,0.00,51.82,38.50,100.00,0.00,0.00,0.00,6.84,0.78,0.00,
2026-07-30,12:12:08.470,0.14,2.98,0.05,0.94,3.67,10.29,2.09,0.69,0.76,0.0009,0.0002,0.88,0.25,69,10934.82,3666.42,3881.84,2.98,24.85,0.14,1.17,5.03,8.17,0.00,53.05,33.76,100.00,0.00,0.00,0.00,15.12,8.84,0.02,
2026-07-30,12:12:09.471,0.14,3.54,0.04,0.90,3.52,5.88,1.85,0.85,0.71,0.0005,0.0002,0.56,0.22,69,10851.24,3067.98,3881.42,3.54,29.47,0.14,1.16,4.37,3.87,0.00,57.73,34.02,100.00,0.00,0.00,0.00,15.14,8.89,0.02,
2026-07-30,12:12:10.471,0.07,3.89,0.02,0.71,2.76,5.23,0.45,0.84,0.92,0.0010,0.0001,0.50,0.20,69,5491.86,1413.52,3879.63,3.89,32.38,0.07,0.59,2.57,4.12,0.00,57.04,36.26,100.00,0.00,0.00,0.00,10.78,4.56,0.01,
2026-07-30,12:12:11.472,0.14,3.43,0.04,0.84,3.28,6.79,1.91,0.83,0.82,0.0006,0.0002,0.62,0.25,69,10918.89,3184.39,3878.49,3.43,28.57,0.14,1.17,4.89,10.19,0.00,53.19,31.73,100.00,0.00,0.00,0.00,15.29,8.99,0.01,
2026-07-30,12:12:12.471,0.17,3.48,0.05,0.92,3.60,16.13,2.23,0.69,0.80,0.0013,0.0002,1.23,0.48,67,12838.93,3693.16,3876.68,3.48,28.97,0.17,1.38,5.16,8.90,0.00,53.37,32.58,100.00,0.00,0.00,0.00,16.66,10.30,0.01,
2026-07-30,12:12:13.471,0.09,3.80,0.02,0.75,2.92,8.29,0.66,0.78,0.89,0.0011,0.0001,0.72,0.26,69,7303.73,1922.77,3877.97,3.80,31.65,0.09,0.78,3.31,6.40,0.00,56.38,33.91,100.00,0.00,0.00,0.00,12.13,5.83,0.01,
2026-07-30,12:12:14.472,0.14,3.55,0.04,0.84,3.27,5.69,1.74,0.85,0.81,0.0005,0.0002,0.54,0.23,70,10510.08,2962.45,3880.14,3.55,29.56,0.14,1.13,4.56,0.89,0.00,59.99,34.57,100.00,0.00,0.00,0.00,14.41,8.21,0.02,
2026-07-30,12:12:15.472,0.08,3.75,0.02,0.74,2.90,6.68,0.62,0.81,0.89,0.0011,0.0001,0.60,0.22,70,6164.57,1644.48,3880.25,3.75,31.24,0.08,0.66,2.85,0.92,0.00,60.58,35.65,100.00,0.00,0.00,0.00,11.41,5.24,0.01,
2026-07-30,12:12:16.472,0.14,3.61,0.04,0.97,3.78,5.01,1.77,0.86,0.72,0.0005,0.0002,0.49,0.19,70,10867.49,3011.53,3878.67,3.61,30.07,0.14,1.17,4.01,0.58,0.00,60.94,34.47,100.00,0.00,0.00,0.00,14.90,8.76,0.00,
2026-07-30,12:12:17.471,0.14,3.38,0.04,0.84,3.29,6.78,1.99,0.83,0.85,0.0006,0.0002,0.60,0.23,69,11084.38,3283.77,3877.51,3.38,28.13,0.14,1.19,5.01,14.17,0.00,47.99,32.83,100.00,0.00,0.00,0.00,15.42,9.11,0.00,
2026-07-30,12:12:18.472,0.07,3.93,0.02,0.74,2.89,4.41,0.49,0.86,0.92,0.0008,0.0001,0.44,0.19,70,5516.23,1402.93,3878.25,3.93,32.77,0.07,0.59,2.44,0.75,0.00,60.56,36.25,100.00,0.00,0.00,0.00,10.95,4.81,0.00,
2026-07-30,12:12:19.473,0.14,3.55,0.04,0.92,3.58,5.44,1.80,0.85,0.73,0.0005,0.0002,0.51,0.20,68,10804.17,3046.41,3882.56,3.55,29.55,0.14,1.16,4.28,4.23,0.00,57.51,33.98,100.00,0.00,0.00,0.00,15.05,8.84,0.00,
2026-07-30,12:12:20.473,0.14,3.56,0.04,0.90,3.50,5.51,1.86,0.85,0.71,0.0005,0.0002,0.52,0.20,69,10734.20,3013.79,3879.56,3.56,29.68,0.14,1.15,4.32,4.43,0.00,57.65,33.60,100.00,0.00,0.00,0.00,15.06,8.78,0.00,
2026-07-30,12:12:21.473,0.07,3.98,0.02,0.75,2.92,4.39,0.54,0.87,0.89,0.0008,0.0001,0.45,0.20,70,5731.44,1441.00,3877.88,3.98,33.15,0.07,0.62,2.48,0.78,0.00,61.20,35.54,100.00,0.00,0.00,0.00,11.29,5.15,0.00,
2026-07-30,12:12:22.472,0.11,3.32,0.03,0.88,3.43,5.45,1.80,0.82,0.71,0.0006,0.0002,0.52,0.17,70,8760.25,2634.80,3877.68,3.32,27.71,0.11,0.94,3.87,1.65,0.00,59.42,35.06,100.00,0.00,0.00,0.00,13.25,7.10,0.00,
2026-07-30,12:12:23.473,0.01,1.85,0.01,0.43,1.66,1.87,0.25,0.83,0.93,0.0025,0.0003,0.28,0.03,70,754.92,407.86,3881.40,1.85,15.42,0.01,0.08,1.23,0.60,0.00,59.45,38.72,100.00,0.00,0.00,0.00,6.61,0.65,0.00,
2026-07-30,12:12:24.473,0.08,2.88,0.03,0.78,3.06,3.22,1.66,0.82,0.68,0.0005,0.0003,0.37,0.04,70,5979.04,2077.26,3878.82,2.88,23.99,0.08,0.64,3.41,6.79,0.00,54.51,35.28,100.00,0.00,0.00,0.00,10.84,4.72,0.00,
2026-07-30,12:12:25.473,0.11,2.36,0.05,0.90,3.52,19.45,2.92,0.62,0.86,0.0023,0.0003,1.45,0.54,70,8611.52,3641.78,3877.76,2.36,19.71,0.11,0.93,5.21,7.96,0.00,51.23,35.60,100.00,0.00,0.00,0.00,13.70,7.37,0.00,
2026-07-30,12:12:26.473,0.01,1.49,0.00,0.35,1.38,1.68,0.21,0.84,0.94,0.0032,0.0004,0.25,0.02,69,519.78,349.10,3879.74,1.49,12.41,0.01,0.06,1.27,10.02,0.00,49.70,39.01,100.00,0.00,0.00,0.00,6.45,0.38,0.00,
2026-07-30,12:12:27.475,0.07,2.84,0.03,0.90,3.50,2.86,1.41,0.79,0.85,0.0005,0.0003,0.33,0.04,70,5596.96,1970.46,3881.77,2.84,23.67,0.07,0.60,2.83,4.76,0.00,54.47,37.94,100.00,0.00,0.00,0.00,10.14,4.11,0.00,
2026-07-30,12:12:28.475,0.08,3.06,0.03,0.97,3.76,1.98,1.51,0.84,0.65,0.0003,0.0002,0.29,0.03,69,6204.59,2027.67,3879.57,3.06,25.50,0.08,0.67,2.71,2.16,0.00,58.28,36.85,100.00,0.00,0.00,0.00,10.85,4.87,0.00,
2026-07-30,12:12:29.475,0.01,1.58,0.00,0.39,1.52,1.71,0.13,0.78,0.96,0.0037,0.0003,0.26,0.02,71,461.66,292.74,3881.59,1.58,13.14,0.01,0.05,0.97,2.73,0.00,57.00,39.31,100.00,0.00,0.00,0.00,6.33,0.36,0.00,
2026-07-30,12:12:30.476,0.07,2.98,0.03,0.94,3.65,2.19,1.42,0.81,0.70,0.0004,0.0002,0.29,0.02,70,5805.30,1947.53,3881.84,2.98,24.84,0.07,0.62,2.68,7.86,0.00,51.84,37.62,100.00,0.00,0.00,0.00,10.64,4.55,0.00,
2026-07-30,12:12:31.476,0.00,1.39,0.00,0.34,1.32,1.04,0.15,0.86,0.94,0.0035,0.0005,0.21,0.01,71,300.23,216.64,3877.49,1.39,11.55,0.00,0.03,0.83,5.18,0.00,54.51,39.48,100.00,0.00,0.00,0.00,6.18,0.21,0.00,
2026-07-30,12:12:32.476,0.07,3.06,0.02,0.93,3.64,1.56,1.36,0.85,0.51,0.0003,0.0002,0.25,0.02,68,5464.80,1785.56,3877.42,3.06,25.50,0.07,0.59,2.47,0.30,0.00,59.37,37.86,100.00,0.00,0.00,0.00,10.16,4.23,0.00,
2026-07-30,12:12:33.477,0.16,3.21,0.05,0.99,3.85,10.86,1.78,0.64,0.81,0.0009,0.0001,0.86,0.24,55,12442.62,3880.51,3882.54,3.21,26.72,0.16,1.34,5.07,4.09,0.00,55.38,35.46,100.00,0.00,0.00,0.00,15.91,9.76,0.00,
2026-07-30,12:12:34.477,0.02,1.91,0.01,0.55,2.13,8.90,0.47,0.66,0.94,0.0047,0.0002,0.73,0.22,70,1889.71,988.66,3878.17,1.91,15.93,0.02,0.20,2.33,2.28,0.00,57.76,37.63,100.00,0.00,0.00,0.00,7.80,1.70,0.00,
2026-07-30,12:12:35.477,0.08,2.89,0.03,0.81,3.15,3.55,1.83,0.83,0.66,0.0006,0.0003,0.38,0.03,71,6062.23,2100.12,3877.96,2.89,24.06,0.08,0.65,3.35,1.83,0.00,58.11,36.70,100.00,0.00,0.00,0.00,10.61,4.59,0.00,
2026-07-30,12:12:36.477,0.07,3.13,0.02,1.00,3.90,1.51,1.40,0.84,0.65,0.0003,0.0002,0.25,0.02,68,5643.23,1800.89,3881.40,3.13,26.11,0.07,0.61,2.32,0.17,0.00,59.90,37.60,100.00,0.00,0.00,0.00,10.23,4.31,0.00,
2026-07-30,12:12:37.477,0.00,1.42,0.00,0.37,1.42,0.94,0.12,0.86,0.95,0.0033,0.0004,0.20,0.01,71,286.93,202.04,3877.76,1.42,11.83,0.00,0.03,0.71,0.21,0.00,59.55,39.53,100.00,0.00,0.00,0.00,6.13,0.24,0.00,
2026-07-30,12:12:38.477,0.10,2.32,0.04,0.96,3.73,13.57,3.49,0.65,0.70,0.0018,0.0005,1.04,0.10,70,7635.66,3286.33,3877.40,2.32,19.36,0.10,0.82,4.43,4.86,0.00,54.87,35.84,100.00,0.00,0.00,0.00,12.77,6.67,0.00,
2026-07-30,12:12:39.477,0.01,1.81,0.00,0.43,1.67,1.80,0.18,0.81,0.94,0.0027,0.0003,0.26,0.02,71,678.68,375.41,3879.99,1.81,15.07,0.01,0.07,1.13,4.75,0.00,55.22,38.90,100.00,0.00,0.00,0.00,6.55,0.55,0.00,
2026-07-30,12:12:40.478,0.08,3.03,0.03,0.89,3.48,2.94,1.43,0.79,0.75,0.0005,0.0002,0.34,0.05,70,6174.41,2038.35,3880.92,3.03,25.24,0.08,0.66,2.95,5.68,0.00,53.65,37.72,100.00,0.00,0.00,0.00,10.77,4.70,0.00,
2026-07-30,12:12:41.479,0.07,2.86,0.02,0.82,3.19,2.48,1.31,0.80,0.86,0.0005,0.0003,0.30,0.03,70,5216.77,1823.02,3881.95,2.86,23.85,0.07,0.56,2.88,7.23,0.00,52.87,37.03,100.00,0.00,0.00,0.00,10.05,4.01,0.00,
2026-07-30,12:12:42.479,0.04,2.82,0.02,0.69,2.68,12.43,0.66,0.51,0.89,0.0037,0.0002,0.95,0.27,70,3339.25,1185.52,3877.61,2.82,23.47,0.04,0.36,2.22,10.96,0.00,50.02,36.79,100.00,0.00,0.00,0.00,9.13,2.94,0.00,
2026-07-30,12:12:43.479,0.11,2.43,0.05,0.99,3.87,18.08,2.41,0.59,0.83,0.0021,0.0003,1.34,0.26,59,8644.86,3554.24,3876.75,2.43,20.27,0.11,0.93,4.61,0.63,0.00,57.73,37.03,100.00,0.00,0.00,0.00,12.93,6.86,0.00,
2026-07-30,12:12:44.478,0.09,2.61,0.03,0.89,3.47,9.29,2.30,0.65,0.74,0.0013,0.0003,0.81,0.26,68,6998.75,2682.51,3878.05,2.61,21.74,0.09,0.75,3.88,6.14,0.00,52.97,37.01,100.00,0.00,0.00,0.00,12.26,6.06,0.00,
2026-07-30,12:12:45.479,0.01,1.36,0.00,0.34,1.33,2.23,0.13,0.80,0.96,0.0048,0.0003,0.29,0.03,70,468.48,345.01,3881.81,1.36,11.32,0.01,0.05,1.30,4.74,0.00,54.73,39.23,100.00,0.00,0.00,0.00,6.35,0.33,0.00,
2026-07-30,12:12:46.479,0.07,3.01,0.02,0.91,3.53,2.58,1.37,0.79,0.70,0.0005,0.0002,0.31,0.04,70,5715.06,1900.25,3877.72,3.01,25.06,0.07,0.61,2.70,0.30,0.00,59.14,37.85,100.00,0.00,0.00,0.00,10.35,4.39,0.00,
2026-07-30,12:12:47.479,0.01,1.17,0.01,0.37,1.43,2.95,0.22,0.78,0.97,0.0046,0.0003,0.33,0.04,70,634.82,541.06,3877.29,1.17,9.78,0.01,0.07,1.91,11.91,0.00,48.24,37.95,100.00,0.00,0.00,0.00,6.70,0.65,0.00,
2026-07-30,12:12:48.478,0.07,3.14,0.02,0.99,3.86,1.43,1.35,0.83,0.66,0.0003,0.0002,0.24,0.01,71,5559.95,1770.02,3877.46,3.14,26.18,0.07,0.60,2.30,2.90,0.00,56.84,37.95,100.00,0.00,0.00,0.00,10.29,4.32,0.00,
2026-07-30,12:12:49.479,0.07,3.13,0.02,0.99,3.88,1.16,1.35,0.87,0.65,0.0002,0.0002,0.22,0.01,70,5517.10,1761.72,3881.13,3.13,26.10,0.07,0.59,2.28,0.21,0.00,59.76,37.75,100.00,0.00,0.00,0.00,10.18,4.27,0.00,
2026-07-30,12:12:50.480,0.00,1.41,0.00,0.35,1.37,0.76,0.08,0.86,0.97,0.0030,0.0003,0.19,0.01,71,256.90,182.30,3881.85,1.41,11.74,0.00,0.03,0.67,0.16,0.00,59.64,39.53,100.00,0.00,0.00,0.00,6.05,0.17,0.00,
2026-07-30,12:12:51.480,0.07,3.12,0.02,0.96,3.75,1.44,1.37,0.86,0.65,0.0003,0.0002,0.25,0.01,70,5492.36,1763.01,3876.96,3.12,25.96,0.07,0.59,2.36,0.17,0.00,59.79,37.67,100.00,0.00,0.00,0.00,10.17,4.26,0.00,
2026-07-30,12:12:52.479,0.07,3.13,0.02,1.01,3.94,1.24,1.32,0.85,0.66,0.0002,0.0002,0.23,0.01,68,5404.60,1725.79,3877.29,3.13,26.10,0.07,0.58,2.20,0.13,0.00,59.63,38.04,100.00,0.00,0.00,0.00,10.13,4.23,0.00,
2026-07-30,12:12:53.480,0.00,1.39,0.00,0.34,1.33,0.82,0.07,0.86,0.97,0.0031,0.0003,0.20,0.01,70,261.72,188.28,3877.98,1.39,11.58,0.00,0.03,0.71,0.19,0.00,59.53,39.56,100.00,0.00,0.00,0.00,6.07,0.18,0.00,
2026-07-30,12:12:54.480,0.07,3.12,0.02,1.00,3.91,1.32,1.39,0.85,0.65,0.0002,0.0002,0.23,0.01,71,5675.43,1819.83,3879.27,3.12,25.99,0.07,0.61,2.34,0.19,0.00,59.52,37.95,100.00,0.00,0.00,0.00,10.21,4.30,0.00,
2026-07-30,12:12:55.480,0.01,1.95,0.00,0.45,1.74,1.31,0.09,0.81,0.98,0.0022,0.0001,0.23,0.02,70,600.41,308.47,3880.39,1.95,16.22,0.01,0.06,0.89,0.28,0.00,59.66,39.18,100.00,0.00,0.00,0.00,6.31,0.40,0.00,
2026-07-30,12:12:56.480,0.12,2.33,0.05,0.73,2.84,11.02,3.53,0.73,0.83,0.0012,0.0004,0.87,0.18,70,9313.91,3997.05,3877.40,2.33,19.42,0.12,1.00,7.07,21.08,0.00,43.68,28.16,100.00,0.00,0.00,0.00,15.00,8.76,0.00,
2026-07-30,12:12:57.480,0.08,2.97,0.03,0.92,3.61,1.99,1.55,0.84,0.66,0.0003,0.0003,0.28,0.02,70,5905.31,1985.41,3880.90,2.97,24.79,0.08,0.63,2.77,6.94,0.00,53.34,36.95,100.00,0.00,0.00,0.00,10.67,4.66,0.00,
2026-07-30,12:12:58.482,0.01,1.51,0.00,0.34,1.33,1.73,0.24,0.85,0.93,0.0036,0.0005,0.26,0.03,69,487.69,323.71,3881.16,1.51,12.55,0.01,0.05,1.23,4.76,0.00,55.03,38.98,100.00,0.00,0.00,0.00,6.33,0.31,0.00,
2026-07-30,12:12:59.482,0.07,3.05,0.02,0.95,3.69,2.09,1.45,0.82,0.66,0.0004,0.0003,0.29,0.02,70,5756.00,1886.64,3879.83,3.05,25.42,0.07,0.62,2.57,0.24,0.00,59.65,37.54,100.00,0.00,0.00,0.00,10.39,4.44,0.00,
2026-07-30,12:13:00.482,0.07,3.04,0.02,0.93,3.62,2.13,1.51,0.83,0.64,0.0004,0.0003,0.30,0.03,68,5693.41,1875.19,3881.44,3.04,25.30,0.07,0.61,2.60,2.29,0.00,57.77,37.34,100.00,0.00,0.00,0.00,10.44,4.43,0.01,
2026-07-30,12:13:01.482,0.00,1.32,0.00,0.32,1.25,2.28,0.13,0.77,0.96,0.0060,0.0003,0.29,0.03,70,380.38,287.19,3877.42,1.32,11.04,0.00,0.04,1.15,0.42,0.00,59.39,39.04,100.00,0.00,0.00,0.00,6.12,0.20,0.00,
2026-07-30,12:13:02.483,0.08,2.95,0.03,0.92,3.59,2.77,1.47,0.79,0.72,0.0005,0.0002,0.32,0.04,70,6022.15,2039.18,3878.66,2.95,24.61,0.08,0.65,2.86,3.59,0.00,55.89,37.66,100.00,0.00,0.00,0.00,10.68,4.68,0.00,
2026-07-30,12:13:03.483,0.00,1.45,0.00,0.35,1.35,1.41,0.12,0.84,0.96,0.0037,0.0003,0.23,0.02,71,380.19,261.49,3880.42,1.45,12.12,0.00,0.04,0.97,1.42,0.00,58.21,39.39,100.00,0.00,0.00,0.00,6.20,0.26,0.00,
2026-07-30,12:13:04.484,0.07,2.99,0.02,0.90,3.53,2.00,1.43,0.84,0.71,0.0004,0.0003,0.28,0.02,71,5544.39,1854.46,3881.18,2.99,24.91,0.07,0.60,2.64,1.34,0.00,58.68,37.34,100.00,0.00,0.00,0.00,10.21,4.25,0.00,
2026-07-30,12:13:05.484,0.07,2.97,0.02,0.86,3.37,2.30,1.56,0.85,0.67,0.0004,0.0003,0.30,0.02,70,5760.92,1937.16,3879.13,2.97,24.78,0.07,0.62,2.89,5.45,0.00,54.75,36.91,100.00,0.00,0.00,0.00,10.53,4.43,0.00,
2026-07-30,12:13:06.484,0.01,1.88,0.01,0.45,1.75,2.59,0.16,0.76,0.96,0.0033,0.0002,0.31,0.05,71,783.72,416.27,3881.48,1.88,15.69,0.01,0.08,1.20,2.75,0.00,57.51,38.55,100.00,0.00,0.00,0.00,6.54,0.56,0.00,
2026-07-30,12:13:07.485,0.07,2.99,0.02,0.95,3.69,3.13,1.35,0.72,0.73,0.0005,0.0002,0.37,0.05,70,5765.13,1928.49,3881.63,2.99,24.91,0.07,0.62,2.63,6.01,0.00,53.40,37.96,100.00,0.00,0.00,0.00,10.44,4.37,0.00,
2026-07-30,12:13:08.487,0.07,3.03,0.02,0.90,3.49,1.90,1.37,0.83,0.68,0.0003,0.0002,0.27,0.01,69,5652.42,1865.64,3882.31,3.03,25.25,0.07,0.61,2.68,4.97,0.00,54.46,37.89,100.00,0.00,0.00,0.00,10.33,4.30,0.00,
2026-07-30,12:13:09.487,0.00,1.43,0.00,0.37,1.45,0.68,0.07,0.87,0.97,0.0027,0.0003,0.19,0.01,70,253.64,177.74,3881.57,1.43,11.89,0.00,0.03,0.62,0.15,0.00,59.64,39.59,100.00,0.00,0.00,0.00,6.04,0.17,0.00,
2026-07-30,12:13:10.490,0.07,3.12,0.02,1.01,3.93,1.89,1.33,0.79,0.68,0.0003,0.0002,0.27,0.02,66,5794.75,1856.67,3879.83,3.12,26.01,0.07,0.62,2.37,0.12,0.00,59.56,37.95,100.00,0.00,0.00,0.00,10.32,4.40,0.00,
2026-07-30,12:13:11.488,0.00,1.13,0.00,0.30,1.19,1.60,0.20,0.84,0.91,0.0049,0.0006,0.25,0.02,71,327.10,290.72,3879.59,1.13,9.38,0.00,0.04,1.23,10.05,0.00,50.57,38.15,100.00,0.00,0.00,0.00,6.31,0.31,0.00,
2026-07-30,12:13:12.487,0.11,3.17,0.04,1.00,3.90,12.86,1.93,0.52,0.71,0.0015,0.0002,0.97,0.27,68,8665.76,2736.90,3877.54,3.17,26.39,0.11,0.93,3.53,9.54,0.00,50.30,36.63,100.00,0.00,0.00,0.00,13.31,7.17,0.00,
2026-07-30,12:13:13.489,0.07,3.10,0.02,0.98,3.84,1.41,1.34,0.85,0.66,0.0003,0.0002,0.24,0.02,69,5543.14,1785.97,3881.23,3.10,25.86,0.07,0.60,2.34,0.88,0.00,58.77,38.01,100.00,0.00,0.00,0.00,10.21,4.26,0.00,
2026-07-30,12:13:14.489,0.01,1.93,0.00,0.44,1.73,1.35,0.08,0.82,0.98,0.0023,0.0001,0.23,0.02,70,594.81,307.77,3880.30,1.93,16.11,0.01,0.06,0.89,0.41,0.00,59.18,39.52,100.00,0.00,0.00,0.00,6.30,0.38,0.00,
2026-07-30,12:13:15.490,0.08,3.07,0.03,0.99,3.87,2.69,1.37,0.75,0.69,0.0004,0.0002,0.33,0.01,70,6306.48,2056.13,3881.61,3.07,25.56,0.08,0.68,2.67,0.20,0.00,59.15,37.98,100.00,0.00,0.00,0.00,10.58,4.64,0.00,
2026-07-30,12:13:16.490,0.07,3.10,0.02,0.98,3.82,1.54,1.36,0.84,0.65,0.0003,0.0002,0.25,0.01,68,5535.61,1784.50,3878.68,3.10,25.85,0.07,0.59,2.35,0.20,0.00,59.55,37.90,100.00,0.00,0.00,0.00,10.13,4.22,0.00,
2026-07-30,12:13:17.490,0.01,1.12,0.01,0.37,1.43,2.33,0.26,0.81,0.97,0.0042,0.0005,0.29,0.03,70,550.90,490.51,3880.34,1.12,9.36,0.01,0.06,1.72,13.00,0.00,48.37,36.90,100.00,0.00,0.00,0.00,6.74,0.66,0.00,
2026-07-30,12:13:18.490,0.07,3.08,0.02,0.98,3.81,1.40,1.34,0.86,0.66,0.0003,0.0002,0.24,0.01,70,5496.38,1782.95,3879.56,3.08,25.69,0.07,0.59,2.35,0.76,0.00,59.04,37.84,100.00,0.00,0.00,0.00,10.14,4.22,0.00,
2026-07-30,12:13:19.490,0.00,1.41,0.00,0.35,1.36,0.61,0.09,0.90,0.96,0.0024,0.0004,0.18,0.00,71,250.58,177.87,3877.54,1.41,11.74,0.00,0.03,0.66,0.23,0.00,59.65,39.46,100.00,0.00,0.00,0.00,6.05,0.17,0.00,
2026-07-30,12:13:20.491,0.07,3.14,0.02,1.02,3.98,1.26,1.37,0.86,0.65,0.0002,0.0002,0.23,0.01,71,5593.35,1780.41,3881.75,3.14,26.18,0.07,0.60,2.25,0.13,0.00,59.66,37.97,100.00,0.00,0.00,0.00,10.19,4.29,0.00,
2026-07-30,12:13:21.492,0.07,3.01,0.02,0.90,3.50,1.78,1.43,0.87,0.67,0.0003,0.0003,0.27,0.02,70,5527.93,1834.32,3881.60,3.01,25.11,0.07,0.59,2.64,0.39,0.00,59.82,37.16,100.00,0.00,0.00,0.00,10.18,4.23,0.00,
2026-07-30,12:13:22.492,0.01,1.56,0.00,0.44,1.72,3.51,0.13,0.70,0.97,0.0060,0.0002,0.35,0.08,70,582.13,372.04,3877.60,1.56,13.04,0.01,0.06,1.09,0.23,0.00,59.27,39.41,100.00,0.00,0.00,0.00,6.40,0.46,0.00,
2026-07-30,12:13:23.492,0.07,3.07,0.02,0.94,3.66,1.46,1.38,0.87,0.66,0.0003,0.0002,0.24,0.01,71,5553.99,1807.87,3879.71,3.07,25.60,0.07,0.60,2.48,0.22,0.00,59.49,37.80,100.00,0.00,0.00,0.00,10.16,4.23,0.00,
2026-07-30,12:13:24.493,0.07,3.08,0.02,0.96,3.73,1.65,1.35,0.84,0.68,0.0003,0.0002,0.25,0.02,70,5581.72,1812.76,3879.63,3.08,25.66,0.07,0.60,2.44,0.28,0.00,59.55,37.73,100.00,0.00,0.00,0.00,10.17,4.23,0.00,
2026-07-30,12:13:25.493,0.00,1.21,0.00,0.31,1.19,1.85,0.11,0.85,0.96,0.0050,0.0003,0.26,0.03,71,373.23,308.19,3880.18,1.21,10.09,0.00,0.04,1.30,0.41,0.00,59.05,39.24,100.00,0.00,0.00,0.00,6.16,0.20,0.00,
2026-07-30,12:13:26.494,0.07,2.94,0.03,0.83,3.23,2.11,1.56,0.89,0.68,0.0004,0.0003,0.30,0.04,71,5795.77,1970.86,3880.34,2.94,24.51,0.07,0.62,3.07,0.88,0.00,59.49,36.56,100.00,0.00,0.00,0.00,10.39,4.40,0.00,
2026-07-30,12:13:27.494,0.01,1.55,0.01,0.38,1.47,2.60,0.35,0.79,0.89,0.0043,0.0006,0.33,0.05,59,599.99,388.03,3881.05,1.55,12.89,0.01,0.06,1.33,0.38,0.00,59.59,38.70,100.00,0.00,0.00,0.00,6.38,0.42,0.00,
2026-07-30,12:13:28.494,0.07,3.10,0.02,0.93,3.61,1.09,1.40,0.91,0.64,0.0002,0.0003,0.22,0.01,71,5538.60,1789.09,3876.97,3.10,25.80,0.07,0.60,2.49,0.25,0.00,59.89,37.38,100.00,0.00,0.00,0.00,10.16,4.23,0.00,
2026-07-30,12:13:29.493,0.07,3.00,0.02,0.88,3.45,2.03,1.50,0.86,0.66,0.0004,0.0003,0.28,0.03,70,5656.18,1885.57,3877.86,3.00,25.00,0.07,0.61,2.75,0.25,0.00,59.98,37.02,100.00,0.00,0.00,0.00,10.29,4.34,0.00,
2026-07-30,12:13:30.493,0.00,1.55,0.00,0.36,1.42,1.26,0.16,0.84,0.94,0.0033,0.0004,0.23,0.02,70,386.01,248.28,3877.92,1.55,12.96,0.00,0.04,0.88,0.17,0.00,59.83,39.12,100.00,0.00,0.00,0.00,6.20,0.30,0.00,
2026-07-30,12:13:31.494,0.07,2.93,0.02,0.88,3.43,1.92,1.29,0.85,0.82,0.0004,0.0003,0.27,0.02,71,5128.19,1750.84,3881.55,2.93,24.41,0.07,0.55,2.57,0.33,0.00,59.11,37.99,100.00,0.00,0.00,0.00,9.67,3.71,0.00,
2026-07-30,12:13:32.496,0.07,2.89,0.02,0.83,3.23,2.78,1.29,0.79,0.81,0.0005,0.0003,0.32,0.03,70,5161.56,1788.23,3878.71,2.89,24.05,0.07,0.55,2.78,1.31,0.00,58.22,37.68,100.00,0.00,0.00,0.00,9.79,3.83,0.00,
2026-07-30,12:13:33.494,0.02,1.60,0.01,0.43,1.66,3.68,0.64,0.77,0.87,0.0030,0.0005,0.39,0.06,71,1211.57,754.94,3879.60,1.60,13.37,0.02,0.13,2.28,13.01,0.00,49.20,35.50,100.00,0.00,0.00,0.00,7.43,1.34,0.00,
2026-07-30,12:13:34.494,0.10,2.37,0.04,1.01,3.93,13.66,3.53,0.65,0.69,0.0018,0.0005,1.07,0.13,69,7786.09,3282.16,3877.97,2.37,19.77,0.10,0.84,4.20,1.49,0.00,57.48,36.83,100.00,0.00,0.00,0.00,12.76,6.68,0.00,
2026-07-30,12:13:35.496,0.01,2.20,0.01,0.53,2.05,1.56,0.41,0.81,0.86,0.0015,0.0004,0.25,0.01,54,1033.12,469.10,3884.37,2.20,18.35,0.01,0.11,1.15,3.41,0.00,57.03,38.41,100.00,0.00,0.00,0.00,6.70,0.72,0.00,
2026-07-30,12:13:36.496,0.07,3.01,0.02,0.87,3.38,2.00,1.35,0.88,0.69,0.0004,0.0003,0.29,0.03,71,5378.75,1784.46,3877.32,3.01,25.12,0.07,0.58,2.65,0.56,0.00,59.98,36.81,100.00,0.00,0.00,0.00,10.17,4.20,0.00,
2026-07-30,12:13:37.497,0.08,2.96,0.03,0.86,3.34,3.26,1.47,0.81,0.74,0.0005,0.0002,0.35,0.06,70,5968.68,2016.49,3881.51,2.96,24.67,0.08,0.64,3.03,0.75,0.00,58.99,37.23,100.00,0.00,0.00,0.00,10.45,4.43,0.00,
2026-07-30,12:13:38.497,0.01,1.59,0.01,0.41,1.60,4.81,0.33,0.72,0.93,0.0054,0.0004,0.48,0.12,70,888.95,558.62,3879.89,1.59,13.26,0.01,0.10,1.76,0.69,0.00,58.72,38.84,100.00,0.00,0.00,0.00,6.87,0.84,0.00,
2026-07-30,12:13:39.497,0.07,3.07,0.02,0.94,3.67,1.79,1.50,0.85,0.64,0.0003,0.0003,0.27,0.02,70,5735.08,1867.93,3877.89,3.07,25.59,0.07,0.62,2.56,6.58,0.00,53.35,37.51,100.00,0.00,0.00,0.00,10.46,4.40,0.00,
2026-07-30,12:13:40.497,0.07,3.13,0.02,1.01,3.93,1.26,1.45,0.87,0.63,0.0002,0.0003,0.23,0.01,70,5617.34,1796.71,3877.66,3.13,26.05,0.07,0.60,2.30,6.19,0.00,53.86,37.65,100.00,0.00,0.00,0.00,10.22,4.17,0.00,
2026-07-30,12:13:41.497,0.01,1.16,0.00,0.37,1.44,1.81,0.27,0.84,0.96,0.0043,0.0006,0.26,0.02,71,425.13,366.18,3881.69,1.16,9.67,0.01,0.05,1.28,5.10,0.00,55.58,38.05,100.00,0.00,0.00,0.00,6.40,0.43,0.00,
2026-07-30,12:13:42.498,0.07,2.93,0.03,0.90,3.51,3.77,1.54,0.75,0.65,0.0007,0.0003,0.40,0.06,62,5787.83,1978.55,3880.61,2.93,24.38,0.07,0.62,2.83,1.11,0.00,59.10,36.96,100.00,0.00,0.00,0.00,10.46,4.49,0.00,
2026-07-30,12:13:43.499,0.06,3.19,0.02,0.94,3.65,9.15,1.18,0.52,0.78,0.0019,0.0002,0.87,0.25,52,4902.50,1536.04,3880.96,3.19,26.60,0.06,0.53,2.11,9.09,0.00,51.13,37.67,100.00,0.00,0.00,0.00,10.49,4.32,0.00,
2026-07-30,12:13:44.499,0.06,3.05,0.02,0.85,3.33,1.54,1.20,0.88,0.68,0.0003,0.0003,0.25,0.02,70,4458.37,1461.71,3878.72,3.05,25.42,0.06,0.48,2.21,0.35,0.00,59.77,37.67,100.00,0.00,0.00,0.00,9.30,3.37,0.00,
2026-07-30,12:13:45.499,0.08,2.95,0.03,0.80,3.14,2.76,1.64,0.86,0.67,0.0005,0.0003,0.34,0.05,71,5906.32,2003.77,3879.98,2.95,24.56,0.08,0.63,3.21,0.82,0.00,59.58,36.39,100.00,0.00,0.00,0.00,10.45,4.43,0.00,
2026-07-30,12:13:46.499,0.01,1.67,0.01,0.42,1.63,4.07,0.38,0.76,0.91,0.0045,0.0004,0.42,0.03,71,907.70,543.44,3878.33,1.67,13.92,0.01,0.10,1.67,0.85,0.00,59.02,38.46,100.00,0.00,0.00,0.00,6.65,0.65,0.00,
2026-07-30,12:13:47.499,0.08,2.70,0.03,0.76,2.95,5.82,1.57,0.73,0.88,0.0009,0.0002,0.52,0.10,70,6284.98,2327.40,3877.12,2.70,22.50,0.08,0.68,3.97,9.07,0.00,50.72,36.24,100.00,0.00,0.00,0.00,11.13,5.00,0.00,
2026-07-30,12:13:48.501,0.07,3.13,0.02,0.93,3.61,1.52,1.49,0.87,0.26,0.0003,0.0003,0.25,0.02,67,5484.42,1750.26,3877.24,3.13,26.11,0.07,0.59,2.43,5.25,0.00,55.18,37.13,100.00,0.00,0.00,0.00,10.26,4.24,0.00,
2026-07-30,12:13:49.499,0.00,1.53,0.00,0.39,1.51,1.00,0.12,0.85,0.95,0.0032,0.0004,0.22,0.02,70,312.30,203.54,3879.77,1.53,12.79,0.00,0.03,0.68,0.23,0.00,59.77,39.32,100.00,0.00,0.00,0.00,6.17,0.29,0.00,
2026-07-30,12:13:50.499,0.08,2.74,0.03,0.76,2.98,4.20,1.97,0.79,0.80,0.0006,0.0003,0.41,0.06,71,6539.99,2384.17,3879.92,2.74,22.86,0.08,0.70,4.02,11.77,0.00,49.16,35.05,100.00,0.00,0.00,0.00,11.32,5.22,0.00,
2026-07-30,12:13:51.500,0.04,2.70,0.02,0.75,2.94,4.19,0.96,0.71,0.80,0.0012,0.0003,0.43,0.10,50,3369.11,1248.43,3879.71,2.70,22.49,0.04,0.36,2.13,6.05,0.00,53.85,37.97,100.00,0.00,0.00,0.00,8.74,2.67,0.00,
2026-07-30,12:13:52.500,0.04,3.01,0.01,0.83,3.24,1.55,0.78,0.83,0.78,0.0005,0.0002,0.26,0.03,70,3349.02,1113.27,3879.01,3.01,25.07,0.04,0.36,1.73,4.32,0.00,56.02,37.93,100.00,0.00,0.00,0.00,8.61,2.63,0.00,
2026-07-30,12:13:53.500,0.07,3.13,0.02,0.98,3.84,1.49,1.42,0.85,0.64,0.0003,0.0003,0.25,0.02,70,5677.62,1812.65,3879.87,3.13,26.10,0.07,0.61,2.37,0.22,0.00,59.70,37.70,100.00,0.00,0.00,0.00,10.23,4.30,0.00,
2026-07-30,12:13:54.500,0.03,1.37,0.02,0.75,2.94,12.18,2.22,0.68,0.77,0.0055,0.0010,0.96,0.07,70,2211.68,1612.64,3877.78,1.37,11.43,0.03,0.24,2.76,0.54,0.00,58.67,38.03,100.00,0.00,0.00,0.00,8.19,2.15,0.00,
2026-07-30,12:13:55.500,0.08,3.00,0.03,0.87,3.38,2.54,1.61,0.84,0.66,0.0004,0.0003,0.34,0.05,70,5934.14,1976.79,3877.73,3.00,25.02,0.08,0.64,2.94,0.41,0.00,59.62,37.03,100.00,0.00,0.00,0.00,10.54,4.56,0.00,
2026-07-30,12:13:56.500,0.08,2.97,0.03,0.87,3.38,3.03,1.54,0.81,0.69,0.0005,0.0003,0.36,0.05,70,5926.22,1993.78,3879.96,2.97,24.77,0.08,0.64,2.97,4.65,0.00,55.35,37.04,100.00,0.00,0.00,0.00,10.64,4.58,0.00,
2026-07-30,12:13:57.501,0.01,1.44,0.00,0.33,1.30,1.32,0.21,0.87,0.93,0.0033,0.0005,0.24,0.02,71,405.39,282.11,3881.61,1.44,11.97,0.01,0.04,1.09,5.24,0.00,54.89,38.78,100.00,0.00,0.00,0.00,6.24,0.24,0.00,
2026-07-30,12:13:58.501,0.08,2.87,0.03,0.83,3.22,2.85,1.58,0.83,0.80,0.0005,0.0003,0.33,0.03,70,5875.64,2044.52,3876.99,2.87,23.95,0.08,0.63,3.19,2.06,0.00,58.10,36.66,100.00,0.00,0.00,0.00,10.71,4.73,0.00,
2026-07-30,12:13:59.502,0.05,2.86,0.02,0.81,3.16,2.13,1.05,0.82,0.75,0.0006,0.0003,0.29,0.02,51,3853.56,1348.63,3881.22,2.86,23.81,0.05,0.41,2.14,8.52,0.00,52.30,37.03,100.00,0.00,0.00,0.00,9.11,3.04,0.00,
2026-07-30,12:14:00.501,0.03,2.69,0.01,0.74,2.90,3.55,0.75,0.71,0.82,0.0013,0.0003,0.41,0.11,71,2671.39,994.34,3877.55,2.69,22.39,0.03,0.29,1.72,6.57,0.00,53.33,38.38,100.00,0.00,0.00,0.00,8.27,2.18,0.01,
2026-07-30,12:14:01.501,0.07,3.05,0.02,0.93,3.64,1.92,1.42,0.83,0.69,0.0003,0.0002,0.27,0.02,70,5703.57,1867.63,3877.91,3.05,25.45,0.07,0.61,2.58,2.95,0.00,56.69,37.79,100.00,0.00,0.00,0.00,10.39,4.40,0.00,
2026-07-30,12:14:02.502,0.00,1.45,0.00,0.34,1.32,1.42,0.14,0.82,0.95,0.0038,0.0004,0.24,0.02,70,372.79,257.88,3881.43,1.45,12.05,0.00,0.04,0.98,7.97,0.00,51.79,39.26,100.00,0.00,0.00,0.00,6.26,0.21,0.00,
2026-07-30,12:14:03.501,0.07,3.06,0.02,0.93,3.64,1.50,1.45,0.87,0.65,0.0003,0.0003,0.24,0.01,71,5719.64,1869.56,3877.13,3.06,25.49,0.07,0.61,2.59,1.57,0.00,58.63,37.21,100.00,0.00,0.00,0.00,10.34,4.35,0.00,
2026-07-30,12:14:04.502,0.08,3.01,0.03,0.84,3.29,1.77,1.63,0.90,0.63,0.0003,0.0003,0.26,0.02,70,5893.07,1960.85,3878.47,3.01,25.04,0.08,0.63,3.00,0.47,0.00,59.93,36.61,100.00,0.00,0.00,0.00,10.37,4.38,0.00,
2026-07-30,12:14:05.502,0.00,1.29,0.00,0.30,1.15,1.24,0.27,0.90,0.91,0.0033,0.0007,0.23,0.02,71,374.57,289.29,3879.48,1.29,10.79,0.00,0.04,1.26,0.51,0.00,59.67,38.56,100.00,0.00,0.00,0.00,6.16,0.19,0.00,
2026-07-30,12:14:06.504,0.08,2.99,0.03,0.92,3.60,2.95,1.62,0.81,0.64,0.0005,0.0003,0.36,0.06,71,5969.09,1993.52,3877.99,2.99,24.95,0.08,0.64,2.78,0.24,0.00,59.71,37.27,100.00,0.00,0.00,0.00,10.62,4.67,0.00,
2026-07-30,12:14:07.502,0.05,2.94,0.02,0.84,3.29,1.97,1.08,0.83,0.71,0.0005,0.0003,0.29,0.03,51,3990.28,1356.82,3878.73,2.94,24.51,0.05,0.43,2.08,0.25,0.00,59.69,37.98,100.00,0.00,0.00,0.00,9.04,3.09,0.00,
2026-07-30,12:14:08.502,0.03,2.75,0.01,0.69,2.69,1.41,0.60,0.87,0.81,0.0006,0.0003,0.24,0.02,71,2190.84,796.65,3878.47,2.75,22.92,0.03,0.24,1.49,0.32,0.00,59.82,38.37,100.00,0.00,0.00,0.00,7.71,1.79,0.00,
2026-07-30,12:14:09.502,0.07,3.09,0.02,0.98,3.83,1.35,1.42,0.87,0.64,0.0002,0.0003,0.23,0.01,71,5635.33,1824.42,3878.72,3.09,25.74,0.07,0.61,2.39,0.19,0.00,59.64,37.77,100.00,0.00,0.00,0.00,10.23,4.31,0.00,
2026-07-30,12:14:10.502,0.01,1.91,0.01,0.48,1.89,4.30,0.30,0.67,0.92,0.0046,0.0003,0.46,0.11,49,927.75,486.35,3877.36,1.91,15.90,0.01,0.10,1.30,0.17,0.00,59.37,39.17,100.00,0.00,0.00,0.00,6.80,0.84,0.00,
2026-07-30,12:14:11.502,0.08,2.87,0.03,0.82,3.19,3.31,1.57,0.80,0.81,0.0005,0.0003,0.36,0.05,71,6134.59,2137.56,3879.17,2.87,23.92,0.08,0.66,3.37,5.48,0.00,54.43,36.72,100.00,0.00,0.00,0.00,11.00,4.96,0.00,
2026-07-30,12:14:12.502,0.07,2.94,0.02,0.84,3.27,2.05,1.38,0.84,0.80,0.0004,0.0003,0.29,0.03,70,5242.20,1781.92,3877.68,2.94,24.52,0.07,0.56,2.74,0.88,0.00,58.93,37.45,100.00,0.00,0.00,0.00,9.72,3.77,0.00,
2026-07-30,12:14:13.502,0.05,2.91,0.02,0.74,2.88,14.29,0.84,0.50,0.85,0.0037,0.0002,1.08,0.32,71,3871.76,1328.92,3878.37,2.91,24.28,0.05,0.42,2.32,7.27,0.00,53.31,37.10,100.00,0.00,0.00,0.00,9.77,3.60,0.00,
2026-07-30,12:14:14.502,0.07,3.08,0.02,0.91,3.54,1.75,1.38,0.83,0.69,0.0003,0.0002,0.26,0.01,71,5666.10,1841.67,3879.26,3.08,25.64,0.07,0.61,2.61,0.25,0.00,59.18,37.96,100.00,0.00,0.00,0.00,10.25,4.31,0.00,
2026-07-30,12:14:15.502,0.07,3.04,0.02,0.94,3.68,2.64,1.18,0.75,0.71,0.0005,0.0002,0.32,0.01,51,5197.16,1710.20,3878.51,3.04,25.32,0.07,0.56,2.34,0.16,0.00,59.36,38.13,100.00,0.00,0.00,0.00,9.60,3.69,0.00,
2026-07-30,12:14:16.502,0.01,2.51,0.01,0.56,2.17,0.86,0.27,0.86,0.90,0.0009,0.0003,0.20,0.01,71,981.03,391.39,3877.87,2.51,20.89,0.01,0.11,0.91,0.17,0.00,59.82,39.10,100.00,0.00,0.00,0.00,6.63,0.73,0.00,
2026-07-30,12:14:17.501,0.08,2.88,0.03,0.81,3.15,2.93,1.63,0.82,0.79,0.0005,0.0003,0.34,0.03,69,5986.83,2080.77,3876.58,2.88,23.98,0.08,0.64,3.32,6.18,0.00,54.61,35.88,100.00,0.00,0.00,0.00,10.79,4.76,0.00,
2026-07-30,12:14:18.501,0.00,1.21,0.00,0.38,1.50,1.14,0.17,0.85,0.97,0.0033,0.0005,0.22,0.01,71,345.19,285.69,3877.73,1.21,10.07,0.00,0.04,0.96,4.18,0.00,56.57,38.29,100.00,0.00,0.00,0.00,6.28,0.33,0.00,
2026-07-30,12:14:19.502,0.07,3.11,0.02,0.96,3.73,1.39,1.37,0.86,0.66,0.0002,0.0002,0.24,0.01,70,5583.70,1797.68,3880.00,3.11,25.88,0.07,0.60,2.42,0.20,0.00,59.68,37.70,100.00,0.00,0.00,0.00,10.21,4.28,0.00,
2026-07-30,12:14:20.501,0.07,3.15,0.02,0.97,3.80,1.26,1.32,0.86,0.66,0.0002,0.0002,0.23,0.01,70,5436.01,1723.92,3878.13,3.15,26.28,0.07,0.58,2.28,0.16,0.00,59.58,37.97,100.00,0.00,0.00,0.00,10.08,4.16,0.00,
2026-07-30,12:14:21.502,0.00,1.39,0.00,0.35,1.35,0.79,0.09,0.87,0.97,0.0030,0.0003,0.20,0.01,71,261.34,187.84,3881.49,1.39,11.59,0.00,0.03,0.70,0.16,0.00,59.90,39.24,100.00,0.00,0.00,0.00,6.05,0.16,0.00,
2026-07-30,12:14:22.502,0.07,3.15,0.02,0.99,3.85,1.32,1.35,0.86,0.66,0.0002,0.0002,0.23,0.01,70,5514.51,1748.10,3878.41,3.15,26.29,0.07,0.59,2.28,0.16,0.00,59.66,37.89,100.00,0.00,0.00,0.00,10.16,4.25,0.00,
2026-07-30,12:14:23.504,0.07,3.15,0.02,1.00,3.90,1.19,1.27,0.86,0.67,0.0002,0.0002,0.22,0.01,50,5205.39,1650.77,3882.15,3.15,26.28,0.07,0.56,2.13,0.43,0.00,59.35,38.10,100.00,0.00,0.00,0.00,9.84,3.91,0.00,
2026-07-30,12:14:24.504,0.01,2.20,0.00,0.50,1.95,0.67,0.14,0.88,0.95,0.0011,0.0002,0.19,0.01,70,589.60,268.34,3880.27,2.20,18.31,0.01,0.06,0.69,0.12,0.00,59.62,39.56,100.00,0.00,0.00,0.00,6.37,0.48,0.00,
2026-07-30,12:14:25.504,0.07,3.12,0.02,0.96,3.75,1.94,1.34,0.80,0.61,0.0004,0.0002,0.27,0.02,67,5495.26,1762.84,3877.40,3.12,25.98,0.07,0.59,2.36,0.24,0.00,59.38,38.01,100.00,0.00,0.00,0.00,10.08,4.16,0.00,
2026-07-30,12:14:26.504,0.03,1.60,0.02,0.84,3.28,10.14,1.37,0.61,0.84,0.0047,0.0006,0.83,0.06,70,2178.00,1359.09,3879.97,1.60,13.35,0.03,0.23,2.08,0.28,0.00,58.48,39.16,100.00,0.00,0.00,0.00,7.86,1.87,0.00,
2026-07-30,12:14:27.504,0.07,3.14,0.02,0.95,3.72,1.61,1.35,0.83,0.66,0.0003,0.0002,0.25,0.01,70,5557.06,1771.00,3877.74,3.14,26.15,0.07,0.60,2.39,0.22,0.00,59.40,38.00,100.00,0.00,0.00,0.00,10.17,4.25,0.00,
2026-07-30,12:14:28.504,0.07,3.14,0.02,0.98,3.83,1.22,1.33,0.87,0.66,0.0002,0.0002,0.22,0.01,70,5508.41,1754.53,3877.37,3.14,26.16,0.07,0.59,2.31,0.15,0.00,59.48,38.06,100.00,0.00,0.00,0.00,10.16,4.25,0.00,
2026-07-30,12:14:29.504,0.00,1.44,0.00,0.34,1.32,0.71,0.07,0.88,0.97,0.0026,0.0003,0.19,0.01,70,274.63,190.14,3879.87,1.44,12.04,0.00,0.03,0.72,0.14,0.00,59.47,39.67,100.00,0.00,0.00,0.00,6.04,0.15,0.00,
2026-07-30,12:14:30.504,0.07,3.18,0.02,1.00,3.91,1.18,1.30,0.85,0.66,0.0002,0.0002,0.23,0.01,70,5416.43,1705.69,3879.85,3.18,26.46,0.07,0.58,2.19,0.10,0.00,59.58,38.12,100.00,0.00,0.00,0.00,9.98,4.08,0.00,
2026-07-30,12:14:31.504,0.07,3.18,0.02,1.01,3.94,1.21,1.34,0.86,0.66,0.0002,0.0002,0.23,0.01,68,5546.74,1745.55,3878.26,3.18,26.48,0.07,0.60,2.23,0.16,0.00,59.54,38.07,100.00,0.00,0.00,0.00,10.14,4.24,0.00,
2026-07-30,12:14:32.505,0.00,1.37,0.00,0.34,1.33,0.87,0.09,0.86,0.97,0.0033,0.0003,0.20,0.01,71,261.75,191.53,3881.80,1.37,11.39,0.00,0.03,0.72,0.16,0.00,59.55,39.57,100.00,0.00,0.00,0.00,6.09,0.19,0.00,
2026-07-30,12:14:33.505,0.07,3.13,0.02,0.95,3.72,1.39,1.39,0.86,0.65,0.0002,0.0002,0.24,0.01,70,5579.71,1779.86,3879.76,3.13,26.12,0.07,0.60,2.41,0.15,0.00,59.65,37.79,100.00,0.00,0.00,0.00,10.14,4.22,0.00,
2026-07-30,12:14:34.506,0.00,1.44,0.00,0.36,1.41,0.97,0.09,0.84,0.97,0.0034,0.0003,0.21,0.01,71,283.51,197.49,3881.57,1.44,11.96,0.00,0.03,0.70,0.14,0.00,59.50,39.66,100.00,0.00,0.00,0.00,6.09,0.19,0.00,
2026-07-30,12:14:35.507,0.07,3.14,0.02,0.96,3.75,1.41,1.38,0.85,0.66,0.0003,0.0002,0.24,0.01,70,5614.75,1788.93,3879.77,3.14,26.16,0.07,0.60,2.40,0.24,0.00,59.66,37.70,100.00,0.00,0.00,0.00,10.23,4.31,0.00,
2026-07-30,12:14:36.507,0.07,3.12,0.02,0.99,3.88,1.32,1.40,0.86,0.64,0.0002,0.0002,0.23,0.01,70,5611.01,1801.24,3879.78,3.12,25.96,0.07,0.60,2.33,0.31,0.00,59.73,37.62,100.00,0.00,0.00,0.00,10.25,4.33,0.00,
2026-07-30,12:14:37.508,0.00,1.31,0.00,0.32,1.26,0.85,0.14,0.89,0.95,0.0032,0.0005,0.20,0.01,70,263.00,200.29,3881.77,1.31,10.94,0.00,0.03,0.80,0.20,0.00,59.85,39.16,100.00,0.00,0.00,0.00,6.06,0.16,0.00,
2026-07-30,12:14:38.508,0.07,3.11,0.02,0.98,3.83,1.33,1.42,0.87,0.64,0.0002,0.0003,0.23,0.01,71,5648.50,1816.52,3878.17,3.11,25.91,0.07,0.61,2.38,0.17,0.00,59.72,37.73,100.00,0.00,0.00,0.00,10.23,4.31,0.00,
2026-07-30,12:14:39.507,0.07,3.13,0.02,1.00,3.90,1.26,1.41,0.87,0.64,0.0002,0.0002,0.23,0.01,68,5670.01,1810.49,3877.62,3.13,26.10,0.07,0.61,2.34,0.14,0.00,59.57,37.95,100.00,0.00,0.00,0.00,10.18,4.28,0.00,
2026-07-30,12:14:40.509,0.00,1.45,0.00,0.36,1.40,0.66,0.07,0.88,0.97,0.0026,0.0003,0.19,0.01,71,255.38,176.60,3881.48,1.45,12.05,0.00,0.03,0.64,0.20,0.00,59.53,39.63,100.00,0.00,0.00,0.00,6.08,0.19,0.00,
2026-07-30,12:14:41.508,0.07,2.94,0.03,0.85,3.32,2.13,1.46,0.84,0.81,0.0004,0.0003,0.28,0.02,70,5795.50,1969.29,3879.36,2.94,24.52,0.07,0.62,2.99,2.01,0.00,57.68,37.32,100.00,0.00,0.00,0.00,10.53,4.55,0.00,
2026-07-30,12:14:42.509,0.00,1.38,0.00,0.35,1.35,0.92,0.07,0.84,0.97,0.0036,0.0003,0.20,0.01,71,256.99,186.50,3881.15,1.38,11.48,0.00,0.03,0.69,1.98,0.00,57.66,39.66,100.00,0.00,0.00,0.00,6.08,0.17,0.00,
2026-07-30,12:14:43.510,0.12,3.15,0.04,1.00,3.91,12.80,2.19,0.53,0.69,0.0013,0.0002,1.13,0.33,70,9541.19,3024.21,3881.74,3.15,26.29,0.12,1.02,3.89,6.62,0.00,53.35,36.15,100.00,0.00,0.00,0.00,14.24,8.02,0.00,
2026-07-30,12:14:44.511,0.07,3.12,0.02,0.97,3.77,1.64,1.35,0.83,0.66,0.0003,0.0002,0.25,0.01,70,5666.83,1818.70,3879.61,3.12,25.97,0.07,0.61,2.43,0.24,0.00,59.33,38.01,100.00,0.00,0.00,0.00,10.22,4.29,0.00,
2026-07-30,12:14:45.511,0.00,1.35,0.00,0.34,1.32,0.79,0.08,0.88,0.97,0.0030,0.0003,0.19,0.01,71,259.19,191.88,3879.71,1.35,11.26,0.00,0.03,0.73,0.50,0.00,59.32,39.45,100.00,0.00,0.00,0.00,6.08,0.16,0.00,
2026-07-30,12:14:46.512,0.07,3.10,0.02,0.94,3.69,1.51,1.39,0.85,0.66,0.0003,0.0002,0.24,0.01,71,5657.17,1827.20,3881.61,3.10,25.80,0.07,0.61,2.49,0.23,0.00,59.63,37.65,100.00,0.00,0.00,0.00,10.25,4.31,0.00,
2026-07-30,12:14:47.511,0.07,2.97,0.03,0.90,3.50,2.20,1.48,0.82,0.80,0.0004,0.0003,0.29,0.02,69,5768.40,1941.70,3877.82,2.97,24.76,0.07,0.62,2.79,7.80,0.00,52.50,36.90,100.00,0.00,0.00,0.00,10.68,4.67,0.00,
2026-07-30,12:14:48.511,0.01,1.22,0.00,0.36,1.42,1.74,0.14,0.79,0.98,0.0042,0.0003,0.25,0.02,70,414.58,339.73,3877.57,1.22,10.17,0.01,0.04,1.20,4.79,0.00,55.07,38.94,100.00,0.00,0.00,0.00,6.37,0.36,0.00,
2026-07-30,12:14:49.512,0.07,3.12,0.02,0.97,3.79,1.35,1.38,0.86,0.65,0.0002,0.0002,0.24,0.01,70,5631.46,1805.57,3879.63,3.12,25.99,0.07,0.60,2.39,0.21,0.00,59.56,37.84,100.00,0.00,0.00,0.00,10.23,4.31,0.00,
2026-07-30,12:14:50.512,0.00,1.52,0.00,0.38,1.46,0.53,0.06,0.88,0.97,0.0022,0.0003,0.18,0.00,71,244.35,160.67,3880.08,1.52,12.67,0.00,0.03,0.55,0.15,0.00,59.58,39.72,100.00,0.00,0.00,0.00,6.02,0.16,0.00,
2026-07-30,12:14:51.512,0.07,3.13,0.02,0.98,3.84,1.38,1.39,0.85,0.65,0.0002,0.0002,0.24,0.01,71,5649.04,1804.51,3877.73,3.13,26.09,0.07,0.61,2.37,0.19,0.00,59.72,37.72,100.00,0.00,0.00,0.00,10.26,4.34,0.00,
2026-07-30,12:14:52.512,0.07,3.13,0.02,0.96,3.76,1.35,1.39,0.87,0.65,0.0002,0.0002,0.24,0.01,70,5667.09,1811.58,3877.90,3.13,26.07,0.07,0.61,2.42,0.36,0.00,59.44,37.78,100.00,0.00,0.00,0.00,10.28,4.35,0.00,
2026-07-30,12:14:53.512,0.00,1.37,0.00,0.34,1.33,0.77,0.12,0.88,0.95,0.0029,0.0005,0.20,0.01,70,265.62,193.77,3881.52,1.37,11.42,0.00,0.03,0.73,0.22,0.00,59.67,39.38,100.00,0.00,0.00,0.00,6.08,0.18,0.00,
2026-07-30,12:14:54.512,0.07,3.09,0.02,0.95,3.72,1.45,1.42,0.86,0.64,0.0003,0.0003,0.24,0.01,70,5618.48,1817.81,3877.87,3.09,25.76,0.07,0.60,2.46,0.16,0.00,59.72,37.66,100.00,0.00,0.00,0.00,10.20,4.27,0.00,
2026-07-30,12:14:55.512,0.07,3.17,0.02,0.99,3.87,1.18,1.39,0.87,0.64,0.0002,0.0002,0.22,0.01,69,5687.19,1794.43,3877.87,3.17,26.41,0.07,0.61,2.33,0.13,0.00,59.70,37.84,100.00,0.00,0.00,0.00,10.27,4.36,0.00,
2026-07-30,12:14:56.513,0.01,1.35,0.01,0.53,2.07,2.78,0.30,0.71,0.91,0.0051,0.0005,0.33,0.02,70,543.79,404.03,3881.54,1.35,11.22,0.01,0.06,0.98,0.11,0.00,59.41,39.50,100.00,0.00,0.00,0.00,6.40,0.49,0.00,
2026-07-30,12:14:57.513,0.07,3.14,0.02,0.98,3.82,1.37,1.40,0.86,0.64,0.0002,0.0002,0.24,0.01,70,5624.81,1790.54,3877.68,3.14,26.18,0.07,0.60,2.36,0.17,0.00,59.71,37.76,100.00,0.00,0.00,0.00,10.26,4.34,0.00,
2026-07-30,12:14:58.513,0.00,1.43,0.00,0.35,1.35,0.69,0.10,0.88,0.96,0.0027,0.0004,0.19,0.01,71,256.12,179.56,3879.73,1.43,11.89,0.00,0.03,0.67,0.14,0.00,59.78,39.41,100.00,0.00,0.00,0.00,6.03,0.15,0.00,
2026-07-30,12:14:59.513,0.07,3.14,0.02,1.02,3.99,1.17,1.37,0.86,0.64,0.0002,0.0002,0.22,0.01,70,5591.46,1778.70,3877.73,3.14,26.20,0.07,0.60,2.24,0.17,0.00,59.66,37.93,100.00,0.00,0.00,0.00,10.18,4.28,0.00,
2026-07-30,12:15:00.513,0.07,3.12,0.02,0.97,3.76,1.62,1.40,0.84,0.65,0.0003,0.0002,0.27,0.02,70,5655.68,1811.72,3877.87,3.12,26.01,0.07,0.61,2.42,1.75,0.00,58.12,37.71,100.00,0.00,0.00,0.00,10.30,4.34,0.01,
2026-07-30,12:15:01.514,0.00,1.52,0.00,0.37,1.46,0.60,0.07,0.87,0.97,0.0024,0.0003,0.18,0.01,71,250.08,164.10,3881.70,1.52,12.70,0.00,0.03,0.57,0.17,0.00,59.61,39.65,100.00,0.00,0.00,0.00,6.05,0.17,0.00,
2026-07-30,12:15:02.514,0.07,3.09,0.02,0.97,3.76,1.58,1.41,0.84,0.66,0.0003,0.0002,0.25,0.01,70,5762.38,1866.09,3877.38,3.09,25.73,0.07,0.62,2.49,2.09,0.00,57.51,37.91,100.00,0.00,0.00,0.00,10.40,4.43,0.00,
2026-07-30,12:15:03.514,0.07,3.18,0.02,1.01,3.94,0.96,1.37,0.88,0.42,0.0002,0.0002,0.21,0.01,66,5484.80,1725.26,3879.93,3.18,26.49,0.07,0.59,2.20,0.15,0.00,59.59,38.06,100.00,0.00,0.00,0.00,10.11,4.21,0.00,
2026-07-30,12:15:04.514,0.00,1.36,0.00,0.33,1.28,0.52,0.07,0.90,0.96,0.0026,0.0004,0.18,0.01,71,197.98,145.08,3877.55,1.36,11.37,0.00,0.02,0.57,0.13,0.00,59.77,39.54,100.00,0.00,0.00,0.00,6.02,0.14,0.00,
2026-07-30,12:15:05.514,0.07,3.15,0.02,1.00,3.90,1.22,1.37,0.86,0.65,0.0002,0.0002,0.23,0.01,70,5640.93,1791.38,3880.17,3.15,26.24,0.07,0.61,2.31,0.21,0.00,59.64,37.84,100.00,0.00,0.00,0.00,10.22,4.31,0.00,
2026-07-30,12:15:06.514,0.00,1.43,0.00,0.35,1.37,0.71,0.06,0.87,0.97,0.0028,0.0003,0.19,0.01,71,253.63,177.00,3877.60,1.43,11.94,0.00,0.03,0.65,0.44,0.00,59.52,39.40,100.00,0.00,0.00,0.00,6.04,0.15,0.00,
2026-07-30,12:15:07.514,0.07,3.15,0.02,1.00,3.90,2.07,1.35,0.78,0.67,0.0004,0.0002,0.27,0.03,71,5717.51,1813.45,3879.45,3.15,26.27,0.07,0.61,2.34,0.16,0.00,59.55,37.96,100.00,0.00,0.00,0.00,10.29,4.37,0.00,
2026-07-30,12:15:08.514,0.07,3.16,0.02,0.98,3.81,1.31,1.38,0.87,0.64,0.0002,0.0002,0.23,0.01,70,5695.14,1802.17,3878.11,3.16,26.33,0.07,0.61,2.38,0.16,0.00,59.65,37.80,100.00,0.00,0.00,0.00,10.33,4.40,0.00,
2026-07-30,12:15:09.515,0.00,1.42,0.00,0.36,1.40,0.63,0.10,0.89,0.96,0.0025,0.0004,0.19,0.01,71,254.21,179.06,3881.22,1.42,11.83,0.00,0.03,0.64,0.16,0.00,59.66,39.54,100.00,0.00,0.00,0.00,6.04,0.16,0.00,
2026-07-30,12:15:10.515,0.07,3.11,0.02,1.00,3.88,1.60,1.36,0.83,0.67,0.0003,0.0002,0.25,0.01,70,5640.28,1814.71,3881.46,3.11,25.90,0.07,0.61,2.35,0.13,0.00,59.48,38.05,100.00,0.00,0.00,0.00,10.26,4.33,0.00,
2026-07-30,12:15:11.515,0.07,3.08,0.02,0.95,3.69,1.65,1.42,0.84,0.66,0.0003,0.0003,0.26,0.01,68,5673.06,1840.26,3877.27,3.08,25.69,0.07,0.61,2.51,0.52,0.00,59.28,37.70,100.00,0.00,0.00,0.00,10.32,4.39,0.00,
2026-07-30,12:15:12.515,0.00,1.19,0.00,0.38,1.48,1.45,0.18,0.83,0.97,0.0038,0.0005,0.24,0.02,71,376.78,316.92,3878.10,1.19,9.91,0.00,0.04,1.08,5.08,0.00,55.30,38.55,100.00,0.00,0.00,0.00,6.36,0.41,0.00,
2026-07-30,12:15:13.516,0.13,3.16,0.04,0.96,3.76,16.22,2.30,0.53,0.69,0.0017,0.0002,1.21,0.35,68,9725.50,3078.96,3881.90,3.16,26.32,0.13,1.04,4.12,9.51,0.00,50.85,35.52,100.00,0.00,0.00,0.00,14.36,8.13,0.00,
2026-07-30,12:15:14.517,0.00,1.38,0.00,0.37,1.43,1.08,0.11,0.83,0.96,0.0036,0.0004,0.21,0.02,71,295.46,213.37,3881.38,1.38,11.54,0.00,0.03,0.75,0.97,0.00,58.79,39.49,100.00,0.00,0.00,0.00,6.16,0.21,0.00,
2026-07-30,12:15:15.517,0.07,3.14,0.02,1.00,3.91,1.27,1.42,0.86,0.64,0.0002,0.0003,0.23,0.01,70,5684.21,1808.15,3877.95,3.14,26.20,0.07,0.61,2.32,0.17,0.00,59.73,37.78,100.00,0.00,0.00,0.00,10.28,4.37,0.00,
2026-07-30,12:15:16.517,0.07,3.13,0.02,1.00,3.89,1.18,1.43,0.87,0.63,0.0002,0.0003,0.22,0.01,70,5643.26,1802.62,3877.96,3.13,26.09,0.07,0.61,2.33,0.17,0.00,59.81,37.69,100.00,0.00,0.00,0.00,10.23,4.33,0.00,
2026-07-30,12:15:17.517,0.02,1.89,0.01,0.46,1.81,4.01,0.33,0.69,0.95,0.0032,0.0003,0.41,0.04,70,1270.00,672.00,3881.69,1.89,15.75,0.02,0.14,1.86,8.92,0.00,50.88,38.34,100.00,0.00,0.00,0.00,6.90,0.85,0.00,
2026-07-30,12:15:18.517,0.07,2.93,0.03,0.87,3.41,2.36,1.47,0.80,0.80,0.0004,0.0003,0.30,0.02,71,5773.72,1973.36,3877.97,2.93,24.38,0.07,0.62,2.91,7.26,0.00,53.08,36.75,100.00,0.00,0.00,0.00,10.71,4.65,0.00,
2026-07-30,12:15:19.517,0.07,3.12,0.02,0.99,3.88,1.24,1.39,0.86,0.65,0.0002,0.0002,0.23,0.01,69,5687.64,1822.20,3877.72,3.12,26.01,0.07,0.61,2.36,0.21,0.00,59.41,38.01,100.00,0.00,0.00,0.00,10.25,4.33,0.00,
2026-07-30,12:15:20.518,0.00,1.42,0.00,0.35,1.36,0.74,0.06,0.86,0.98,0.0029,0.0002,0.19,0.01,71,255.05,179.05,3879.78,1.42,11.87,0.00,0.03,0.66,0.15,0.00,59.42,39.76,100.00,0.00,0.00,0.00,6.05,0.16,0.00,
2026-07-30,12:15:21.519,0.07,3.12,0.02,0.98,3.82,1.34,1.37,0.86,0.65,0.0002,0.0002,0.23,0.01,70,5638.49,1807.35,3882.14,3.12,26.00,0.07,0.61,2.38,0.16,0.00,59.56,37.89,100.00,0.00,0.00,0.00,10.19,4.27,0.00,
2026-07-30,12:15:22.519,0.00,1.42,0.00,0.36,1.39,0.67,0.06,0.87,0.98,0.0027,0.0002,0.19,0.01,71,250.28,176.02,3879.86,1.42,11.85,0.00,0.03,0.64,0.13,0.00,59.42,39.81,100.00,0.00,0.00,0.00,6.06,0.17,0.00,
2026-07-30,12:15:23.526,0.08,2.87,0.03,0.87,3.40,3.51,1.52,0.77,0.82,0.0006,0.0002,0.37,0.04,58,6320.80,2203.22,3879.81,2.87,23.91,0.08,0.68,3.25,1.85,0.00,57.54,37.36,100.00,0.00,0.00,0.00,10.96,4.95,0.00,
2026-07-30,12:15:24.520,0.08,2.98,0.03,0.88,3.44,2.98,1.46,0.78,0.70,0.0005,0.0002,0.35,0.04,70,5891.94,1979.94,3881.68,2.98,24.80,0.08,0.63,2.89,5.56,0.00,55.07,36.48,100.00,0.00,0.00,0.00,10.83,4.77,0.00,
2026-07-30,12:15:25.520,0.11,2.09,0.05,0.82,3.21,29.61,2.47,0.66,0.86,0.0034,0.0003,3.31,2.49,69,8648.62,4136.83,3877.06,2.09,17.42,0.11,0.93,6.48,10.22,0.00,55.13,28.17,100.00,0.00,0.00,0.00,19.08,10.96,1.45,
2026-07-30,12:15:26.520,0.16,2.64,0.06,0.68,2.64,36.13,2.99,0.63,0.79,0.0030,0.0002,5.83,5.17,67,12147.25,4606.15,3878.39,2.64,21.98,0.16,1.31,8.76,20.55,0.00,50.19,20.50,100.00,0.00,0.00,0.00,22.75,11.85,3.88,
2026-07-30,12:15:27.520,0.16,2.69,0.06,0.68,2.66,35.60,3.02,0.63,0.72,0.0029,0.0002,5.78,5.22,67,12490.51,4647.53,3878.12,2.69,22.40,0.16,1.34,8.78,19.19,0.00,54.69,17.33,100.00,0.00,0.00,0.00,23.15,12.26,3.87,
2026-07-30,12:15:28.520,0.11,2.03,0.06,0.66,2.56,47.02,3.18,0.59,0.81,0.0053,0.0004,6.55,5.27,68,8833.66,4354.74,3879.01,2.03,16.90,0.11,0.95,8.55,20.83,0.00,49.12,21.50,100.00,0.00,0.00,0.00,20.89,10.00,3.84,
2026-07-30,12:15:29.522,0.16,2.65,0.06,0.69,2.70,37.09,3.05,0.62,0.73,0.0029,0.0002,5.87,5.22,66,12703.44,4797.91,3881.66,2.65,22.06,0.16,1.36,8.92,19.45,0.00,50.05,21.57,100.00,0.00,0.00,0.00,23.60,12.74,3.83,
2026-07-30,12:15:30.521,0.09,2.39,0.04,0.56,2.19,35.17,2.01,0.63,0.78,0.0049,0.0003,5.72,5.21,68,7130.03,2983.61,3879.16,2.39,19.91,0.09,0.77,6.85,22.38,0.00,49.57,21.20,100.00,0.00,0.00,0.00,19.24,8.40,3.83,
2026-07-30,12:15:31.521,0.16,2.75,0.06,0.71,2.78,34.08,3.38,0.65,0.68,0.0027,0.0003,5.55,5.11,67,12723.93,4621.94,3877.01,2.75,22.94,0.16,1.37,8.37,27.24,0.00,44.42,19.97,100.00,0.00,0.00,0.00,23.30,12.47,3.82,
2026-07-30,12:15:32.521,0.15,2.71,0.06,0.69,2.70,33.97,3.17,0.64,0.76,0.0028,0.0003,5.51,5.08,67,11954.04,4412.85,3879.52,2.71,22.57,0.15,1.28,8.20,24.00,0.00,47.38,20.42,100.00,0.00,0.00,0.00,22.47,11.67,3.81,
2026-07-30,12:15:33.521,0.09,2.46,0.04,0.57,2.21,34.05,1.97,0.64,0.78,0.0047,0.0003,5.52,5.09,67,7170.37,2916.29,3878.01,2.46,20.49,0.09,0.77,6.65,21.05,0.00,50.54,21.76,100.00,0.00,0.00,0.00,19.05,8.24,3.81,
2026-07-30,12:15:34.522,0.16,2.75,0.06,0.73,2.83,34.58,3.33,0.64,0.68,0.0027,0.0003,5.58,5.12,67,12591.17,4577.48,3880.97,2.75,22.92,0.16,1.35,8.11,23.09,0.00,48.32,20.47,100.00,0.00,0.00,0.00,23.34,12.50,3.85,
2026-07-30,12:15:35.521,0.15,2.72,0.06,0.71,2.76,34.09,3.10,0.64,0.70,0.0029,0.0003,5.56,5.10,67,11858.22,4352.45,3878.15,2.72,22.70,0.15,1.27,7.92,24.95,0.00,46.40,20.73,100.00,0.00,0.00,0.00,22.78,11.94,3.85,
2026-07-30,12:15:36.521,0.09,2.48,0.04,0.57,2.23,34.42,2.02,0.63,0.78,0.0048,0.0003,5.56,5.10,69,7136.38,2879.57,3877.50,2.48,20.65,0.09,0.77,6.50,19.74,0.00,52.08,21.68,100.00,0.00,0.00,0.00,19.14,8.25,3.91,
2026-07-30,12:15:37.522,0.15,2.72,0.06,0.70,2.74,34.19,3.11,0.64,0.70,0.0029,0.0003,5.54,5.09,67,11845.92,4360.54,3881.55,2.72,22.64,0.15,1.27,8.01,25.77,0.00,45.92,20.29,100.00,0.00,0.00,0.00,22.97,12.00,3.96,
2026-07-30,12:15:38.523,0.09,2.41,0.04,0.56,2.19,35.16,2.20,0.64,0.77,0.0049,0.0003,5.59,5.06,65,7135.78,2958.82,3881.87,2.41,20.10,0.09,0.77,6.80,18.12,0.00,57.04,18.04,100.00,0.00,0.00,0.00,19.17,8.25,3.92,
2026-07-30,12:15:39.523,0.08,2.80,0.03,0.79,3.10,5.95,2.05,0.75,0.65,0.0009,0.0003,0.72,0.25,70,6270.46,2240.84,3878.81,2.80,23.32,0.08,0.67,3.64,11.09,0.00,50.54,34.73,100.00,0.00,0.00,0.00,11.62,5.33,0.14,
2026-07-30,12:15:40.525,0.07,3.02,0.02,0.86,3.35,2.46,1.46,0.82,0.55,0.0004,0.0003,0.32,0.04,69,5659.83,1874.19,3880.90,3.02,25.17,0.07,0.61,2.81,2.28,0.00,57.44,37.47,100.00,0.00,0.00,0.00,10.19,4.13,0.02,
2026-07-30,12:15:41.524,0.05,1.81,0.03,0.81,3.15,16.40,1.77,0.62,0.88,0.0044,0.0005,1.26,0.47,70,3743.58,2063.59,3880.56,1.81,15.12,0.05,0.40,3.29,11.32,0.00,48.52,36.87,100.00,0.00,0.00,0.00,10.33,3.99,0.01,
2026-07-30,12:15:42.525,0.10,2.36,0.04,0.90,3.52,13.63,2.20,0.60,0.86,0.0018,0.0003,1.02,0.11,70,7658.12,3249.02,3881.24,2.36,19.64,0.10,0.82,4.64,9.17,0.00,49.71,36.47,100.00,0.00,0.00,0.00,12.27,6.08,0.01,
2026-07-30,12:15:43.525,0.07,2.77,0.02,0.80,3.11,3.60,1.33,0.78,0.85,0.0007,0.0002,0.40,0.07,68,5349.21,1933.53,3877.07,2.77,23.05,0.07,0.57,3.13,2.76,0.00,56.44,37.67,100.00,0.00,0.00,0.00,10.01,3.92,0.02,
2026-07-30,12:15:44.525,0.06,2.99,0.02,0.86,3.35,14.41,0.97,0.46,0.84,0.0031,0.0002,1.27,0.39,71,4661.71,1561.21,3879.71,2.99,24.88,0.06,0.50,2.34,3.93,0.00,56.09,37.65,100.00,0.00,0.00,0.00,10.38,4.19,0.01,
2026-07-30,12:15:45.526,0.07,3.01,0.02,0.95,3.70,2.33,1.45,0.81,0.66,0.0004,0.0003,0.32,0.04,70,5724.25,1900.29,3880.01,3.01,25.10,0.07,0.61,2.58,0.49,0.00,59.39,37.54,100.00,0.00,0.00,0.00,10.46,4.48,0.02,
2026-07-30,12:15:46.526,0.01,1.47,0.00,0.35,1.36,2.10,0.14,0.77,0.95,0.0054,0.0003,0.30,0.04,71,392.46,267.51,3879.99,1.47,12.23,0.01,0.04,0.99,0.47,0.00,59.68,38.86,100.00,0.00,0.00,0.00,6.23,0.27,0.01,
2026-07-30,12:15:47.526,0.08,2.86,0.03,0.84,3.27,3.13,1.47,0.79,0.82,0.0005,0.0003,0.36,0.05,71,5880.00,2054.01,3879.44,2.86,23.86,0.08,0.63,3.16,10.70,0.00,48.93,37.22,100.00,0.00,0.00,0.00,10.74,4.65,0.01,
2026-07-30,12:15:48.526,0.07,2.87,0.03,0.84,3.27,3.03,1.49,0.79,0.81,0.0005,0.0003,0.36,0.05,70,5779.63,2015.29,3877.83,2.87,23.90,0.07,0.62,3.10,6.74,0.00,53.52,36.65,100.00,0.00,0.00,0.00,10.55,4.50,0.02,
2026-07-30,12:15:49.526,0.00,1.34,0.00,0.34,1.34,2.08,0.18,0.80,0.94,0.0054,0.0005,0.30,0.04,71,387.01,289.28,3879.71,1.34,11.15,0.00,0.04,1.08,0.61,0.00,59.53,38.77,100.00,0.00,0.00,0.00,6.30,0.31,0.02,
2026-07-30,12:15:50.526,0.07,3.05,0.02,0.97,3.80,1.58,1.38,0.85,0.67,0.0003,0.0002,0.25,0.02,71,5708.46,1868.86,3877.64,3.05,25.45,0.07,0.61,2.48,0.18,0.00,59.45,37.89,100.00,0.00,0.00,0.00,10.23,4.31,0.00,
2026-07-30,12:15:51.526,0.15,2.65,0.06,0.95,3.70,15.60,3.19,0.68,0.80,0.0013,0.0003,1.19,0.21,69,11827.64,4465.59,3879.78,2.65,22.07,0.15,1.27,6.06,2.06,0.00,55.93,35.95,100.00,0.00,0.00,0.00,16.57,10.34,0.00,
2026-07-30,12:15:52.527,0.00,1.13,0.00,0.30,1.16,1.55,0.19,0.88,0.94,0.0045,0.0005,0.25,0.02,71,344.36,305.97,3882.07,1.13,9.38,0.00,0.04,1.32,0.44,0.00,59.35,38.89,100.00,0.00,0.00,0.00,6.20,0.22,0.00,
2026-07-30,12:15:53.527,0.07,2.93,0.02,0.91,3.55,2.28,1.47,0.84,0.65,0.0004,0.0003,0.30,0.03,71,5620.19,1918.67,3878.12,2.93,24.41,0.07,0.60,2.72,0.38,0.00,59.61,37.29,100.00,0.00,0.00,0.00,10.42,4.47,0.00,
2026-07-30,12:15:54.527,0.00,1.56,0.00,0.35,1.37,1.11,0.16,0.86,0.94,0.0030,0.0004,0.22,0.01,71,372.06,238.78,3877.76,1.56,12.98,0.00,0.04,0.88,0.24,0.00,59.77,39.11,100.00,0.00,0.00,0.00,6.15,0.24,0.00,
2026-07-30,12:15:55.528,0.07,3.09,0.02,1.01,3.93,1.40,1.39,0.85,0.64,0.0003,0.0002,0.24,0.01,71,5560.21,1799.93,3881.71,3.09,25.74,0.07,0.60,2.30,0.14,0.00,59.66,37.90,100.00,0.00,0.00,0.00,10.20,4.28,0.00,
2026-07-30,12:15:56.528,0.07,3.06,0.02,0.95,3.72,1.70,1.42,0.85,0.66,0.0003,0.0002,0.27,0.02,70,5728.83,1870.76,3879.97,3.06,25.52,0.07,0.62,2.53,0.20,0.00,59.83,37.44,100.00,0.00,0.00,0.00,10.32,4.38,0.00,
2026-07-30,12:15:57.528,0.00,1.34,0.00,0.34,1.31,1.00,0.14,0.87,0.95,0.0034,0.0005,0.21,0.01,70,290.57,216.28,3878.25,1.34,11.20,0.00,0.03,0.83,0.25,0.00,59.81,39.10,100.00,0.00,0.00,0.00,6.10,0.19,0.00,
2026-07-30,12:15:58.528,0.07,2.89,0.03,0.81,3.17,1.73,1.74,0.92,0.61,0.0003,0.0003,0.27,0.01,71,5615.95,1940.96,3877.98,2.89,24.11,0.07,0.60,3.08,0.40,0.00,60.20,36.32,100.00,0.00,0.00,0.00,10.29,4.31,0.00,
2026-07-30,12:15:59.529,0.08,2.95,0.03,0.88,3.45,2.58,1.66,0.85,0.65,0.0004,0.0003,0.33,0.04,66,5891.21,1999.31,3881.53,2.95,24.56,0.08,0.63,2.92,0.24,0.00,59.85,36.99,100.00,0.00,0.00,0.00,10.51,4.54,0.00,
2026-07-30,12:16:00.529,0.04,1.58,0.03,0.56,2.18,14.15,2.02,0.75,0.83,0.0045,0.0006,1.19,0.33,70,3110.82,1971.70,3877.36,1.58,13.15,0.04,0.33,4.54,0.83,0.00,59.15,35.47,100.00,0.00,0.00,0.00,9.93,3.68,0.01,
2026-07-30,12:16:01.530,0.08,2.83,0.03,0.81,3.18,3.89,1.66,0.81,0.72,0.0006,0.0003,0.41,0.06,71,6061.09,2144.88,3879.08,2.83,23.55,0.08,0.65,3.40,0.79,0.00,59.22,36.60,100.00,0.00,0.00,0.00,10.97,4.94,0.00,
2026-07-30,12:16:02.529,0.01,2.01,0.01,0.48,1.87,2.73,0.23,0.78,0.94,0.0026,0.0002,0.32,0.05,70,1055.50,525.69,3879.65,2.01,16.73,0.01,0.11,1.41,0.27,0.00,59.54,38.78,100.00,0.00,0.00,0.00,6.90,0.92,0.00,
2026-07-30,12:16:03.529,0.08,3.04,0.02,0.93,3.62,2.04,1.40,0.83,0.71,0.0003,0.0002,0.28,0.02,71,5834.70,1916.95,3878.38,3.04,25.36,0.08,0.63,2.66,0.32,0.00,59.52,37.50,100.00,0.00,0.00,0.00,10.41,4.46,0.00,
2026-07-30,12:16:04.529,0.07,3.06,0.02,0.96,3.74,1.87,1.38,0.83,0.67,0.0003,0.0002,0.27,0.02,71,5645.62,1846.78,3878.68,3.06,25.48,0.07,0.61,2.48,0.73,0.00,59.18,37.61,100.00,0.00,0.00,0.00,10.36,4.41,0.00,
2026-07-30,12:16:05.529,0.00,1.34,0.00,0.32,1.25,0.80,0.11,0.89,0.96,0.0029,0.0004,0.20,0.01,71,269.96,201.95,3878.33,1.34,11.14,0.00,0.03,0.81,0.29,0.00,59.51,39.39,100.00,0.00,0.00,0.00,6.06,0.16,0.00,
2026-07-30,12:16:06.529,0.07,3.03,0.02,0.90,3.52,1.56,1.39,0.87,0.69,0.0003,0.0002,0.25,0.01,70,5660.79,1869.80,3878.28,3.03,25.23,0.07,0.61,2.67,0.28,0.00,59.34,37.72,100.00,0.00,0.00,0.00,10.33,4.37,0.00,
2026-07-30,12:16:07.529,0.08,2.94,0.03,0.89,3.47,2.98,1.40,0.81,0.75,0.0005,0.0002,0.34,0.05,69,5900.18,2008.55,3878.32,2.94,24.48,0.08,0.63,2.91,0.78,0.00,58.62,37.68,100.00,0.00,0.00,0.00,10.59,4.59,0.00,
2026-07-30,12:16:08.529,0.01,1.49,0.00,0.36,1.42,1.76,0.15,0.83,0.96,0.0038,0.0003,0.26,0.03,70,463.12,310.55,3880.30,1.49,12.43,0.01,0.05,1.10,1.10,0.00,58.48,39.33,100.00,0.00,0.00,0.00,6.29,0.30,0.00,
2026-07-30,12:16:09.530,0.09,2.46,0.04,0.99,3.85,11.21,2.65,0.65,0.75,0.0016,0.0004,0.90,0.06,71,7212.46,2935.89,3881.32,2.46,20.47,0.09,0.77,3.83,0.27,0.00,58.65,37.25,100.00,0.00,0.00,0.00,12.02,5.99,0.00,
2026-07-30,12:16:10.534,0.00,1.36,0.00,0.35,1.37,1.21,0.17,0.84,0.94,0.0039,0.0005,0.23,0.01,70,308.29,227.00,3881.54,1.36,11.32,0.00,0.03,0.83,0.18,0.00,59.51,39.48,100.00,0.00,0.00,0.00,6.16,0.25,0.00,
2026-07-30,12:16:11.531,0.07,3.16,0.02,1.00,3.90,1.26,1.36,0.86,0.65,0.0002,0.0002,0.24,0.01,71,5563.36,1759.41,3877.31,3.16,26.35,0.07,0.60,2.27,0.21,0.00,59.65,37.88,100.00,0.00,0.00,0.00,10.19,4.28,0.00,
2026-07-30,12:16:12.531,0.07,2.95,0.02,0.87,3.38,2.37,1.43,0.81,0.82,0.0004,0.0003,0.30,0.03,70,5624.16,1909.49,3878.34,2.95,24.54,0.07,0.60,2.84,7.30,0.00,53.08,36.77,100.00,0.00,0.00,0.00,10.50,4.46,0.00,
2026-07-30,12:16:13.531,0.00,1.33,0.00,0.31,1.21,1.04,0.10,0.86,0.97,0.0034,0.0003,0.21,0.01,71,304.13,228.26,3880.25,1.33,11.10,0.00,0.03,0.94,0.29,0.00,59.38,39.38,100.00,0.00,0.00,0.00,6.16,0.24,0.00,
2026-07-30,12:16:14.532,0.13,3.20,0.04,0.97,3.78,18.32,2.25,0.49,0.72,0.0018,0.0002,1.36,0.41,70,10212.68,3193.06,3881.36,3.20,26.65,0.13,1.10,4.24,4.19,0.00,55.65,35.91,100.00,0.00,0.00,0.00,14.82,8.56,0.00,
2026-07-30,12:16:15.533,0.08,2.72,0.03,0.80,3.11,4.83,1.75,0.79,0.74,0.0007,0.0003,0.48,0.07,69,6441.18,2370.50,3881.01,2.72,22.64,0.08,0.69,3.83,3.27,0.00,56.55,36.34,100.00,0.00,0.00,0.00,11.46,5.35,0.00,
2026-07-30,12:16:16.532,0.00,1.31,0.00,0.32,1.25,0.91,0.18,0.89,0.93,0.0033,0.0006,0.20,0.01,70,274.74,209.27,3877.71,1.31,10.94,0.00,0.03,0.84,0.52,0.00,60.40,38.24,100.00,0.00,0.00,0.00,6.10,0.18,0.00,
2026-07-30,12:16:17.533,0.08,2.83,0.03,0.83,3.26,4.23,1.73,0.79,0.80,0.0006,0.0003,0.44,0.11,70,6535.68,2310.58,3877.26,2.83,23.57,0.08,0.70,3.57,6.59,0.00,55.18,34.66,100.00,0.00,0.00,0.00,11.65,5.60,0.00,
2026-07-30,12:16:18.533,0.02,2.04,0.01,0.46,1.79,3.09,0.51,0.81,0.92,0.0021,0.0003,0.35,0.05,60,1488.67,730.19,3879.62,2.04,16.99,0.02,0.16,2.05,11.85,0.00,50.25,35.85,100.00,0.00,0.00,0.00,7.47,1.38,0.00,
2026-07-30,12:16:19.533,0.08,3.14,0.03,0.95,3.71,2.31,1.46,0.81,0.49,0.0004,0.0002,0.30,0.01,71,6216.28,1977.25,3879.26,3.14,26.20,0.08,0.67,2.68,0.28,0.00,60.56,36.48,100.00,0.00,0.00,0.00,10.54,4.60,0.00,
2026-07-30,12:16:20.533,0.07,3.13,0.02,0.97,3.79,1.41,1.41,0.85,0.64,0.0003,0.0002,0.24,0.01,70,5639.00,1800.39,3878.36,3.13,26.10,0.07,0.61,2.39,0.22,0.00,60.22,37.17,100.00,0.00,0.00,0.00,10.19,4.28,0.00,
2026-07-30,12:16:21.533,0.00,1.39,0.00,0.35,1.37,0.87,0.11,0.87,0.96,0.0031,0.0004,0.20,0.01,71,281.65,202.45,3877.84,1.39,11.59,0.00,0.03,0.74,0.18,0.00,59.90,39.17,100.00,0.00,0.00,0.00,6.07,0.18,0.00,
2026-07-30,12:16:22.533,0.07,3.14,0.02,1.01,3.94,1.26,1.35,0.85,0.66,0.0002,0.0002,0.23,0.01,70,5584.91,1776.73,3881.83,3.14,26.19,0.07,0.60,2.26,0.17,0.00,59.52,38.04,100.00,0.00,0.00,0.00,10.16,4.25,0.00,
2026-07-30,12:16:23.533,0.07,3.13,0.02,0.98,3.82,1.49,1.39,0.85,0.65,0.0003,0.0002,0.25,0.01,70,5616.54,1797.28,3877.35,3.13,26.04,0.07,0.60,2.37,0.21,0.00,59.64,37.79,100.00,0.00,0.00,0.00,10.21,4.28,0.00,
2026-07-30,12:16:24.533,0.00,1.41,0.00,0.36,1.42,1.22,0.16,0.82,0.94,0.0040,0.0005,0.23,0.01,71,303.92,215.43,3878.63,1.41,11.76,0.00,0.03,0.76,0.18,0.00,59.57,39.48,100.00,0.00,0.00,0.00,6.10,0.20,0.00,
2026-07-30,12:16:25.534,0.07,3.15,0.02,0.99,3.88,1.28,1.35,0.86,0.66,0.0002,0.0002,0.23,0.01,71,5578.57,1769.89,3881.56,3.15,26.27,0.07,0.60,2.29,0.15,0.00,59.59,37.96,100.00,0.00,0.00,0.00,10.09,4.17,0.00,
2026-07-30,12:16:26.536,0.01,1.92,0.00,0.47,1.82,1.11,0.21,0.81,0.93,0.0018,0.0003,0.22,0.01,54,601.46,312.82,3877.95,1.92,16.02,0.01,0.06,0.86,0.13,0.00,59.49,39.52,100.00,0.00,0.00,0.00,6.35,0.46,0.00,
2026-07-30,12:16:27.534,0.05,2.75,0.02,0.78,3.04,1.44,0.80,0.85,0.93,0.0004,0.0002,0.24,0.01,70,3543.00,1288.28,3877.44,2.75,22.92,0.05,0.38,2.13,0.21,0.00,58.92,38.75,100.00,0.00,0.00,0.00,8.16,2.23,0.00,
2026-07-30,12:16:28.535,0.05,2.75,0.02,0.82,3.20,1.60,0.92,0.84,0.93,0.0004,0.0002,0.25,0.01,71,4068.49,1478.66,3881.19,2.75,22.93,0.05,0.44,2.32,0.26,0.00,59.09,38.33,100.00,0.00,0.00,0.00,8.53,2.58,0.00,
2026-07-30,12:16:29.535,0.01,1.54,0.00,0.34,1.32,1.43,0.17,0.85,0.94,0.0033,0.0004,0.24,0.02,71,436.79,284.54,3879.71,1.54,12.79,0.01,0.05,1.08,0.35,0.00,60.32,38.25,100.00,0.00,0.00,0.00,6.17,0.24,0.00,
2026-07-30,12:16:30.535,0.07,3.08,0.02,0.94,3.65,1.68,1.35,0.84,0.66,0.0003,0.0003,0.26,0.01,71,5344.13,1734.75,3879.85,3.08,25.67,0.07,0.57,2.39,0.17,0.00,60.02,37.42,100.00,0.00,0.00,0.00,10.06,4.13,0.00,
2026-07-30,12:16:31.536,0.07,3.11,0.02,0.97,3.77,1.84,1.37,0.82,0.67,0.0003,0.0002,0.27,0.02,70,5557.98,1788.10,3881.78,3.11,25.90,0.07,0.60,2.38,0.23,0.00,59.72,37.67,100.00,0.00,0.00,0.00,10.20,4.27,0.00,
2026-07-30,12:16:32.537,0.00,1.50,0.00,0.34,1.32,0.86,0.12,0.86,0.95,0.0030,0.0004,0.20,0.01,71,285.51,189.88,3881.45,1.50,12.53,0.00,0.03,0.72,0.14,0.00,59.78,39.36,100.00,0.00,0.00,0.00,6.06,0.16,0.00,
2026-07-30,12:16:33.538,0.07,3.11,0.02,0.93,3.62,1.48,1.34,0.86,0.67,0.0003,0.0002,0.24,0.01,70,5416.99,1739.32,3879.78,3.11,25.95,0.07,0.58,2.42,0.23,0.00,59.74,37.61,100.00,0.00,0.00,0.00,10.02,4.08,0.00,
2026-07-30,12:16:34.538,0.05,2.93,0.02,0.78,3.05,2.17,1.06,0.84,0.76,0.0005,0.0003,0.29,0.03,49,4203.48,1434.14,3880.27,2.93,24.43,0.05,0.45,2.36,0.29,0.00,59.83,37.51,100.00,0.00,0.00,0.00,9.08,3.11,0.00,
2026-07-30,12:16:35.538,0.02,2.59,0.01,0.58,2.26,1.49,0.47,0.87,0.87,0.0008,0.0003,0.24,0.02,70,1809.14,698.99,3878.67,2.59,21.57,0.02,0.19,1.55,0.42,0.00,59.89,38.13,100.00,0.00,0.00,0.00,7.32,1.36,0.00,
2026-07-30,12:16:36.537,0.07,3.04,0.02,0.87,3.41,2.21,1.41,0.85,0.71,0.0004,0.0002,0.29,0.03,71,5728.06,1881.40,3876.22,3.04,25.37,0.07,0.62,2.78,0.46,0.00,59.71,37.05,100.00,0.00,0.00,0.00,10.34,4.36,0.00,
2026-07-30,12:16:37.537,0.01,1.40,0.00,0.35,1.35,1.40,0.12,0.85,0.96,0.0036,0.0003,0.23,0.02,71,390.07,278.62,3877.89,1.40,11.67,0.01,0.04,1.04,0.28,0.00,59.51,39.18,100.00,0.00,0.00,0.00,6.20,0.26,0.00,
2026-07-30,12:16:38.538,0.07,3.05,0.02,0.90,3.50,1.99,1.40,0.86,0.70,0.0003,0.0002,0.28,0.03,71,5740.16,1882.58,3881.38,3.05,25.41,0.07,0.62,2.70,0.47,0.00,59.05,37.78,100.00,0.00,0.00,0.00,10.35,4.36,0.00,
2026-07-30,12:16:39.538,0.07,3.01,0.02,0.87,3.39,2.15,1.45,0.86,0.69,0.0004,0.0003,0.30,0.03,70,5675.57,1882.63,3880.27,3.01,25.12,0.07,0.61,2.79,0.36,0.00,59.26,37.58,100.00,0.00,0.00,0.00,10.37,4.39,0.00,
2026-07-30,12:16:40.539,0.01,1.49,0.00,0.36,1.41,1.18,0.12,0.87,0.96,0.0029,0.0003,0.22,0.02,71,400.22,268.61,3881.64,1.49,12.42,0.01,0.04,0.96,0.21,0.00,59.45,39.39,100.00,0.00,0.00,0.00,6.20,0.26,0.00,
2026-07-30,12:16:41.539,0.07,3.05,0.02,0.88,3.44,2.06,1.45,0.86,0.69,0.0004,0.0003,0.28,0.03,69,5784.18,1896.82,3877.28,3.05,25.41,0.07,0.62,2.77,0.38,0.00,59.31,37.54,100.00,0.00,0.00,0.00,10.36,4.39,0.00,
2026-07-30,12:16:42.539,0.07,2.97,0.02,0.86,3.34,2.70,1.43,0.79,0.72,0.0005,0.0002,0.32,0.04,49,5746.93,1934.72,3877.72,2.97,24.75,0.07,0.62,2.91,7.07,0.00,52.88,37.15,100.00,0.00,0.00,0.00,10.52,4.47,0.00,
2026-07-30,12:16:43.539,0.00,1.43,0.00,0.35,1.35,0.85,0.10,0.87,0.96,0.0029,0.0003,0.20,0.01,71,297.81,208.37,3880.29,1.43,11.91,0.00,0.03,0.78,0.30,0.00,59.43,39.50,100.00,0.00,0.00,0.00,6.17,0.25,0.00,
2026-07-30,12:16:44.539,0.13,3.13,0.04,0.93,3.62,19.85,2.28,0.50,0.74,0.0019,0.0002,1.47,0.43,69,10371.48,3311.73,3877.25,3.13,26.10,0.13,1.11,4.60,7.00,0.00,52.46,35.95,100.00,0.00,0.00,0.00,15.08,8.80,0.00,
2026-07-30,12:16:45.540,0.01,1.47,0.00,0.35,1.38,1.29,0.12,0.87,0.96,0.0031,0.0003,0.23,0.03,71,411.58,279.31,3881.14,1.47,12.28,0.01,0.04,1.02,0.29,0.00,59.27,39.42,100.00,0.00,0.00,0.00,6.15,0.20,0.00,
2026-07-30,12:16:46.540,0.07,3.12,0.02,0.93,3.61,1.60,1.41,0.86,0.66,0.0003,0.0003,0.25,0.02,70,5586.01,1788.60,3881.30,3.12,26.03,0.07,0.60,2.49,0.71,0.00,59.91,36.88,100.00,0.00,0.00,0.00,10.18,4.21,0.00,
2026-07-30,12:16:47.540,0.07,2.94,0.02,0.81,3.15,2.82,1.48,0.82,0.71,0.0005,0.0003,0.33,0.03,70,5693.20,1937.56,3878.10,2.94,24.49,0.07,0.61,3.09,4.31,0.00,56.93,35.67,100.00,0.00,0.00,0.00,10.39,4.37,0.00,
2026-07-30,12:16:48.540,0.01,1.18,0.00,0.36,1.42,1.78,0.25,0.81,0.96,0.0041,0.0006,0.26,0.02,71,432.80,365.37,3877.58,1.18,9.87,0.01,0.05,1.29,10.82,0.00,49.96,37.92,100.00,0.00,0.00,0.00,6.51,0.45,0.00,
2026-07-30,12:16:49.541,0.07,3.04,0.02,0.90,3.53,1.82,1.40,0.86,0.68,0.0003,0.0002,0.27,0.02,70,5587.72,1837.56,3881.59,3.04,25.34,0.07,0.60,2.62,0.31,0.00,59.59,37.48,100.00,0.00,0.00,0.00,10.22,4.26,0.00,
2026-07-30,12:16:50.542,0.07,3.10,0.02,0.93,3.62,1.78,1.39,0.85,0.69,0.0003,0.0002,0.26,0.03,68,5716.30,1845.55,3880.95,3.10,25.81,0.07,0.61,2.56,0.22,0.00,59.34,37.87,100.00,0.00,0.00,0.00,10.24,4.28,0.00,
2026-07-30,12:16:51.541,0.00,1.46,0.00,0.37,1.42,1.00,0.11,0.85,0.96,0.0033,0.0003,0.21,0.01,70,303.64,208.33,3877.90,1.46,12.15,0.00,0.03,0.74,0.18,0.00,59.81,39.28,100.00,0.00,0.00,0.00,6.09,0.19,0.00,
2026-07-30,12:16:52.541,0.07,3.15,0.02,0.98,3.83,1.40,1.39,0.86,0.64,0.0003,0.0002,0.24,0.01,71,5580.67,1773.95,3877.58,3.15,26.22,0.07,0.60,2.33,0.19,0.00,59.74,37.74,100.00,0.00,0.00,0.00,10.15,4.23,0.00,
2026-07-30,12:16:53.542,0.00,1.40,0.00,0.36,1.39,0.68,0.10,0.89,0.96,0.0027,0.0004,0.19,0.01,71,252.50,180.80,3879.50,1.40,11.64,0.00,0.03,0.66,0.17,0.00,59.68,39.49,100.00,0.00,0.00,0.00,6.03,0.15,0.00,
2026-07-30,12:16:54.542,0.07,3.14,0.02,0.99,3.85,1.40,1.40,0.86,0.64,0.0003,0.0003,0.24,0.01,71,5535.72,1765.65,3879.93,3.14,26.13,0.07,0.59,2.30,0.16,0.00,59.66,37.88,100.00,0.00,0.00,0.00,10.14,4.23,0.00,
2026-07-30,12:16:55.542,0.07,3.14,0.02,0.98,3.84,1.27,1.37,0.87,0.65,0.0002,0.0002,0.23,0.01,70,5511.05,1756.11,3877.77,3.14,26.15,0.07,0.59,2.30,0.18,0.00,59.62,37.90,100.00,0.00,0.00,0.00,10.07,4.16,0.00,
2026-07-30,12:16:56.543,0.01,1.18,0.00,0.47,1.82,2.51,0.33,0.75,0.85,0.0061,0.0008,0.32,0.02,67,408.41,347.42,3881.66,1.18,9.80,0.01,0.04,0.96,0.13,0.00,59.50,39.42,100.00,0.00,0.00,0.00,6.26,0.36,0.00,
2026-07-30,12:16:57.543,0.07,3.15,0.02,0.99,3.84,1.13,1.39,0.88,0.52,0.0002,0.0003,0.22,0.01,71,5425.59,1722.18,3879.82,3.15,26.25,0.07,0.58,2.25,0.22,0.00,59.90,37.63,100.00,0.00,0.00,0.00,10.04,4.14,0.00,
2026-07-30,12:16:58.543,0.07,3.17,0.02,1.01,3.94,1.16,1.36,0.87,0.65,0.0002,0.0002,0.22,0.01,69,5541.90,1750.46,3879.76,3.17,26.38,0.07,0.60,2.23,0.23,0.00,59.65,37.88,100.00,0.00,0.00,0.00,10.08,4.17,0.00,
2026-07-30,12:16:59.543,0.00,1.41,0.00,0.35,1.35,0.79,0.14,0.88,0.94,0.0031,0.0005,0.20,0.01,71,257.33,182.94,3877.61,1.41,11.72,0.00,0.03,0.68,0.22,0.00,59.77,39.33,100.00,0.00,0.00,0.00,6.04,0.15,0.00,
2026-07-30,12:17:00.544,0.07,3.13,0.02,0.97,3.79,1.71,1.38,0.84,0.65,0.0003,0.0003,0.27,0.02,71,5499.32,1757.24,3879.99,3.13,26.08,0.07,0.59,2.33,0.26,0.00,59.81,37.59,100.00,0.00,0.00,0.00,10.13,4.20,0.01,
2026-07-30,12:17:01.545,0.00,1.67,0.00,0.37,1.45,0.84,0.11,0.87,0.96,0.0023,0.0003,0.20,0.01,70,362.98,217.96,3882.00,1.67,13.88,0.00,0.04,0.76,0.21,0.00,59.65,39.38,100.00,0.00,0.00,0.00,6.10,0.20,0.00,
2026-07-30,12:17:02.545,0.07,3.14,0.02,0.96,3.74,1.41,1.37,0.84,0.65,0.0003,0.0002,0.24,0.01,71,5521.37,1761.16,3880.34,3.14,26.13,0.07,0.59,2.37,0.12,0.00,59.77,37.75,100.00,0.00,0.00,0.00,10.05,4.14,0.00,
2026-07-30,12:17:03.546,0.07,3.16,0.02,1.00,3.91,1.24,1.39,0.87,0.64,0.0002,0.0002,0.23,0.01,70,5581.21,1768.60,3881.39,3.16,26.30,0.07,0.60,2.27,0.14,0.00,59.71,37.88,100.00,0.00,0.00,0.00,10.11,4.20,0.00,
2026-07-30,12:17:04.545,0.00,1.37,0.00,0.34,1.33,0.72,0.12,0.89,0.95,0.0028,0.0005,0.19,0.01,71,255.28,185.71,3877.75,1.37,11.45,0.00,0.03,0.70,0.19,0.00,59.79,39.32,100.00,0.00,0.00,0.00,6.05,0.16,0.00,
2026-07-30,12:17:05.546,0.07,3.11,0.02,0.95,3.71,1.39,1.41,0.87,0.65,0.0003,0.0003,0.24,0.01,70,5555.88,1783.94,3877.73,3.11,25.95,0.07,0.60,2.42,0.28,0.00,59.73,37.58,100.00,0.00,0.00,0.00,10.13,4.21,0.00,
2026-07-30,12:17:06.546,0.07,3.15,0.02,0.99,3.84,1.30,1.39,0.87,0.64,0.0002,0.0002,0.24,0.01,69,5594.04,1776.73,3879.98,3.15,26.24,0.07,0.60,2.32,0.21,0.00,59.70,37.77,100.00,0.00,0.00,0.00,10.11,4.20,0.00,
2026-07-30,12:17:07.547,0.00,1.44,0.00,0.36,1.39,1.50,0.11,0.80,0.96,0.0053,0.0004,0.23,0.02,71,283.02,197.08,3881.72,1.44,11.97,0.00,0.03,0.71,0.18,0.00,59.61,39.50,100.00,0.00,0.00,0.00,6.07,0.17,0.00,
2026-07-30,12:17:08.548,0.07,3.15,0.02,0.98,3.82,1.20,1.39,0.88,0.64,0.0002,0.0002,0.23,0.01,70,5568.69,1765.92,3881.61,3.15,26.28,0.07,0.60,2.32,0.15,0.00,59.71,37.82,100.00,0.00,0.00,0.00,10.14,4.22,0.00,
2026-07-30,12:17:09.548,0.00,1.30,0.00,0.33,1.30,0.78,0.14,0.90,0.95,0.0030,0.0005,0.20,0.01,71,257.48,197.61,3879.61,1.30,10.86,0.00,0.03,0.76,0.36,0.00,59.64,39.24,100.00,0.00,0.00,0.00,6.08,0.17,0.00,
2026-07-30,12:17:10.548,0.07,3.13,0.02,0.99,3.86,1.66,1.42,0.83,0.65,0.0003,0.0003,0.26,0.01,71,5514.26,1762.26,3877.68,3.13,26.08,0.07,0.59,2.30,0.12,0.00,59.76,37.83,100.00,0.00,0.00,0.00,10.19,4.27,0.00,
2026-07-30,12:17:11.548,0.07,3.14,0.02,0.96,3.75,1.30,1.38,0.87,0.65,0.0002,0.0002,0.23,0.01,71,5560.55,1772.46,3879.79,3.14,26.14,0.07,0.60,2.37,0.17,0.00,59.59,37.87,100.00,0.00,0.00,0.00,10.11,4.18,0.00,
2026-07-30,12:17:12.548,0.01,1.18,0.00,0.40,1.56,1.81,0.14,0.79,0.98,0.0044,0.0003,0.26,0.02,71,415.01,352.32,3879.61,1.18,9.82,0.01,0.04,1.14,6.15,0.00,53.94,38.77,100.00,0.00,0.00,0.00,6.47,0.48,0.00,
2026-07-30,12:17:13.549,0.07,3.13,0.02,0.98,3.83,1.18,1.33,0.88,0.66,0.0002,0.0002,0.22,0.01,71,5535.18,1770.00,3881.73,3.13,26.06,0.07,0.59,2.32,0.29,0.00,59.35,38.04,100.00,0.00,0.00,0.00,10.17,4.24,0.00,
2026-07-30,12:17:14.549,0.10,3.03,0.03,0.95,3.69,12.44,1.42,0.53,0.72,0.0017,0.0002,0.84,0.22,44,7398.94,2438.14,3877.30,3.03,25.29,0.10,0.80,3.32,2.98,0.00,56.73,36.97,100.00,0.00,0.00,0.00,11.78,5.70,0.00,
2026-07-30,12:17:15.549,0.05,3.68,0.01,0.81,3.18,5.84,0.31,0.55,0.92,0.0016,0.0001,0.62,0.21,71,3599.15,976.79,3877.69,3.68,30.71,0.05,0.39,1.55,1.82,0.00,57.97,38.67,100.00,0.00,0.00,0.00,9.11,3.04,0.00,
2026-07-30,12:17:16.549,0.07,3.08,0.02,0.94,3.65,1.82,1.33,0.83,0.69,0.0003,0.0002,0.27,0.02,70,5596.75,1814.62,3881.59,3.08,25.70,0.07,0.60,2.49,0.36,0.00,59.43,37.72,100.00,0.00,0.00,0.00,10.19,4.24,0.00,
2026-07-30,12:17:17.549,0.01,1.18,0.00,0.36,1.39,1.69,0.15,0.82,0.98,0.0041,0.0004,0.25,0.02,70,411.31,348.97,3877.54,1.18,9.82,0.01,0.04,1.26,3.46,0.00,56.67,38.61,100.00,0.00,0.00,0.00,6.37,0.42,0.00,
2026-07-30,12:17:18.549,0.11,2.43,0.05,0.93,3.61,19.76,2.86,0.58,0.85,0.0022,0.0003,1.43,0.53,71,8889.52,3656.81,3877.47,2.43,20.26,0.11,0.96,5.09,7.57,0.00,51.33,36.01,100.00,0.00,0.00,0.00,14.02,7.77,0.00,
2026-07-30,12:17:19.549,0.10,2.77,0.04,0.87,3.38,9.14,1.59,0.68,0.87,0.0012,0.0002,0.71,0.20,70,7762.94,2802.26,3877.69,2.77,23.09,0.10,0.83,4.17,1.39,0.00,57.38,37.06,100.00,0.00,0.00,0.00,11.88,5.77,0.00,
2026-07-30,12:17:20.550,0.00,1.44,0.00,0.35,1.37,1.21,0.12,0.84,0.96,0.0038,0.0004,0.22,0.02,70,315.98,219.77,3881.74,1.44,11.98,0.00,0.03,0.80,0.23,0.00,59.75,39.21,100.00,0.00,0.00,0.00,6.12,0.20,0.00,
2026-07-30,12:17:21.550,0.07,3.12,0.02,0.95,3.72,1.54,1.43,0.86,0.64,0.0003,0.0003,0.25,0.01,70,5631.12,1806.21,3877.74,3.12,25.98,0.07,0.61,2.44,0.24,0.00,59.80,37.52,100.00,0.00,0.00,0.00,10.22,4.30,0.00,
2026-07-30,12:17:22.550,0.07,3.14,0.02,0.99,3.86,1.57,1.40,0.84,0.65,0.0003,0.0002,0.25,0.02,69,5624.15,1791.28,3879.74,3.14,26.16,0.07,0.60,2.33,0.15,0.00,59.64,37.88,100.00,0.00,0.00,0.00,10.25,4.33,0.00,
2026-07-30,12:17:23.550,0.00,1.40,0.00,0.35,1.35,0.78,0.11,0.88,0.96,0.0030,0.0004,0.20,0.01,71,258.25,184.73,3879.91,1.40,11.65,0.00,0.03,0.69,0.19,0.00,59.60,39.52,100.00,0.00,0.00,0.00,6.05,0.16,0.00,
2026-07-30,12:17:24.551,0.07,3.12,0.02,0.96,3.75,1.33,1.40,0.88,0.65,0.0002,0.0003,0.24,0.01,71,5558.98,1780.25,3881.91,3.12,26.02,0.07,0.60,2.39,0.23,0.00,59.67,37.71,100.00,0.00,0.00,0.00,10.10,4.19,0.00,
2026-07-30,12:17:25.551,0.00,1.32,0.00,0.32,1.26,0.87,0.14,0.88,0.95,0.0033,0.0005,0.20,0.01,71,267.08,202.11,3877.72,1.32,11.01,0.00,0.03,0.80,0.23,0.00,59.61,39.36,100.00,0.00,0.00,0.00,6.06,0.16,0.00,
2026-07-30,12:17:26.552,0.07,3.17,0.02,1.02,3.98,1.25,1.36,0.86,0.65,0.0002,0.0002,0.23,0.01,71,5559.14,1756.02,3881.60,3.17,26.38,0.07,0.60,2.21,0.13,0.00,59.67,37.98,100.00,0.00,0.00,0.00,10.12,4.22,0.00,
2026-07-30,12:17:27.552,0.07,3.12,0.02,0.96,3.75,1.33,1.37,0.87,0.66,0.0002,0.0002,0.23,0.01,70,5523.28,1772.68,3879.65,3.12,25.96,0.07,0.59,2.38,0.21,0.00,59.48,37.93,100.00,0.00,0.00,0.00,10.15,4.24,0.00,
2026-07-30,12:17:28.553,0.05,1.90,0.02,0.90,3.49,12.73,1.38,0.61,0.88,0.0035,0.0004,0.94,0.12,69,3622.99,1903.73,3881.54,1.90,15.86,0.05,0.39,2.74,0.82,0.00,57.61,38.83,100.00,0.00,0.00,0.00,9.11,3.08,0.00,
2026-07-30,12:17:29.553,0.09,3.13,0.03,0.91,3.54,2.92,1.52,0.83,0.73,0.0004,0.0002,0.34,0.05,70,7325.65,2340.78,3878.37,3.13,26.08,0.09,0.79,3.33,2.66,0.00,57.02,36.99,100.00,0.00,0.00,0.00,12.03,6.01,0.00,
2026-07-30,12:17:30.553,0.07,3.15,0.02,1.00,3.90,1.65,1.37,0.83,0.67,0.0003,0.0002,0.26,0.02,70,5638.28,1791.33,3877.91,3.15,26.23,0.07,0.61,2.31,0.18,0.00,59.47,38.04,100.00,0.00,0.00,0.00,10.21,4.29,0.00,
2026-07-30,12:17:31.553,0.01,2.20,0.00,0.45,1.75,1.18,0.13,0.86,0.95,0.0016,0.0002,0.22,0.02,71,715.75,325.52,3879.82,2.20,18.32,0.01,0.08,0.94,0.69,0.00,59.08,39.29,100.00,0.00,0.00,0.00,6.51,0.58,0.00,
2026-07-30,12:17:32.553,0.07,3.00,0.02,0.93,3.64,1.43,1.27,0.86,0.84,0.0003,0.0003,0.24,0.01,70,5074.61,1693.42,3877.91,3.00,24.97,0.07,0.55,2.34,0.13,0.00,59.26,38.27,100.00,0.00,0.00,0.00,9.50,3.58,0.00,
2026-07-30,12:17:33.554,0.01,1.79,0.00,0.44,1.73,1.78,0.22,0.80,0.94,0.0027,0.0003,0.26,0.02,57,664.85,371.57,3879.16,1.79,14.91,0.01,0.07,1.08,0.20,0.00,59.33,39.39,100.00,0.00,0.00,0.00,6.42,0.49,0.00,
2026-07-30,12:17:34.553,0.07,3.16,0.02,0.96,3.74,1.25,1.15,0.87,0.82,0.0002,0.0002,0.23,0.02,66,5105.58,1613.47,3876.55,3.16,26.37,0.07,0.55,2.17,0.12,0.00,59.54,38.17,100.00,0.00,0.00,0.00,9.54,3.63,0.00,
2026-07-30,12:17:35.554,0.08,3.18,0.03,0.96,3.74,1.99,1.46,0.84,0.60,0.0003,0.0002,0.28,0.03,70,6447.95,2025.21,3881.89,3.18,26.53,0.08,0.69,2.72,0.25,0.00,59.54,37.49,100.00,0.00,0.00,0.00,11.00,5.05,0.00,
2026-07-30,12:17:36.555,0.00,1.37,0.00,0.34,1.34,0.88,0.11,0.87,0.96,0.0033,0.0004,0.20,0.01,70,262.26,192.07,3881.64,1.37,11.38,0.00,0.03,0.72,0.17,0.00,59.82,39.28,100.00,0.00,0.00,0.00,6.05,0.15,0.00,
2026-07-30,12:17:37.555,0.07,3.11,0.02,0.96,3.73,1.40,1.40,0.87,0.65,0.0003,0.0003,0.24,0.01,71,5578.18,1794.96,3879.36,3.11,25.90,0.07,0.60,2.42,0.19,0.00,59.58,37.81,100.00,0.00,0.00,0.00,10.18,4.26,0.00,
2026-07-30,12:17:38.555,0.09,3.20,0.03,0.99,3.86,1.92,1.46,0.84,0.69,0.0003,0.0002,0.28,0.03,67,6863.88,2142.26,3879.92,3.20,26.70,0.09,0.74,2.79,0.88,0.00,58.93,37.40,100.00,0.00,0.00,0.00,11.46,5.49,0.00,
2026-07-30,12:17:39.555,0.01,1.35,0.01,0.34,1.32,2.95,0.18,0.79,0.96,0.0049,0.0003,0.33,0.06,71,600.06,445.66,3879.27,1.35,11.22,0.01,0.06,1.70,0.84,0.00,58.36,39.10,100.00,0.00,0.00,0.00,6.39,0.38,0.00,
2026-07-30,12:17:40.555,0.10,3.02,0.03,0.87,3.41,4.59,1.45,0.78,0.85,0.0006,0.0002,0.45,0.10,70,7434.64,2459.08,3877.63,3.02,25.19,0.10,0.80,3.63,1.96,0.00,57.10,37.31,100.00,0.00,0.00,0.00,11.84,5.76,0.00,
2026-07-30,12:17:41.556,0.06,3.10,0.02,0.80,3.12,3.29,0.66,0.78,0.90,0.0007,0.0001,0.37,0.09,53,4966.29,1603.72,3881.54,3.10,25.81,0.06,0.53,2.58,2.96,0.00,56.69,37.77,100.00,0.00,0.00,0.00,10.30,4.22,0.00,
2026-07-30,12:17:42.557,0.07,2.93,0.03,0.77,3.00,4.75,1.12,0.73,0.90,0.0008,0.0002,0.44,0.12,71,5733.56,1959.44,3881.46,2.93,24.38,0.07,0.62,3.28,12.04,0.00,48.13,36.54,100.00,0.00,0.00,0.00,10.73,4.57,0.00,
2026-07-30,12:17:43.557,0.07,2.99,0.02,0.92,3.58,1.66,1.28,0.84,0.82,0.0003,0.0003,0.26,0.02,70,5091.53,1705.59,3879.37,2.99,24.88,0.07,0.55,2.39,0.22,0.00,59.18,38.20,100.00,0.00,0.00,0.00,9.61,3.66,0.00,
2026-07-30,12:17:44.558,0.01,1.61,0.00,0.37,1.46,1.22,0.12,0.85,0.95,0.0029,0.0003,0.22,0.01,71,413.99,257.71,3881.65,1.61,13.39,0.01,0.04,0.89,0.17,0.00,59.54,39.40,100.00,0.00,0.00,0.00,6.17,0.26,0.00,
2026-07-30,12:17:45.558,0.14,3.13,0.05,0.96,3.76,20.89,2.20,0.51,0.81,0.0019,0.0002,1.50,0.46,71,11090.01,3542.51,3877.87,3.13,26.09,0.14,1.19,4.74,6.81,0.00,52.86,35.60,100.00,0.00,0.00,0.00,15.34,9.11,0.00,
2026-07-30,12:17:46.558,0.08,3.11,0.02,0.94,3.68,2.00,1.40,0.83,0.70,0.0003,0.0002,0.28,0.03,70,5969.78,1918.09,3877.43,3.11,25.94,0.08,0.64,2.62,0.64,0.00,59.29,37.45,100.00,0.00,0.00,0.00,10.57,4.61,0.00,
2026-07-30,12:17:47.557,0.04,1.68,0.02,0.76,2.95,14.46,1.65,0.63,0.87,0.0052,0.0006,1.11,0.38,62,2772.11,1648.09,3878.96,1.68,14.02,0.04,0.30,2.81,1.87,0.00,56.81,38.51,100.00,0.00,0.00,0.00,8.74,2.65,0.00,
2026-07-30,12:17:48.557,0.07,2.93,0.02,0.89,3.47,2.41,1.45,0.81,0.81,0.0004,0.0003,0.31,0.03,71,5607.63,1912.77,3876.94,2.93,24.43,0.07,0.60,2.77,14.89,0.00,45.10,37.24,100.00,0.00,0.00,0.00,10.61,4.52,0.00,
2026-07-30,12:17:49.559,0.05,2.94,0.02,0.82,3.20,1.63,0.97,0.85,0.74,0.0004,0.0003,0.25,0.02,50,3682.98,1250.69,3877.91,2.94,24.54,0.05,0.40,1.97,0.44,0.00,59.60,37.99,100.00,0.00,0.00,0.00,8.72,2.76,0.00,
2026-07-30,12:17:50.558,0.02,2.77,0.01,0.71,2.77,0.90,0.43,0.87,0.88,0.0005,0.0002,0.20,0.01,71,1836.09,661.68,3880.77,2.77,23.12,0.02,0.20,1.20,0.17,0.00,59.39,39.24,100.00,0.00,0.00,0.00,7.25,1.36,0.00,
2026-07-30,12:17:51.559,0.07,3.11,0.02,0.97,3.78,1.30,1.36,0.87,0.65,0.0002,0.0002,0.23,0.01,71,5564.19,1791.15,3881.49,3.11,25.89,0.07,0.60,2.38,0.24,0.00,59.49,37.88,100.00,0.00,0.00,0.00,10.28,4.36,0.00,
2026-07-30,12:17:52.559,0.00,1.35,0.00,0.34,1.31,0.79,0.08,0.88,0.97,0.0030,0.0003,0.20,0.01,71,258.60,190.91,3879.75,1.35,11.29,0.00,0.03,0.73,0.67,0.00,59.08,39.52,100.00,0.00,0.00,0.00,6.07,0.16,0.00,
2026-07-30,12:17:53.560,0.07,3.14,0.02,0.99,3.86,1.26,1.36,0.86,0.65,0.0002,0.0002,0.23,0.01,71,5585.80,1781.74,3881.62,3.14,26.13,0.07,0.60,2.32,0.19,0.00,59.52,37.97,100.00,0.00,0.00,0.00,10.26,4.34,0.00,
2026-07-30,12:17:54.559,0.07,3.13,0.02,0.99,3.85,1.34,1.35,0.86,0.65,0.0002,0.0002,0.24,0.01,70,5587.22,1784.45,3877.71,3.13,26.09,0.07,0.60,2.33,0.16,0.00,59.46,38.05,100.00,0.00,0.00,0.00,10.24,4.33,0.00,
2026-07-30,12:17:55.559,0.00,1.41,0.00,0.35,1.37,0.75,0.08,0.87,0.97,0.0029,0.0003,0.19,0.01,70,254.91,181.20,3877.72,1.41,11.72,0.00,0.03,0.67,0.20,0.00,59.43,39.71,100.00,0.00,0.00,0.00,6.07,0.17,0.00,
2026-07-30,12:17:56.560,0.07,3.11,0.02,0.97,3.79,1.34,1.35,0.86,0.66,0.0002,0.0002,0.24,0.01,70,5550.48,1785.23,3881.80,3.11,25.91,0.07,0.60,2.37,0.18,0.00,59.47,37.98,100.00,0.00,0.00,0.00,10.20,4.28,0.00,
2026-07-30,12:17:57.560,0.06,3.11,0.02,0.96,3.74,1.18,1.18,0.86,0.68,0.0002,0.0002,0.23,0.01,51,4825.32,1551.67,3877.81,3.11,25.91,0.06,0.52,2.08,0.20,0.00,59.44,38.28,100.00,0.00,0.00,0.00,9.62,3.71,0.00,
2026-07-30,12:17:58.560,0.01,2.57,0.01,0.61,2.40,0.68,0.25,0.89,0.91,0.0006,0.0002,0.19,0.01,71,1084.02,421.20,3877.67,2.57,21.45,0.01,0.12,0.88,0.17,0.00,59.44,39.51,100.00,0.00,0.00,0.00,6.72,0.84,0.00,
2026-07-30,12:17:59.561,0.07,3.13,0.02,0.99,3.85,1.23,1.34,0.87,0.65,0.0002,0.0002,0.23,0.01,70,5585.66,1785.96,3881.57,3.13,26.06,0.07,0.60,2.33,0.17,0.00,59.45,38.05,100.00,0.00,0.00,0.00,10.30,4.36,0.00,
2026-07-30,12:18:00.561,0.00,1.33,0.00,0.33,1.30,1.21,0.08,0.82,0.97,0.0045,0.0003,0.23,0.02,70,269.86,202.71,3881.47,1.33,11.09,0.00,0.03,0.78,1.62,0.00,58.19,39.41,100.00,0.00,0.00,0.00,6.12,0.17,0.01,
2026-07-30,12:18:01.561,0.07,3.13,0.02,1.00,3.88,1.28,1.36,0.86,0.65,0.0002,0.0002,0.23,0.01,70,5630.55,1796.18,3877.79,3.13,26.12,0.07,0.60,2.32,0.24,0.00,59.56,37.88,100.00,0.00,0.00,0.00,10.27,4.36,0.00,
2026-07-30,12:18:02.561,0.07,3.11,0.02,0.95,3.71,1.78,1.38,0.83,0.68,0.0003,0.0002,0.26,0.02,70,5746.98,1850.66,3877.70,3.11,25.88,0.07,0.62,2.51,0.47,0.00,59.18,37.84,100.00,0.00,0.00,0.00,10.41,4.46,0.00,
2026-07-30,12:18:03.562,0.00,1.56,0.00,0.37,1.44,0.94,0.08,0.85,0.97,0.0028,0.0002,0.21,0.01,71,338.08,216.10,3881.36,1.56,13.04,0.00,0.04,0.75,0.19,0.00,59.46,39.60,100.00,0.00,0.00,0.00,6.10,0.20,0.00,
2026-07-30,12:18:04.562,0.07,3.06,0.02,0.95,3.70,2.74,1.36,0.78,0.69,0.0005,0.0002,0.32,0.05,71,5703.23,1865.32,3877.85,3.06,25.48,0.07,0.61,2.53,0.20,0.00,59.45,37.82,100.00,0.00,0.00,0.00,10.37,4.42,0.00,
2026-07-30,12:18:05.562,0.07,3.12,0.02,0.97,3.76,1.28,1.40,0.87,0.64,0.0002,0.0002,0.23,0.01,51,5647.73,1809.69,3879.31,3.12,26.01,0.07,0.61,2.42,0.31,0.00,59.61,37.66,100.00,0.00,0.00,0.00,10.23,4.31,0.00,
2026-07-30,12:18:06.562,0.00,1.42,0.00,0.35,1.37,0.84,0.07,0.86,0.97,0.0032,0.0003,0.20,0.01,71,263.87,185.63,3877.77,1.42,11.85,0.00,0.03,0.68,0.24,0.00,59.52,39.55,100.00,0.00,0.00,0.00,6.17,0.26,0.00,
2026-07-30,12:18:07.562,0.07,3.13,0.02,0.98,3.80,1.38,1.37,0.85,0.66,0.0002,0.0002,0.24,0.01,71,5660.06,1809.99,3879.38,3.13,26.06,0.07,0.61,2.39,0.21,0.00,59.43,37.97,100.00,0.00,0.00,0.00,10.26,4.33,0.00,
2026-07-30,12:18:08.562,0.00,1.45,0.00,0.36,1.42,0.57,0.06,0.89,0.97,0.0023,0.0002,0.18,0.00,71,248.65,171.06,3880.15,1.45,12.11,0.00,0.03,0.61,0.13,0.00,59.57,39.69,100.00,0.00,0.00,0.00,6.04,0.16,0.00,
2026-07-30,12:18:09.563,0.07,3.13,0.02,1.00,3.90,1.24,1.36,0.86,0.65,0.0002,0.0002,0.23,0.01,70,5617.46,1792.39,3881.63,3.13,26.12,0.07,0.60,2.31,0.19,0.00,59.48,38.02,100.00,0.00,0.00,0.00,10.30,4.38,0.00,
2026-07-30,12:18:10.563,0.07,3.06,0.02,0.94,3.66,2.00,1.37,0.81,0.68,0.0004,0.0002,0.29,0.01,70,5497.09,1799.16,3877.64,3.06,25.46,0.07,0.59,2.47,0.17,0.00,59.27,38.09,100.00,0.00,0.00,0.00,10.19,4.25,0.00,
2026-07-30,12:18:11.564,0.00,1.41,0.00,0.38,1.48,0.83,0.07,0.86,0.97,0.0029,0.0002,0.20,0.01,71,283.63,201.35,3882.37,1.41,11.74,0.00,0.03,0.68,0.23,0.00,59.39,39.70,100.00,0.00,0.00,0.00,6.13,0.23,0.00,
2026-07-30,12:18:12.564,0.07,2.99,0.02,0.91,3.53,2.05,1.45,0.82,0.78,0.0004,0.0003,0.28,0.02,67,5729.15,1915.60,3877.29,2.99,24.92,0.07,0.62,2.73,6.47,0.00,53.66,37.14,100.00,0.00,0.00,0.00,10.63,4.62,0.00,
2026-07-30,12:18:13.564,0.07,3.18,0.02,1.00,3.91,1.17,1.34,0.87,0.55,0.0002,0.0002,0.23,0.01,67,5490.91,1725.12,3880.68,3.18,26.52,0.07,0.59,2.22,0.23,0.00,59.57,37.98,100.00,0.00,0.00,0.00,10.13,4.23,0.00,
2026-07-30,12:18:14.564,0.00,1.41,0.00,0.33,1.29,1.09,0.11,0.83,0.96,0.0036,0.0003,0.22,0.01,71,305.13,216.94,3877.96,1.41,11.72,0.00,0.03,0.85,0.25,0.00,59.45,39.45,100.00,0.00,0.00,0.00,6.09,0.19,0.00,
2026-07-30,12:18:15.564,0.15,3.28,0.04,1.01,3.94,22.01,2.48,0.46,0.69,0.0019,0.0002,1.64,0.47,70,11333.80,3459.59,3877.31,3.28,27.30,0.15,1.22,4.41,5.96,0.00,54.22,35.41,100.00,0.00,0.00,0.00,15.68,9.40,0.00,
2026-07-30,12:18:16.564,0.00,1.41,0.00,0.35,1.38,0.91,0.08,0.84,0.97,0.0034,0.0003,0.20,0.01,70,271.44,192.01,3879.65,1.41,11.78,0.00,0.03,0.70,0.28,0.00,59.54,39.48,100.00,0.00,0.00,0.00,6.08,0.17,0.00,
2026-07-30,12:18:17.564,0.07,3.12,0.02,0.95,3.69,1.65,1.39,0.84,0.66,0.0003,0.0002,0.25,0.01,71,5631.31,1802.45,3878.08,3.12,26.04,0.07,0.61,2.45,0.40,0.00,59.37,37.78,100.00,0.00,0.00,0.00,10.19,4.27,0.00,
2026-07-30,12:18:18.565,0.08,2.84,0.03,0.82,3.19,2.69,1.54,0.82,0.86,0.0005,0.0003,0.32,0.03,70,5873.82,2065.76,3879.34,2.84,23.70,0.08,0.63,3.25,13.39,0.00,48.44,34.92,100.00,0.00,0.00,0.00,11.00,4.90,0.00,
2026-07-30,12:18:19.565,0.00,1.43,0.00,0.36,1.39,0.71,0.08,0.88,0.97,0.0028,0.0003,0.19,0.01,71,256.12,179.28,3882.07,1.43,11.90,0.00,0.03,0.65,0.27,0.00,59.52,39.56,100.00,0.00,0.00,0.00,6.05,0.17,0.00,
2026-07-30,12:18:20.566,0.07,3.17,0.02,1.00,3.90,1.28,1.34,0.85,0.65,0.0002,0.0002,0.23,0.01,71,5578.25,1760.66,3881.52,3.17,26.40,0.07,0.60,2.27,0.16,0.00,59.58,37.99,100.00,0.00,0.00,0.00,10.19,4.28,0.00,
2026-07-30,12:18:21.566,0.07,3.14,0.02,0.98,3.82,1.29,1.33,0.86,0.66,0.0002,0.0002,0.23,0.01,69,5526.66,1760.84,3877.48,3.14,26.16,0.07,0.59,2.32,0.51,0.00,59.16,38.01,100.00,0.00,0.00,0.00,10.20,4.27,0.00,
2026-07-30,12:18:22.566,0.00,1.41,0.00,0.35,1.36,0.69,0.07,0.88,0.97,0.0027,0.0003,0.19,0.01,71,254.56,180.95,3877.33,1.41,11.72,0.00,0.03,0.67,0.17,0.00,59.56,39.59,100.00,0.00,0.00,0.00,6.05,0.17,0.00,
2026-07-30,12:18:23.567,0.07,3.14,0.02,0.97,3.77,1.21,1.34,0.88,0.66,0.0002,0.0002,0.23,0.01,70,5507.85,1756.67,3881.50,3.14,26.13,0.07,0.59,2.34,0.24,0.00,59.47,37.95,100.00,0.00,0.00,0.00,10.16,4.22,0.00,
2026-07-30,12:18:24.567,0.00,1.42,0.00,0.35,1.38,0.80,0.07,0.87,0.97,0.0029,0.0003,0.20,0.01,70,270.85,191.25,3880.10,1.42,11.80,0.00,0.03,0.70,0.17,0.00,59.56,39.58,100.00,0.00,0.00,0.00,6.05,0.16,0.00,
2026-07-30,12:18:25.568,0.07,3.11,0.02,1.01,3.93,1.73,1.39,0.82,0.66,0.0003,0.0003,0.27,0.01,71,5561.12,1785.35,3881.78,3.11,25.96,0.07,0.60,2.28,0.20,0.00,59.54,37.98,100.00,0.00,0.00,0.00,10.31,4.38,0.00,
2026-07-30,12:18:26.568,0.07,3.11,0.02,0.97,3.77,2.01,1.34,0.82,0.69,0.0004,0.0002,0.28,0.02,70,5675.28,1824.17,3877.87,3.11,25.93,0.07,0.61,2.44,0.18,0.00,59.63,37.75,100.00,0.00,0.00,0.00,10.28,4.34,0.00,
2026-07-30,12:18:27.568,0.01,1.84,0.00,0.41,1.60,1.17,0.10,0.84,0.97,0.0019,0.0002,0.22,0.02,71,620.17,337.35,3879.85,1.84,15.32,0.01,0.07,1.06,0.16,0.00,59.19,39.60,100.00,0.00,0.00,0.00,6.33,0.39,0.00,
2026-07-30,12:18:28.568,0.07,3.15,0.02,0.98,3.83,1.29,1.34,0.86,0.65,0.0002,0.0002,0.23,0.01,71,5509.58,1749.82,3878.20,3.15,26.24,0.07,0.59,2.30,0.14,0.00,59.59,37.98,100.00,0.00,0.00,0.00,10.16,4.25,0.00,
2026-07-30,12:18:29.568,0.07,3.17,0.02,0.99,3.85,1.17,1.33,0.87,0.65,0.0002,0.0002,0.22,0.01,69,5524.72,1741.07,3880.24,3.17,26.44,0.07,0.59,2.27,0.14,0.00,59.57,38.01,100.00,0.00,0.00,0.00,10.18,4.26,0.00,
2026-07-30,12:18:30.570,0.00,1.46,0.00,0.33,1.31,1.00,0.10,0.82,0.96,0.0035,0.0004,0.21,0.01,70,283.75,193.71,3881.31,1.46,12.21,0.00,0.03,0.75,0.17,0.00,59.42,39.66,100.00,0.00,0.00,0.00,6.06,0.16,0.00,
2026-07-30,12:18:31.570,0.07,3.14,0.02,0.97,3.80,1.39,1.35,0.85,0.66,0.0003,0.0002,0.24,0.01,71,5531.53,1760.29,3880.26,3.14,26.19,0.07,0.59,2.33,0.30,0.00,59.37,38.00,100.00,0.00,0.00,0.00,10.19,4.24,0.00,
2026-07-30,12:18:32.571,0.00,1.43,0.00,0.37,1.43,0.61,0.07,0.89,0.97,0.0024,0.0003,0.18,0.00,71,249.60,174.42,3881.69,1.43,11.93,0.00,0.03,0.61,0.14,0.00,59.64,39.61,100.00,0.00,0.00,0.00,6.05,0.16,0.00,
2026-07-30,12:18:33.571,0.07,3.13,0.02,0.97,3.77,1.43,1.36,0.85,0.66,0.0003,0.0002,0.24,0.01,71,5574.17,1780.83,3878.50,3.13,26.08,0.07,0.60,2.38,0.15,0.00,59.42,38.05,100.00,0.00,0.00,0.00,10.20,4.28,0.00,
2026-07-30,12:18:34.572,0.07,3.14,0.02,0.98,3.83,1.31,1.35,0.87,0.65,0.0002,0.0002,0.23,0.01,71,5547.07,1766.00,3881.74,3.14,26.18,0.07,0.60,2.32,0.14,0.00,59.60,37.94,100.00,0.00,0.00,0.00,10.21,4.28,0.00,
2026-07-30,12:18:35.572,0.00,1.40,0.00,0.33,1.28,0.88,0.11,0.88,0.96,0.0031,0.0004,0.20,0.01,71,282.76,202.33,3879.84,1.40,11.65,0.00,0.03,0.80,0.22,0.00,59.50,39.49,100.00,0.00,0.00,0.00,6.07,0.17,0.00,
2026-07-30,12:18:36.573,0.07,3.11,0.02,0.95,3.70,1.39,1.34,0.86,0.66,0.0003,0.0002,0.24,0.01,70,5483.77,1761.52,3882.23,3.11,25.94,0.07,0.59,2.39,0.59,0.00,59.11,37.92,100.00,0.00,0.00,0.00,10.20,4.26,0.00,
2026-07-30,12:18:37.573,0.07,3.16,0.02,1.00,3.90,1.13,1.36,0.87,0.66,0.0002,0.0002,0.22,0.01,68,5600.69,1772.32,3879.41,3.16,26.33,0.07,0.60,2.28,1.15,0.00,58.57,37.99,100.00,0.00,0.00,0.00,10.24,4.29,0.00,
2026-07-30,12:18:38.573,0.00,1.39,0.00,0.37,1.42,0.90,0.07,0.85,0.97,0.0031,0.0002,0.20,0.01,71,292.72,210.08,3879.76,1.39,11.61,0.00,0.03,0.74,0.13,0.00,59.44,39.69,100.00,0.00,0.00,0.00,6.08,0.19,0.00,
2026-07-30,12:18:39.574,0.07,3.11,0.02,0.94,3.67,1.83,1.36,0.83,0.68,0.0003,0.0002,0.27,0.02,71,5650.89,1818.73,3881.26,3.11,25.89,0.07,0.61,2.49,0.22,0.00,59.49,37.80,100.00,0.00,0.00,0.00,10.25,4.30,0.00,
2026-07-30,12:18:40.575,0.01,1.92,0.00,0.44,1.71,1.01,0.07,0.84,0.98,0.0019,0.0001,0.21,0.01,71,537.12,280.12,3881.66,1.92,15.98,0.01,0.06,0.83,0.19,0.00,59.41,39.57,100.00,0.00,0.00,0.00,6.24,0.33,0.00,
2026-07-30,12:18:41.575,0.07,3.17,0.02,0.99,3.88,1.17,1.33,0.87,0.66,0.0002,0.0002,0.22,0.01,71,5536.53,1748.59,3877.06,3.17,26.39,0.07,0.59,2.27,0.23,0.00,59.49,38.01,100.00,0.00,0.00,0.00,10.22,4.30,0.00,
2026-07-30,12:18:42.574,0.07,2.98,0.03,0.86,3.35,2.19,1.50,0.84,0.69,0.0004,0.0003,0.29,0.02,70,5776.39,1939.03,3877.40,2.98,24.83,0.07,0.62,2.91,10.08,0.00,50.46,36.55,100.00,0.00,0.00,0.00,10.66,4.59,0.00,
2026-07-30,12:18:43.575,0.00,1.41,0.00,0.35,1.35,0.66,0.08,0.89,0.97,0.0025,0.0003,0.19,0.01,70,259.21,184.43,3877.47,1.41,11.71,0.00,0.03,0.69,0.21,0.00,59.44,39.67,100.00,0.00,0.00,0.00,6.04,0.16,0.00,
2026-07-30,12:18:44.575,0.07,3.13,0.02,0.97,3.80,1.57,1.38,0.85,0.66,0.0003,0.0002,0.25,0.01,70,5705.96,1824.27,3880.78,3.13,26.07,0.07,0.61,2.41,0.16,0.00,59.50,37.93,100.00,0.00,0.00,0.00,10.30,4.38,0.00,
2026-07-30,12:18:45.576,0.10,3.14,0.03,0.97,3.78,12.96,1.97,0.50,0.64,0.0016,0.0002,0.94,0.26,46,8013.81,2554.23,3881.99,3.14,26.15,0.10,0.86,3.40,3.67,0.00,56.29,36.64,100.00,0.00,0.00,0.00,12.36,6.30,0.00,
2026-07-30,12:18:46.576,0.05,3.25,0.01,0.84,3.27,9.84,1.13,0.51,0.79,0.0027,0.0003,0.96,0.24,70,3646.47,1120.56,3877.98,3.25,27.12,0.05,0.39,1.73,0.89,0.00,59.73,37.66,100.00,0.00,0.00,0.00,9.26,3.20,0.00,
2026-07-30,12:18:47.575,0.07,3.12,0.02,0.98,3.81,1.32,1.38,0.87,0.65,0.0002,0.0003,0.24,0.01,71,5499.22,1760.91,3877.40,3.12,26.02,0.07,0.59,2.33,0.25,0.00,59.67,37.75,100.00,0.00,0.00,0.00,10.16,4.24,0.00,
2026-07-30,12:18:48.576,0.01,1.16,0.01,0.35,1.35,2.42,0.30,0.81,0.96,0.0045,0.0006,0.30,0.03,71,535.32,460.28,3881.51,1.16,9.69,0.01,0.06,1.71,13.22,0.00,49.05,36.02,100.00,0.00,0.00,0.00,6.69,0.58,0.00,
2026-07-30,12:18:49.576,0.07,3.18,0.02,1.00,3.91,1.30,1.38,0.86,0.65,0.0002,0.0002,0.23,0.01,71,5560.46,1748.47,3877.97,3.18,26.50,0.07,0.60,2.25,0.21,0.00,59.78,37.76,100.00,0.00,0.00,0.00,10.18,4.28,0.00,
2026-07-30,12:18:50.576,0.07,3.18,0.02,1.00,3.89,1.14,1.38,0.87,0.47,0.0002,0.0003,0.22,0.01,67,5390.08,1694.90,3877.57,3.18,26.50,0.07,0.58,2.19,0.18,0.00,59.75,37.88,100.00,0.00,0.00,0.00,10.06,4.16,0.00,
2026-07-30,12:18:51.577,0.00,1.29,0.00,0.32,1.26,0.60,0.09,0.89,0.95,0.0033,0.0005,0.18,0.01,71,181.23,140.87,3881.47,1.29,10.72,0.00,0.02,0.56,0.34,0.00,59.42,39.69,100.00,0.00,0.00,0.00,6.01,0.12,0.00,
2026-07-30,12:18:52.577,0.07,3.14,0.02,0.99,3.85,1.22,1.34,0.87,0.65,0.0002,0.0002,0.23,0.01,71,5442.05,1731.63,3881.86,3.14,26.19,0.07,0.58,2.26,0.11,0.00,59.64,37.99,100.00,0.00,0.00,0.00,10.12,4.21,0.00,
2026-07-30,12:18:53.577,0.07,3.17,0.02,1.01,3.92,1.24,1.37,0.86,0.64,0.0002,0.0002,0.23,0.01,69,5563.62,1757.74,3877.47,3.17,26.38,0.07,0.60,2.25,0.14,0.00,59.63,37.97,100.00,0.00,0.00,0.00,10.18,4.27,0.00,
2026-07-30,12:18:54.577,0.00,1.41,0.00,0.35,1.37,0.77,0.11,0.88,0.96,0.0030,0.0004,0.20,0.01,70,258.09,182.46,3878.31,1.41,11.79,0.00,0.03,0.67,0.15,0.00,59.73,39.45,100.00,0.00,0.00,0.00,6.06,0.18,0.00,
2026-07-30,12:18:55.578,0.07,3.18,0.02,1.04,4.05,1.09,1.37,0.87,0.64,0.0002,0.0002,0.22,0.01,71,5537.29,1739.50,3881.66,3.18,26.53,0.07,0.59,2.16,0.13,0.00,59.64,38.07,100.00,0.00,0.00,0.00,10.20,4.30,0.00,
2026-07-30,12:18:56.578,0.01,1.36,0.01,0.52,2.03,2.91,0.44,0.74,0.88,0.0049,0.0007,0.35,0.02,61,598.33,441.44,3877.38,1.36,11.29,0.01,0.06,1.10,0.22,0.00,59.36,39.32,100.00,0.00,0.00,0.00,6.48,0.56,0.00,
2026-07-30,12:18:57.578,0.07,3.19,0.02,1.02,3.98,1.08,1.33,0.87,0.65,0.0002,0.0002,0.22,0.01,70,5490.30,1720.05,3877.47,3.19,26.60,0.07,0.59,2.17,0.18,0.00,59.66,37.99,100.00,0.00,0.00,0.00,10.11,4.22,0.00,
2026-07-30,12:18:58.578,0.07,3.17,0.02,1.00,3.90,1.23,1.37,0.86,0.65,0.0002,0.0002,0.23,0.01,70,5573.11,1760.38,3879.42,3.17,26.38,0.07,0.60,2.27,0.13,0.00,59.55,38.05,100.00,0.00,0.00,0.00,10.17,4.27,0.00,
2026-07-30,12:18:59.578,0.00,1.44,0.00,0.35,1.38,0.76,0.09,0.87,0.96,0.0029,0.0003,0.19,0.01,71,267.38,185.26,3877.79,1.44,12.03,0.00,0.03,0.68,0.19,0.00,59.46,39.67,100.00,0.00,0.00,0.00,6.04,0.15,0.00,
2026-07-30,12:19:00.579,0.07,3.13,0.02,0.98,3.81,1.62,1.36,0.83,0.66,0.0003,0.0002,0.26,0.02,70,5489.17,1753.09,3881.62,3.13,26.09,0.07,0.59,2.31,0.43,0.00,59.41,37.85,100.00,0.00,0.00,0.00,10.13,4.20,0.01,
2026-07-30,12:19:01.579,0.07,3.12,0.02,0.98,3.82,1.32,1.38,0.87,0.64,0.0002,0.0003,0.23,0.01,69,5509.45,1763.20,3879.75,3.12,26.04,0.07,0.59,2.32,0.20,0.00,59.72,37.76,100.00,0.00,0.00,0.00,10.15,4.24,0.00,
2026-07-30,12:19:02.579,0.00,1.37,0.00,0.34,1.33,0.69,0.11,0.89,0.96,0.0027,0.0004,0.19,0.01,70,259.47,188.91,3880.05,1.37,11.45,0.00,0.03,0.71,0.16,0.00,59.60,39.53,100.00,0.00,0.00,0.00,6.07,0.18,0.00,
2026-07-30,12:19:03.580,0.07,3.15,0.02,0.98,3.82,1.26,1.38,0.87,0.65,0.0002,0.0002,0.23,0.01,70,5564.29,1765.08,3881.50,3.15,26.27,0.07,0.60,2.32,0.16,0.00,59.54,37.98,100.00,0.00,0.00,0.00,10.15,4.24,0.00,
2026-07-30,12:19:04.581,0.01,2.24,0.01,0.55,2.13,1.17,0.30,0.82,0.89,0.0013,0.0003,0.22,0.01,56,927.44,414.32,3879.37,2.24,18.65,0.01,0.10,0.98,0.15,0.00,59.75,39.12,100.00,0.00,0.00,0.00,6.54,0.64,0.00,
2026-07-30,12:19:05.581,0.06,3.18,0.02,0.97,3.80,0.82,1.17,0.90,0.67,0.0002,0.0002,0.20,0.01,71,4840.48,1522.37,3879.30,3.18,26.50,0.06,0.52,2.02,0.22,0.00,59.70,38.06,100.00,0.00,0.00,0.00,9.66,3.76,0.00,
2026-07-30,12:19:06.581,0.07,3.12,0.02,0.95,3.72,1.59,1.43,0.85,0.64,0.0003,0.0003,0.26,0.01,70,5631.62,1804.87,3880.17,3.12,26.00,0.07,0.60,2.44,0.48,0.00,59.37,37.71,100.00,0.00,0.00,0.00,10.28,4.33,0.00,
2026-07-30,12:19:07.581,0.00,1.42,0.00,0.35,1.37,1.47,0.10,0.79,0.96,0.0052,0.0004,0.23,0.02,71,280.92,197.39,3877.27,1.42,11.86,0.00,0.03,0.73,0.29,0.00,59.51,39.48,100.00,0.00,0.00,0.00,6.07,0.18,0.00,
2026-07-30,12:19:08.581,0.07,3.13,0.02,0.98,3.82,1.61,1.43,0.84,0.65,0.0003,0.0003,0.26,0.02,71,5616.36,1795.63,3879.43,3.13,26.06,0.07,0.60,2.36,0.13,0.00,59.61,37.90,100.00,0.00,0.00,0.00,10.27,4.36,0.00,
2026-07-30,12:19:09.581,0.07,3.14,0.02,1.00,3.88,1.19,1.37,0.87,0.65,0.0002,0.0002,0.23,0.01,70,5491.83,1746.60,3879.68,3.14,26.20,0.07,0.59,2.26,0.16,0.00,59.71,37.87,100.00,0.00,0.00,0.00,10.11,4.21,0.00,
2026-07-30,12:19:10.582,0.00,1.34,0.00,0.36,1.39,1.19,0.16,0.81,0.94,0.0040,0.0005,0.23,0.01,71,295.53,220.35,3881.41,1.34,11.18,0.00,0.03,0.80,0.11,0.00,59.56,39.53,100.00,0.00,0.00,0.00,6.17,0.27,0.00,
2026-07-30,12:19:11.582,0.07,3.11,0.02,0.96,3.74,1.50,1.39,0.86,0.65,0.0003,0.0003,0.25,0.01,71,5540.73,1781.00,3877.91,3.11,25.93,0.07,0.60,2.39,0.21,0.00,59.60,37.80,100.00,0.00,0.00,0.00,10.21,4.29,0.00,
2026-07-30,12:19:12.582,0.03,2.58,0.01,0.68,2.65,2.25,0.76,0.79,0.89,0.0008,0.0003,0.30,0.02,51,2689.94,1041.65,3877.18,2.58,21.52,0.03,0.29,1.98,9.92,0.00,50.77,37.34,100.00,0.00,0.00,0.00,8.19,2.16,0.00,
2026-07-30,12:19:13.583,0.04,3.07,0.01,0.89,3.48,0.78,0.80,0.90,0.75,0.0002,0.0002,0.19,0.01,71,3230.36,1050.54,3882.74,3.07,25.62,0.04,0.35,1.52,0.27,0.00,59.68,38.53,100.00,0.00,0.00,0.00,8.45,2.55,0.00,
2026-07-30,12:19:14.583,0.07,3.14,0.02,0.98,3.81,1.35,1.37,0.86,0.65,0.0002,0.0002,0.24,0.01,70,5528.22,1758.34,3877.53,3.14,26.20,0.07,0.59,2.32,0.16,0.00,59.60,37.93,100.00,0.00,0.00,0.00,10.11,4.20,0.00,
2026-07-30,12:19:15.583,0.00,1.43,0.00,0.35,1.37,0.68,0.10,0.88,0.96,0.0027,0.0004,0.19,0.01,70,252.45,177.07,3879.69,1.43,11.88,0.00,0.03,0.65,0.20,0.00,59.75,39.40,100.00,0.00,0.00,0.00,6.03,0.15,0.00,
2026-07-30,12:19:16.583,0.15,3.22,0.05,1.01,3.94,22.30,2.67,0.45,0.69,0.0020,0.0002,1.71,0.52,70,11306.62,3511.91,3880.75,3.22,26.83,0.15,1.21,4.48,5.35,0.00,54.92,35.25,100.00,0.00,0.00,0.00,16.17,9.89,0.00,
2026-07-30,12:19:17.583,0.07,3.15,0.02,0.99,3.85,1.30,1.34,0.85,0.66,0.0002,0.0002,0.23,0.01,70,5508.01,1749.33,3877.84,3.15,26.24,0.07,0.59,2.29,0.25,0.00,59.51,37.95,100.00,0.00,0.00,0.00,10.12,4.20,0.00,
2026-07-30,12:19:18.583,0.01,1.12,0.01,0.37,1.44,2.42,0.21,0.78,0.98,0.0045,0.0004,0.30,0.03,71,540.95,484.49,3877.66,1.12,9.30,0.01,0.06,1.69,13.72,0.00,46.37,38.22,100.00,0.00,0.00,0.00,6.68,0.59,0.00,
2026-07-30,12:19:19.584,0.07,3.15,0.02,0.96,3.74,1.30,1.32,0.86,0.66,0.0002,0.0002,0.23,0.01,70,5453.91,1731.89,3881.97,3.15,26.24,0.07,0.59,2.33,0.29,0.00,59.52,37.86,100.00,0.00,0.00,0.00,10.08,4.16,0.00,
2026-07-30,12:19:20.585,0.05,3.10,0.02,0.94,3.67,1.05,1.03,0.87,0.71,0.0003,0.0002,0.22,0.01,50,4179.85,1349.73,3879.93,3.10,25.81,0.05,0.45,1.85,0.13,0.00,59.68,38.34,100.00,0.00,0.00,0.00,8.96,3.06,0.00,
2026-07-30,12:19:21.585,0.03,2.71,0.01,0.68,2.66,1.49,0.40,0.83,0.90,0.0008,0.0002,0.24,0.02,71,1964.66,724.94,3879.18,2.71,22.58,0.03,0.21,1.37,0.46,0.00,59.17,39.00,100.00,0.00,0.00,0.00,7.52,1.58,0.00,
2026-07-30,12:19:22.585,0.07,3.17,0.02,0.99,3.86,1.26,1.39,0.87,0.64,0.0002,0.0003,0.23,0.01,71,5531.79,1747.10,3879.77,3.17,26.39,0.07,0.59,2.28,0.12,0.00,59.78,37.82,100.00,0.00,0.00,0.00,10.11,4.20,0.00,
2026-07-30,12:19:23.584,0.00,1.37,0.00,0.34,1.34,0.71,0.15,0.90,0.94,0.0028,0.0006,0.19,0.01,71,258.60,188.56,3876.21,1.37,11.43,0.00,0.03,0.71,0.14,0.00,60.20,38.96,100.00,0.00,0.00,0.00,6.06,0.17,0.00,
2026-07-30,12:19:24.584,0.07,3.15,0.02,1.00,3.89,1.21,1.34,0.87,0.65,0.0002,0.0003,0.23,0.01,71,5346.43,1696.25,3877.54,3.15,26.27,0.07,0.57,2.20,0.13,0.00,60.30,37.38,100.00,0.00,0.00,0.00,9.99,4.08,0.00,
2026-07-30,12:19:25.585,0.07,3.16,0.02,0.99,3.88,1.13,1.39,0.88,0.64,0.0002,0.0003,0.22,0.01,70,5521.15,1747.48,3881.95,3.16,26.33,0.07,0.59,2.26,0.14,0.00,59.92,37.68,100.00,0.00,0.00,0.00,10.12,4.20,0.00,
2026-07-30,12:19:26.585,0.00,1.42,0.00,0.35,1.38,0.74,0.11,0.88,0.96,0.0029,0.0004,0.19,0.01,71,260.97,184.36,3878.02,1.42,11.80,0.00,0.03,0.67,0.15,0.00,59.70,39.47,100.00,0.00,0.00,0.00,6.06,0.17,0.00,
2026-07-30,12:19:27.585,0.07,3.17,0.02,0.99,3.86,1.27,1.37,0.86,0.65,0.0002,0.0002,0.23,0.01,71,5507.66,1739.55,3877.05,3.17,26.38,0.07,0.59,2.27,0.14,0.00,59.67,37.92,100.00,0.00,0.00,0.00,10.07,4.17,0.00,
2026-07-30,12:19:28.585,0.07,3.22,0.02,1.01,3.96,0.91,1.33,0.89,0.34,0.0002,0.0002,0.21,0.01,60,5307.91,1650.57,3877.71,3.22,26.80,0.07,0.57,2.10,0.14,0.00,59.70,38.06,100.00,0.00,0.00,0.00,9.90,4.01,0.00,
2026-07-30,12:19:29.585,0.00,1.41,0.00,0.34,1.31,0.79,0.09,0.86,0.96,0.0033,0.0004,0.20,0.01,71,240.34,170.26,3878.60,1.41,11.76,0.00,0.03,0.65,0.23,0.00,59.66,39.46,100.00,0.00,0.00,0.00,6.07,0.18,0.00,
2026-07-30,12:19:30.584,0.07,3.18,0.02,1.01,3.92,1.26,1.33,0.85,0.66,0.0002,0.0002,0.23,0.01,70,5507.61,1734.06,3877.61,3.18,26.47,0.07,0.59,2.22,0.13,0.00,59.56,38.09,100.00,0.00,0.00,0.00,10.10,4.19,0.00,
2026-07-30,12:19:31.585,0.01,1.62,0.01,0.56,2.19,3.34,0.50,0.72,0.89,0.0042,0.0006,0.37,0.02,71,787.92,487.49,3882.01,1.62,13.47,0.01,0.08,1.12,0.31,0.00,59.40,39.18,100.00,0.00,0.00,0.00,6.56,0.64,0.00,
2026-07-30,12:19:32.585,0.07,3.17,0.02,1.02,3.98,1.20,1.32,0.85,0.66,0.0002,0.0002,0.23,0.01,71,5454.52,1719.79,3877.67,3.17,26.43,0.07,0.59,2.17,0.33,0.00,59.55,37.95,100.00,0.00,0.00,0.00,10.10,4.20,0.00,
2026-07-30,12:19:33.585,0.07,3.14,0.02,0.97,3.79,1.29,1.35,0.87,0.66,0.0002,0.0002,0.23,0.01,70,5471.42,1744.71,3877.95,3.14,26.13,0.07,0.59,2.32,0.16,0.00,59.56,37.96,100.00,0.00,0.00,0.00,10.08,4.17,0.00,
2026-07-30,12:19:34.586,0.00,1.46,0.00,0.37,1.44,0.74,0.08,0.86,0.97,0.0030,0.0003,0.19,0.01,71,251.26,172.35,3881.28,1.46,12.15,0.00,0.03,0.60,0.12,0.00,59.65,39.63,100.00,0.00,0.00,0.00,6.05,0.17,0.00,
2026-07-30,12:19:35.586,0.07,3.15,0.02,0.96,3.73,1.32,1.34,0.86,0.66,0.0002,0.0002,0.23,0.01,71,5418.54,1721.10,3881.16,3.15,26.24,0.07,0.58,2.32,0.24,0.00,59.59,37.86,100.00,0.00,0.00,0.00,10.01,4.09,0.00,
2026-07-30,12:19:36.587,0.07,3.18,0.02,1.01,3.93,1.29,1.34,0.85,0.65,0.0002,0.0002,0.24,0.01,68,5488.26,1725.97,3881.51,3.18,26.50,0.07,0.59,2.21,0.76,0.00,59.08,37.95,100.00,0.00,0.00,0.00,10.12,4.19,0.00,
2026-07-30,12:19:37.587,0.00,1.47,0.00,0.35,1.38,0.75,0.09,0.87,0.97,0.0028,0.0003,0.19,0.01,70,267.97,182.50,3877.63,1.47,12.24,0.00,0.03,0.66,1.24,0.00,58.66,39.43,100.00,0.00,0.00,0.00,6.08,0.16,0.00,
2026-07-30,12:19:38.587,0.07,3.14,0.02,0.97,3.79,1.15,1.34,0.88,0.66,0.0002,0.0002,0.22,0.01,70,5460.71,1739.37,3878.29,3.14,26.16,0.07,0.59,2.31,0.16,0.00,59.59,37.94,100.00,0.00,0.00,0.00,10.05,4.13,0.00,
2026-07-30,12:19:39.588,0.00,1.39,0.00,0.35,1.36,0.67,0.11,0.89,0.96,0.0027,0.0004,0.19,0.01,70,253.18,182.52,3882.25,1.39,11.56,0.00,0.03,0.68,0.17,0.00,59.69,39.47,100.00,0.00,0.00,0.00,6.06,0.16,0.00,
2026-07-30,12:19:40.588,0.07,3.16,0.02,1.00,3.89,1.26,1.35,0.86,0.65,0.0002,0.0002,0.23,0.01,70,5467.50,1727.83,3877.85,3.16,26.37,0.07,0.59,2.23,0.11,0.00,59.70,37.96,100.00,0.00,0.00,0.00,10.06,4.16,0.00,
2026-07-30,12:19:41.588,0.07,3.16,0.02,0.98,3.83,1.21,1.40,0.87,0.64,0.0002,0.0003,0.23,0.01,70,5570.58,1763.48,3879.95,3.16,26.32,0.07,0.60,2.31,0.16,0.00,59.68,37.84,100.00,0.00,0.00,0.00,10.18,4.27,0.00,
2026-07-30,12:19:42.589,0.01,1.21,0.00,0.38,1.48,1.59,0.17,0.81,0.97,0.0039,0.0004,0.24,0.02,71,412.24,339.60,3881.80,1.21,10.12,0.01,0.04,1.15,13.21,0.00,46.69,38.95,100.00,0.00,0.00,0.00,6.39,0.37,0.00,
2026-07-30,12:19:43.590,0.07,3.15,0.02,0.98,3.82,1.38,1.34,0.85,0.66,0.0003,0.0002,0.24,0.01,71,5518.35,1754.21,3881.56,3.15,26.21,0.07,0.59,2.31,1.81,0.00,57.89,38.00,100.00,0.00,0.00,0.00,10.21,4.23,0.00,
2026-07-30,12:19:44.590,0.07,3.15,0.02,1.00,3.89,1.42,1.32,0.84,0.67,0.0003,0.0002,0.24,0.01,69,5575.23,1771.38,3877.78,3.15,26.23,0.07,0.60,2.29,0.14,0.00,59.47,38.10,100.00,0.00,0.00,0.00,10.12,4.21,0.00,
2026-07-30,12:19:45.590,0.00,1.42,0.00,0.35,1.36,0.73,0.06,0.87,0.97,0.0028,0.0003,0.19,0.01,71,256.99,181.26,3877.81,1.42,11.82,0.00,0.03,0.67,0.15,0.00,59.56,39.62,100.00,0.00,0.00,0.00,6.07,0.17,0.00,
2026-07-30,12:19:46.591,0.15,3.24,0.05,1.01,3.95,22.43,2.63,0.44,0.70,0.0020,0.0002,1.73,0.53,68,11454.26,3535.64,3881.46,3.24,27.00,0.15,1.23,4.49,5.12,0.00,55.43,34.96,100.00,0.00,0.00,0.00,16.18,9.88,0.00,
2026-07-30,12:19:47.591,0.00,1.37,0.00,0.35,1.35,0.86,0.11,0.86,0.96,0.0033,0.0004,0.20,0.01,71,259.27,189.65,3879.25,1.37,11.39,0.00,0.03,0.71,0.23,0.00,59.72,39.33,100.00,0.00,0.00,0.00,6.06,0.17,0.00,
2026-07-30,12:19:48.592,0.07,2.81,0.03,0.79,3.07,3.22,1.53,0.80,0.86,0.0006,0.0003,0.35,0.04,71,5744.57,2046.17,3881.09,2.81,23.40,0.07,0.62,3.35,18.83,0.00,42.57,35.25,100.00,0.00,0.00,0.00,10.81,4.64,0.00,
2026-07-30,12:19:49.592,0.07,3.14,0.02,0.97,3.79,1.30,1.34,0.86,0.66,0.0002,0.0002,0.23,0.01,70,5436.73,1732.57,3880.17,3.14,26.15,0.07,0.58,2.29,2.77,0.00,57.09,37.85,100.00,0.00,0.00,0.00,10.19,4.16,0.00,
2026-07-30,12:19:50.593,0.00,1.44,0.00,0.36,1.40,0.68,0.09,0.87,0.96,0.0027,0.0003,0.19,0.01,70,252.61,175.20,3881.82,1.44,12.02,0.00,0.03,0.63,0.16,0.00,59.72,39.49,100.00,0.00,0.00,0.00,6.06,0.17,0.00,
2026-07-30,12:19:51.593,0.07,3.14,0.02,0.95,3.72,1.30,1.34,0.87,0.66,0.0002,0.0002,0.23,0.01,71,5486.40,1750.03,3877.55,3.14,26.13,0.07,0.59,2.36,0.20,0.00,59.53,37.91,100.00,0.00,0.00,0.00,10.11,4.18,0.00,
2026-07-30,12:19:52.593,0.07,3.16,0.02,1.01,3.94,1.14,1.34,0.86,0.65,0.0002,0.0002,0.22,0.01,69,5488.21,1734.46,3879.47,3.16,26.37,0.07,0.59,2.21,0.13,0.00,59.68,37.97,100.00,0.00,0.00,0.00,10.12,4.21,0.00,
2026-07-30,12:19:53.593,0.00,1.31,0.00,0.32,1.25,0.86,0.11,0.87,0.96,0.0033,0.0004,0.20,0.01,71,262.10,200.49,3877.29,1.31,10.89,0.00,0.03,0.81,0.25,0.00,59.62,39.33,100.00,0.00,0.00,0.00,6.06,0.16,0.00,
2026-07-30,12:19:54.593,0.07,3.15,0.02,0.97,3.78,1.36,1.39,0.87,0.64,0.0003,0.0003,0.24,0.01,71,5441.27,1729.52,3878.27,3.15,26.22,0.07,0.58,2.30,0.13,0.00,59.85,37.72,100.00,0.00,0.00,0.00,10.05,4.13,0.00,
2026-07-30,12:19:55.593,0.00,1.45,0.00,0.36,1.40,0.59,0.14,0.90,0.94,0.0024,0.0006,0.18,0.00,71,249.39,171.71,3879.41,1.45,12.10,0.00,0.03,0.62,0.14,0.00,60.02,39.23,100.00,0.00,0.00,0.00,6.04,0.16,0.00,
2026-07-30,12:19:56.593,0.07,3.18,0.02,1.01,3.94,1.25,1.40,0.86,0.63,0.0002,0.0003,0.23,0.01,70,5490.72,1724.67,3876.22,3.18,26.53,0.07,0.59,2.20,0.11,0.00,60.09,37.60,100.00,0.00,0.00,0.00,10.07,4.16,0.00,
2026-07-30,12:19:57.593,0.07,3.13,0.02,0.97,3.80,1.28,1.38,0.87,0.66,0.0002,0.0003,0.23,0.01,70,5456.21,1743.06,3879.27,3.13,26.09,0.07,0.59,2.31,0.17,0.00,59.75,37.77,100.00,0.00,0.00,0.00,10.07,4.16,0.00,
2026-07-30,12:19:58.593,0.00,1.36,0.00,0.35,1.38,0.82,0.11,0.88,0.96,0.0030,0.0004,0.20,0.01,71,276.55,202.67,3879.13,1.36,11.37,0.00,0.03,0.74,0.20,0.00,59.60,39.46,100.00,0.00,0.00,0.00,6.13,0.22,0.00,
2026-07-30,12:19:59.594,0.07,3.14,0.02,0.99,3.86,1.29,1.36,0.86,0.65,0.0002,0.0002,0.23,0.01,71,5470.13,1743.01,3881.58,3.14,26.15,0.07,0.59,2.27,0.19,0.00,59.75,37.78,100.00,0.00,0.00,0.00,10.12,4.22,0.00,
2026-07-30,12:20:00.594,0.07,3.12,0.02,1.00,3.92,1.57,1.37,0.83,0.65,0.0003,0.0002,0.26,0.02,69,5554.06,1778.99,3879.42,3.12,26.02,0.07,0.60,2.28,0.83,0.00,59.40,37.49,100.00,0.00,0.00,0.00,10.22,4.28,0.01,
2026-07-30,12:20:01.594,0.01,2.06,0.01,0.47,1.84,1.97,0.22,0.80,0.93,0.0023,0.0003,0.28,0.03,70,852.35,414.45,3881.22,2.06,17.14,0.01,0.09,1.13,4.75,0.00,55.05,39.06,100.00,0.00,0.00,0.00,6.85,0.83,0.00,
2026-07-30,12:20:02.595,0.07,3.14,0.02,1.03,4.01,1.24,1.33,0.85,0.66,0.0002,0.0002,0.23,0.01,71,5506.75,1755.41,3878.50,3.14,26.14,0.07,0.59,2.20,1.04,0.00,58.73,38.03,100.00,0.00,0.00,0.00,10.15,4.22,0.00,
2026-07-30,12:20:03.595,0.00,1.44,0.00,0.36,1.39,0.88,0.10,0.86,0.96,0.0030,0.0003,0.20,0.01,71,299.26,208.03,3880.62,1.44,11.99,0.00,0.03,0.75,0.18,0.00,59.54,39.52,100.00,0.00,0.00,0.00,6.09,0.20,0.00,
2026-07-30,12:20:04.595,0.07,3.14,0.02,1.02,3.97,1.19,1.33,0.87,0.65,0.0002,0.0002,0.23,0.01,71,5523.93,1761.90,3877.59,3.14,26.13,0.07,0.59,2.23,0.11,0.00,59.72,37.93,100.00,0.00,0.00,0.00,10.14,4.23,0.00,
2026-07-30,12:20:05.596,0.07,3.15,0.02,0.98,3.81,1.27,1.33,0.86,0.66,0.0002,0.0002,0.23,0.01,71,5419.73,1719.48,3881.60,3.15,26.27,0.07,0.58,2.27,0.25,0.00,59.66,37.83,100.00,0.00,0.00,0.00,10.03,4.11,0.00,
2026-07-30,12:20:06.596,0.00,0.64,0.00,0.21,0.83,0.52,0.07,0.89,0.86,0.0096,0.0013,0.18,0.00,71,53.71,84.25,3878.00,0.64,5.31,0.00,0.01,0.51,0.33,0.00,59.47,39.68,100.00,0.00,0.00,0.00,5.90,0.03,0.00,
2026-07-30,12:20:07.596,0.07,3.16,0.02,0.99,3.86,1.13,1.31,0.87,0.65,0.0002,0.0002,0.22,0.01,71,5399.80,1707.93,3879.32,3.16,26.35,0.07,0.58,2.22,0.19,0.00,59.56,38.03,100.00,0.00,0.00,0.00,10.01,4.09,0.00,
2026-07-30,12:20:08.596,0.07,3.17,0.02,1.00,3.91,1.16,1.32,0.86,0.66,0.0002,0.0002,0.22,0.01,70,5454.36,1721.25,3879.64,3.17,26.41,0.07,0.59,2.21,0.15,0.00,59.63,38.01,100.00,0.00,0.00,0.00,10.08,4.17,0.00,
2026-07-30,12:20:09.597,0.00,1.44,0.00,0.36,1.39,0.61,0.07,0.89,0.97,0.0024,0.0003,0.18,0.01,71,253.97,176.08,3881.64,1.44,12.02,0.00,0.03,0.64,0.15,0.00,59.70,39.51,100.00,0.00,0.00,0.00,6.05,0.16,0.00,
2026-07-30,12:20:10.597,0.07,3.11,0.02,0.99,3.88,1.64,1.40,0.82,0.65,0.0003,0.0003,0.26,0.01,71,5558.91,1785.49,3877.79,3.11,25.94,0.07,0.60,2.32,0.15,0.00,59.66,37.88,100.00,0.00,0.00,0.00,10.15,4.23,0.00,
2026-07-30,12:20:11.597,0.01,2.01,0.00,0.50,1.97,1.16,0.23,0.80,0.92,0.0017,0.0003,0.22,0.01,56,669.49,333.35,3877.63,2.01,16.74,0.01,0.07,0.85,0.15,0.00,59.64,39.35,100.00,0.00,0.00,0.00,6.38,0.49,0.00,
2026-07-30,12:20:12.598,0.07,2.97,0.02,0.84,3.29,2.00,1.33,0.83,0.82,0.0004,0.0002,0.27,0.02,70,5324.28,1790.05,3883.02,2.97,24.79,0.07,0.57,2.73,11.00,0.00,49.23,37.04,100.00,0.00,0.00,0.00,10.13,4.11,0.00,
2026-07-30,12:20:13.597,0.07,3.15,0.02,0.98,3.83,1.36,1.34,0.85,0.66,0.0002,0.0002,0.24,0.01,71,5517.39,1749.76,3877.70,3.15,26.28,0.07,0.59,2.30,0.45,0.00,59.49,37.76,100.00,0.00,0.00,0.00,10.15,4.24,0.00,
2026-07-30,12:20:14.597,0.00,1.45,0.00,0.36,1.41,0.72,0.07,0.86,0.97,0.0029,0.0003,0.19,0.01,71,252.00,173.25,3877.62,1.45,12.12,0.00,0.03,0.62,0.10,0.00,59.55,39.73,100.00,0.00,0.00,0.00,6.04,0.16,0.00,
2026-07-30,12:20:15.598,0.07,3.12,0.02,0.96,3.73,1.50,1.36,0.84,0.66,0.0003,0.0002,0.24,0.01,71,5498.94,1761.01,3881.75,3.12,26.02,0.07,0.59,2.37,0.22,0.00,59.70,37.72,100.00,0.00,0.00,0.00,10.07,4.16,0.00,
2026-07-30,12:20:16.598,0.07,2.95,0.02,0.89,3.45,4.83,1.39,0.67,0.70,0.0009,0.0002,0.43,0.07,66,5623.06,1907.47,3877.11,2.95,24.57,0.07,0.60,2.78,1.78,0.00,58.66,36.78,100.00,0.00,0.00,0.00,10.34,4.38,0.00,
2026-07-30,12:20:17.598,0.08,3.36,0.02,0.98,3.81,20.49,1.38,0.42,0.80,0.0033,0.0002,1.57,0.50,71,6289.29,1872.85,3877.18,3.36,27.98,0.08,0.68,2.47,6.86,0.00,53.28,37.39,100.00,0.00,0.00,0.00,11.81,5.49,0.00,
2026-07-30,12:20:18.597,0.08,2.80,0.03,0.81,3.17,3.06,1.57,0.80,0.86,0.0005,0.0003,0.34,0.04,71,5977.20,2135.94,3877.80,2.80,23.32,0.08,0.64,3.39,18.24,0.00,42.54,35.84,100.00,0.00,0.00,0.00,11.17,5.05,0.00,
2026-07-30,12:20:19.599,0.03,2.78,0.01,0.77,3.01,1.11,0.52,0.82,0.83,0.0006,0.0003,0.22,0.01,51,1984.52,713.00,3881.53,2.78,23.19,0.03,0.21,1.19,0.18,0.00,59.48,39.15,100.00,0.00,0.00,0.00,7.37,1.46,0.00,
2026-07-30,12:20:20.599,0.05,3.14,0.02,0.95,3.71,0.71,0.90,0.90,0.73,0.0002,0.0002,0.19,0.01,71,3871.23,1234.49,3880.48,3.14,26.13,0.05,0.42,1.67,1.07,0.00,58.59,38.66,100.00,0.00,0.00,0.00,8.93,3.01,0.00,
2026-07-30,12:20:21.600,0.07,3.10,0.02,0.95,3.69,1.63,1.37,0.84,0.67,0.0003,0.0002,0.26,0.02,70,5672.08,1828.69,3881.88,3.10,25.85,0.07,0.61,2.49,0.69,0.00,58.87,37.95,100.00,0.00,0.00,0.00,10.24,4.28,0.00,
2026-07-30,12:20:22.600,0.00,1.50,0.00,0.38,1.50,0.92,0.07,0.85,0.97,0.0030,0.0002,0.20,0.01,71,311.83,207.26,3877.33,1.50,12.54,0.00,0.03,0.70,0.71,0.00,58.90,39.69,100.00,0.00,0.00,0.00,6.16,0.26,0.00,
2026-07-30,12:20:23.599,0.07,3.13,0.02,0.98,3.82,1.33,1.37,0.86,0.65,0.0002,0.0002,0.24,0.01,71,5611.24,1793.30,3876.21,3.13,26.08,0.07,0.60,2.36,0.19,0.00,59.43,38.02,100.00,0.00,0.00,0.00,10.17,4.26,0.00,
2026-07-30,12:20:24.599,0.07,3.15,0.02,1.01,3.93,1.20,1.37,0.86,0.65,0.0002,0.0002,0.23,0.01,70,5604.80,1778.42,3879.63,3.15,26.26,0.07,0.60,2.27,0.14,0.00,59.55,38.03,100.00,0.00,0.00,0.00,10.16,4.25,0.00,
2026-07-30,12:20:25.599,0.01,1.75,0.00,0.39,1.54,1.14,0.09,0.82,0.97,0.0027,0.0002,0.22,0.02,71,420.83,240.46,3877.92,1.75,14.58,0.01,0.05,0.79,0.19,0.00,59.45,39.57,100.00,0.00,0.00,0.00,6.19,0.30,0.00,
2026-07-30,12:20:26.600,0.07,3.09,0.02,0.95,3.69,1.75,1.42,0.83,0.66,0.0003,0.0003,0.27,0.01,71,5564.22,1802.93,3879.56,3.09,25.72,0.07,0.60,2.45,0.18,0.00,59.48,37.89,100.00,0.00,0.00,0.00,10.16,4.24,0.00,
2026-07-30,12:20:27.600,0.04,2.90,0.01,0.81,3.17,1.31,0.73,0.83,0.77,0.0005,0.0003,0.24,0.01,53,2841.86,978.33,3879.76,2.90,24.21,0.04,0.31,1.55,0.14,0.00,59.53,38.78,100.00,0.00,0.00,0.00,8.00,2.09,0.00,
2026-07-30,12:20:28.600,0.03,2.78,0.01,0.70,2.74,0.75,0.43,0.89,0.91,0.0004,0.0002,0.19,0.01,71,1979.75,713.26,3878.67,2.78,23.13,0.03,0.21,1.31,0.15,0.00,59.30,39.23,100.00,0.00,0.00,0.00,7.33,1.44,0.00,
2026-07-30,12:20:29.600,0.07,3.16,0.02,1.01,3.95,1.13,1.37,0.87,0.64,0.0002,0.0002,0.22,0.01,70,5620.30,1780.19,3879.52,3.16,26.31,0.07,0.60,2.27,0.15,0.00,59.62,37.96,100.00,0.00,0.00,0.00,10.15,4.24,0.00,
2026-07-30,12:20:30.600,0.00,1.46,0.00,0.36,1.42,0.61,0.07,0.88,0.97,0.0024,0.0003,0.18,0.00,71,252.47,172.39,3877.57,1.46,12.20,0.00,0.03,0.61,0.13,0.00,59.54,39.72,100.00,0.00,0.00,0.00,6.03,0.16,0.00,
2026-07-30,12:20:31.600,0.07,3.15,0.02,1.00,3.90,1.29,1.37,0.86,0.65,0.0002,0.0002,0.23,0.01,70,5611.71,1779.45,3881.12,3.15,26.28,0.07,0.60,2.29,0.18,0.00,59.59,37.93,100.00,0.00,0.00,0.00,10.21,4.30,0.00,
2026-07-30,12:20:32.601,0.07,3.16,0.02,1.00,3.91,1.18,1.36,0.87,0.65,0.0002,0.0002,0.23,0.01,70,5610.97,1778.30,3881.55,3.16,26.29,0.07,0.60,2.28,0.14,0.00,59.57,38.01,100.00,0.00,0.00,0.00,10.18,4.27,0.00,
2026-07-30,12:20:33.601,0.00,1.37,0.00,0.34,1.33,0.71,0.08,0.88,0.97,0.0028,0.0003,0.19,0.01,71,257.48,188.03,3878.28,1.37,11.41,0.00,0.03,0.71,0.21,0.00,59.65,39.43,100.00,0.00,0.00,0.00,6.06,0.16,0.00,
2026-07-30,12:20:34.601,0.07,3.14,0.02,0.98,3.84,1.29,1.36,0.86,0.65,0.0002,0.0002,0.23,0.01,71,5662.19,1804.33,3877.82,3.14,26.15,0.07,0.61,2.36,0.23,0.00,59.38,38.02,100.00,0.00,0.00,0.00,10.21,4.29,0.00,
2026-07-30,12:20:35.602,0.06,3.05,0.02,0.88,3.44,1.17,1.07,0.86,0.70,0.0003,0.0002,0.23,0.01,50,4298.71,1408.36,3881.42,3.05,25.44,0.06,0.46,2.06,0.24,0.00,59.55,38.15,100.00,0.00,0.00,0.00,9.14,3.23,0.00,
2026-07-30,12:20:36.602,0.02,2.78,0.01,0.70,2.74,0.76,0.36,0.88,0.87,0.0005,0.0002,0.19,0.01,71,1526.18,549.39,3878.04,2.78,23.15,0.02,0.16,1.01,0.40,0.00,59.29,39.31,100.00,0.00,0.00,0.00,7.06,1.17,0.00,
2026-07-30,12:20:37.602,0.07,3.15,0.02,1.02,3.99,1.08,1.35,0.87,0.65,0.0002,0.0002,0.22,0.01,70,5583.03,1770.94,3877.55,3.15,26.27,0.07,0.60,2.23,0.15,0.00,59.62,38.00,100.00,0.00,0.00,0.00,10.14,4.25,0.00,
2026-07-30,12:20:38.603,0.00,1.50,0.00,0.35,1.38,0.66,0.07,0.88,0.97,0.0024,0.0003,0.19,0.01,71,269.89,180.31,3883.04,1.50,12.47,0.00,0.03,0.66,0.18,0.00,59.57,39.59,100.00,0.00,0.00,0.00,6.07,0.18,0.00,
2026-07-30,12:20:39.602,0.07,3.15,0.02,1.02,3.99,1.18,1.37,0.86,0.64,0.0002,0.0002,0.22,0.01,71,5610.46,1778.43,3877.25,3.15,26.29,0.07,0.60,2.24,0.15,0.00,59.58,38.02,100.00,0.00,0.00,0.00,10.27,4.36,0.00,
2026-07-30,12:20:40.603,0.07,3.09,0.02,0.95,3.70,1.90,1.37,0.82,0.69,0.0003,0.0002,0.27,0.02,70,5749.64,1858.41,3877.89,3.09,25.78,0.07,0.62,2.52,0.27,0.00,59.60,37.61,100.00,0.00,0.00,0.00,10.31,4.37,0.00,
2026-07-30,12:20:41.603,0.01,1.75,0.00,0.36,1.39,1.16,0.09,0.83,0.97,0.0027,0.0002,0.22,0.01,71,424.26,242.10,3879.68,1.75,14.60,0.01,0.05,0.87,0.28,0.00,59.30,39.54,100.00,0.00,0.00,0.00,6.14,0.24,0.00,
2026-07-30,12:20:42.604,0.07,2.95,0.03,0.88,3.44,2.23,1.44,0.82,0.82,0.0004,0.0002,0.29,0.02,71,5755.67,1951.30,3881.64,2.95,24.58,0.07,0.62,2.85,6.09,0.00,53.60,37.46,100.00,0.00,0.00,0.00,10.56,4.55,0.00,
2026-07-30,12:20:43.605,0.07,3.11,0.02,0.99,3.86,1.19,1.27,0.86,0.67,0.0002,0.0002,0.23,0.01,51,5169.47,1663.52,3881.42,3.11,25.90,0.07,0.55,2.16,0.25,0.00,59.48,38.11,100.00,0.00,0.00,0.00,9.81,3.90,0.00,
2026-07-30,12:20:44.604,0.01,2.31,0.00,0.46,1.80,0.91,0.17,0.84,0.83,0.0014,0.0003,0.20,0.01,70,632.26,274.22,3877.64,2.31,19.21,0.01,0.07,0.77,0.14,0.00,59.64,39.46,100.00,0.00,0.00,0.00,6.38,0.50,0.00,
2026-07-30,12:20:45.604,0.07,3.15,0.02,1.02,3.99,1.11,1.36,0.87,0.61,0.0002,0.0002,0.22,0.01,70,5537.33,1760.14,3877.49,3.15,26.22,0.07,0.60,2.22,0.18,0.00,59.69,37.91,100.00,0.00,0.00,0.00,10.19,4.29,0.00,
2026-07-30,12:20:46.605,0.00,1.44,0.00,0.35,1.35,0.71,0.08,0.87,0.97,0.0028,0.0003,0.19,0.01,71,258.55,179.66,3881.19,1.44,11.99,0.00,0.03,0.67,0.19,0.00,59.95,39.20,100.00,0.00,0.00,0.00,6.04,0.15,0.00,
2026-07-30,12:20:47.605,0.15,3.23,0.05,1.06,4.12,23.77,2.74,0.43,0.70,0.0020,0.0002,1.84,0.57,70,11999.94,3715.84,3879.19,3.23,26.91,0.15,1.29,4.54,10.32,0.00,50.15,34.99,100.00,0.00,0.00,0.00,16.54,10.19,0.00,
2026-07-30,12:20:48.604,0.08,2.79,0.03,0.80,3.11,3.00,1.48,0.80,0.87,0.0005,0.0003,0.34,0.04,70,5836.23,2089.17,3877.28,2.79,23.28,0.08,0.63,3.37,16.25,0.00,43.67,36.70,100.00,0.00,0.00,0.00,10.77,4.66,0.00,
2026-07-30,12:20:49.606,0.00,1.39,0.00,0.35,1.37,0.76,0.08,0.88,0.97,0.0029,0.0003,0.19,0.01,71,260.31,187.23,3882.14,1.39,11.59,0.00,0.03,0.69,0.20,0.00,59.46,39.65,100.00,0.00,0.00,0.00,6.09,0.19,0.00,
2026-07-30,12:20:50.606,0.07,3.14,0.02,1.02,3.98,1.16,1.36,0.87,0.65,0.0002,0.0002,0.22,0.01,71,5603.48,1786.36,3880.06,3.14,26.14,0.07,0.60,2.26,0.15,0.00,59.48,38.11,100.00,0.00,0.00,0.00,10.22,4.31,0.00,
2026-07-30,12:20:51.607,0.07,3.14,0.02,1.00,3.91,1.25,1.35,0.86,0.65,0.0002,0.0002,0.23,0.01,65,5600.22,1782.92,3881.46,3.14,26.18,0.07,0.60,2.29,0.45,0.00,59.23,38.03,100.00,0.00,0.00,0.00,10.22,4.31,0.00,
2026-07-30,12:20:52.607,0.00,1.44,0.00,0.35,1.37,0.74,0.06,0.87,0.97,0.0029,0.0002,0.19,0.01,70,256.92,178.36,3878.44,1.44,12.00,0.00,0.03,0.65,0.26,0.00,59.31,39.78,100.00,0.00,0.00,0.00,6.06,0.17,0.00,
2026-07-30,12:20:53.607,0.07,3.14,0.02,1.00,3.90,1.21,1.37,0.87,0.65,0.0002,0.0002,0.23,0.01,70,5643.35,1799.25,3879.87,3.14,26.14,0.07,0.61,2.32,0.21,0.00,59.55,37.92,100.00,0.00,0.00,0.00,10.25,4.33,0.00,
2026-07-30,12:20:54.607,0.00,1.39,0.00,0.35,1.35,0.82,0.08,0.86,0.97,0.0032,0.0003,0.20,0.01,71,255.25,184.07,3878.28,1.39,11.56,0.00,0.03,0.69,0.17,0.00,59.52,39.63,100.00,0.00,0.00,0.00,6.07,0.17,0.00,
2026-07-30,12:20:55.607,0.07,3.13,0.02,1.01,3.92,1.24,1.38,0.86,0.65,0.0002,0.0002,0.23,0.01,70,5630.92,1796.89,3877.68,3.13,26.11,0.07,0.61,2.30,0.19,0.00,59.43,38.08,100.00,0.00,0.00,0.00,10.25,4.34,0.00,
2026-07-30,12:20:56.607,0.08,2.92,0.03,0.97,3.78,3.24,1.73,0.76,0.65,0.0005,0.0003,0.37,0.02,70,5916.43,2026.00,3877.53,2.92,24.34,0.08,0.64,2.70,0.15,0.00,59.39,37.75,100.00,0.00,0.00,0.00,10.59,4.66,0.00,
2026-07-30,12:20:57.607,0.00,1.40,0.00,0.35,1.38,0.65,0.07,0.88,0.97,0.0026,0.0003,0.19,0.01,71,252.74,180.13,3879.54,1.40,11.69,0.00,0.03,0.65,0.13,0.00,59.58,39.64,100.00,0.00,0.00,0.00,6.05,0.16,0.00,
2026-07-30,12:20:58.607,0.07,3.14,0.02,0.99,3.87,1.19,1.35,0.86,0.66,0.0002,0.0002,0.23,0.01,71,5549.68,1768.59,3877.66,3.14,26.15,0.07,0.60,2.30,0.14,0.00,59.56,38.00,100.00,0.00,0.00,0.00,10.13,4.22,0.00,
2026-07-30,12:20:59.606,0.07,3.12,0.02,0.98,3.83,1.34,1.40,0.86,0.65,0.0002,0.0002,0.23,0.01,67,5623.49,1801.77,3876.18,3.12,26.01,0.07,0.60,2.37,0.17,0.00,59.52,37.95,100.00,0.00,0.00,0.00,10.19,4.27,0.00,
2026-07-30,12:21:00.606,0.00,1.36,0.00,0.34,1.34,1.07,0.09,0.83,0.97,0.0042,0.0003,0.22,0.02,71,256.28,188.40,3879.12,1.36,11.34,0.00,0.03,0.71,0.16,0.00,59.77,39.37,100.00,0.00,0.00,0.00,6.07,0.17,0.01,
2026-07-30,12:21:01.606,0.07,3.12,0.02,0.97,3.78,1.31,1.39,0.87,0.66,0.0002,0.0002,0.23,0.01,70,5675.27,1818.28,3877.74,3.12,26.01,0.07,0.61,2.42,0.16,0.00,59.53,37.89,100.00,0.00,0.00,0.00,10.27,4.34,0.00,
2026-07-30,12:21:02.606,0.00,1.41,0.00,0.34,1.32,0.83,0.08,0.86,0.97,0.0031,0.0003,0.20,0.01,71,268.92,190.35,3878.00,1.41,11.77,0.00,0.03,0.72,0.13,0.00,59.56,39.58,100.00,0.00,0.00,0.00,6.05,0.15,0.00,
2026-07-30,12:21:03.606,0.07,3.13,0.02,0.99,3.87,1.24,1.39,0.87,0.65,0.0002,0.0002,0.23,0.01,71,5679.41,1812.34,3879.68,3.13,26.11,0.07,0.61,2.35,0.14,0.00,59.52,37.98,100.00,0.00,0.00,0.00,10.26,4.34,0.00,
2026-07-30,12:21:04.606,0.10,2.44,0.04,1.00,3.91,12.11,2.78,0.62,0.76,0.0016,0.0004,0.90,0.08,70,7561.60,3093.75,3877.72,2.44,20.37,0.10,0.81,3.98,0.29,0.00,58.20,37.53,100.00,0.00,0.00,0.00,11.94,5.91,0.00,
2026-07-30,12:21:05.607,0.00,1.35,0.00,0.34,1.31,0.83,0.13,0.88,0.95,0.0031,0.0005,0.20,0.01,71,267.45,197.89,3879.26,1.35,11.26,0.00,0.03,0.76,0.18,0.00,59.79,39.27,100.00,0.00,0.00,0.00,6.06,0.16,0.00,
2026-07-30,12:21:06.606,0.06,3.02,0.02,0.94,3.65,1.25,1.26,0.87,0.82,0.0003,0.0003,0.23,0.01,71,4987.92,1650.23,3877.01,3.02,25.19,0.06,0.54,2.27,0.35,0.00,59.08,38.29,100.00,0.00,0.00,0.00,9.53,3.62,0.00,
2026-07-30,12:21:07.606,0.08,3.01,0.03,0.97,3.79,3.58,1.50,0.74,0.70,0.0006,0.0003,0.38,0.03,69,5882.95,1956.63,3878.45,3.01,25.06,0.08,0.63,2.59,0.16,0.00,59.47,37.78,100.00,0.00,0.00,0.00,10.47,4.53,0.00,
2026-07-30,12:21:08.606,0.00,1.41,0.00,0.35,1.36,0.77,0.12,0.88,0.95,0.0030,0.0005,0.19,0.01,71,254.69,180.39,3879.43,1.41,11.77,0.00,0.03,0.67,0.12,0.00,59.79,39.42,100.00,0.00,0.00,0.00,6.04,0.17,0.00,
2026-07-30,12:21:09.608,0.07,3.10,0.02,0.97,3.77,1.30,1.45,0.88,0.64,0.0002,0.0003,0.23,0.01,71,5645.60,1818.61,3881.66,3.10,25.87,0.07,0.61,2.42,0.15,0.00,59.75,37.67,100.00,0.00,0.00,0.00,10.24,4.31,0.00,
2026-07-30,12:21:10.608,0.00,1.49,0.00,0.39,1.53,1.06,0.16,0.83,0.94,0.0036,0.0006,0.22,0.01,71,291.16,195.70,3879.73,1.49,12.40,0.00,0.03,0.64,0.11,0.00,59.80,39.45,100.00,0.00,0.00,0.00,6.10,0.22,0.00,
2026-07-30,12:21:11.608,0.07,3.13,0.02,0.99,3.86,1.32,1.42,0.87,0.64,0.0002,0.0003,0.24,0.01,71,5644.68,1803.67,3879.58,3.13,26.08,0.07,0.61,2.35,0.24,0.00,59.64,37.77,100.00,0.00,0.00,0.00,10.25,4.33,0.00,
2026-07-30,12:21:12.608,0.08,2.96,0.03,0.90,3.52,2.15,1.52,0.83,0.81,0.0004,0.0003,0.29,0.02,70,5866.73,1984.68,3877.47,2.96,24.63,0.08,0.63,2.84,4.48,0.00,56.32,36.36,100.00,0.00,0.00,0.00,10.63,4.64,0.00,
2026-07-30,12:21:13.609,0.00,1.38,0.00,0.36,1.39,0.71,0.11,0.89,0.96,0.0028,0.0004,0.19,0.01,71,256.50,185.80,3882.36,1.38,11.50,0.00,0.03,0.67,0.39,0.00,59.61,39.33,100.00,0.00,0.00,0.00,6.06,0.17,0.00,
2026-07-30,12:21:14.609,0.07,3.11,0.02,0.97,3.79,1.40,1.43,0.87,0.64,0.0003,0.0003,0.24,0.01,71,5590.27,1800.37,3879.77,3.11,25.88,0.07,0.60,2.39,0.19,0.00,59.65,37.77,100.00,0.00,0.00,0.00,10.26,4.35,0.00,
2026-07-30,12:21:15.609,0.07,3.14,0.02,1.02,3.96,1.29,1.40,0.85,0.65,0.0002,0.0002,0.23,0.01,69,5628.77,1790.26,3878.16,3.14,26.20,0.07,0.60,2.27,0.11,0.00,59.75,37.87,100.00,0.00,0.00,0.00,10.23,4.32,0.00,
2026-07-30,12:21:16.609,0.01,1.68,0.00,0.40,1.56,1.14,0.10,0.82,0.96,0.0029,0.0003,0.22,0.02,71,394.97,234.54,3877.54,1.68,14.03,0.01,0.04,0.76,0.17,0.00,59.61,39.46,100.00,0.00,0.00,0.00,6.14,0.25,0.00,
2026-07-30,12:21:17.609,0.12,3.22,0.04,0.99,3.88,15.73,1.66,0.47,0.71,0.0016,0.0002,1.15,0.35,45,9625.22,2992.09,3879.79,3.22,26.81,0.12,1.03,3.88,7.09,0.00,52.78,36.25,100.00,0.00,0.00,0.00,14.14,7.98,0.00,
2026-07-30,12:21:18.609,0.04,2.41,0.02,0.63,2.46,11.54,1.56,0.58,0.88,0.0036,0.0005,1.08,0.29,71,3175.64,1317.09,3876.85,2.41,20.09,0.04,0.34,2.69,24.38,0.00,38.05,34.88,100.00,0.00,0.00,0.00,9.69,3.39,0.00,
2026-07-30,12:21:19.610,0.07,3.11,0.02,0.98,3.83,1.43,1.41,0.85,0.64,0.0003,0.0003,0.24,0.01,71,5585.55,1794.18,3881.60,3.11,25.94,0.07,0.60,2.35,0.36,0.00,59.56,37.72,100.00,0.00,0.00,0.00,10.22,4.31,0.00,
2026-07-30,12:21:20.610,0.07,3.13,0.02,0.99,3.86,1.26,1.41,0.87,0.64,0.0002,0.0003,0.23,0.01,70,5613.55,1792.30,3880.06,3.13,26.10,0.07,0.60,2.33,0.24,0.00,59.86,37.57,100.00,0.00,0.00,0.00,10.20,4.29,0.00,
2026-07-30,12:21:21.611,0.00,1.44,0.00,0.35,1.36,0.67,0.10,0.88,0.96,0.0027,0.0004,0.19,0.01,70,253.19,175.96,3881.77,1.44,11.99,0.00,0.03,0.65,0.26,0.00,59.59,39.50,100.00,0.00,0.00,0.00,6.06,0.17,0.00,
2026-07-30,12:21:22.613,0.07,3.12,0.02,0.99,3.86,1.04,1.30,0.88,0.23,0.0002,0.0003,0.22,0.01,71,5154.97,1652.73,3877.81,3.12,25.99,0.07,0.55,2.15,0.33,0.00,59.54,37.97,100.00,0.00,0.00,0.00,9.90,4.00,0.00,
2026-07-30,12:21:23.611,0.07,3.14,0.02,1.01,3.95,1.12,1.40,0.88,0.64,0.0002,0.0002,0.22,0.01,69,5651.04,1798.25,3878.92,3.14,26.19,0.07,0.61,2.29,0.18,0.00,59.61,37.92,100.00,0.00,0.00,0.00,10.27,4.37,0.00,
2026-07-30,12:21:24.611,0.00,1.39,0.00,0.35,1.35,0.69,0.12,0.89,0.95,0.0027,0.0005,0.19,0.01,70,254.34,183.08,3878.01,1.39,11.58,0.00,0.03,0.68,0.13,0.00,59.76,39.42,100.00,0.00,0.00,0.00,6.05,0.16,0.00,
2026-07-30,12:21:25.610,0.07,3.15,0.02,1.03,4.02,1.12,1.40,0.87,0.64,0.0002,0.0002,0.22,0.01,71,5601.49,1776.49,3877.65,3.15,26.28,0.07,0.60,2.22,0.11,0.00,59.75,37.92,100.00,0.00,0.00,0.00,10.19,4.30,0.00,
2026-07-30,12:21:26.612,0.00,1.46,0.00,0.35,1.38,0.66,0.11,0.88,0.96,0.0026,0.0004,0.19,0.01,71,257.80,176.57,3881.59,1.46,12.17,0.00,0.03,0.64,1.84,0.00,57.98,39.54,100.00,0.00,0.00,0.00,6.09,0.16,0.00,
2026-07-30,12:21:27.612,0.07,3.15,0.02,1.02,4.00,1.12,1.40,0.87,0.64,0.0002,0.0002,0.22,0.01,71,5596.44,1775.12,3879.59,3.15,26.27,0.07,0.60,2.23,0.14,0.00,59.85,37.78,100.00,0.00,0.00,0.00,10.16,4.27,0.00,
2026-07-30,12:21:28.612,0.07,3.14,0.02,1.01,3.96,1.15,1.39,0.87,0.65,0.0002,0.0002,0.23,0.01,70,5599.13,1780.49,3881.79,3.14,26.21,0.07,0.60,2.26,0.15,0.00,59.72,37.87,100.00,0.00,0.00,0.00,10.20,4.29,0.00,
2026-07-30,12:21:29.614,0.00,1.42,0.00,0.35,1.38,0.79,0.13,0.87,0.95,0.0031,0.0005,0.20,0.01,71,257.07,181.25,3881.32,1.42,11.82,0.00,0.03,0.66,0.17,0.00,59.90,39.26,100.00,0.00,0.00,0.00,6.06,0.16,0.00,
2026-07-30,12:21:30.614,0.07,3.15,0.02,1.02,3.98,1.21,1.41,0.87,0.64,0.0002,0.0003,0.22,0.01,70,5644.51,1792.17,3879.84,3.15,26.25,0.07,0.61,2.27,0.16,0.00,59.66,37.90,100.00,0.00,0.00,0.00,10.24,4.33,0.00,
2026-07-30,12:21:31.614,0.07,3.13,0.02,1.02,3.97,1.24,1.41,0.86,0.64,0.0002,0.0002,0.23,0.01,69,5627.25,1797.46,3878.25,3.13,26.09,0.07,0.60,2.28,0.17,0.00,59.60,37.96,100.00,0.00,0.00,0.00,10.25,4.35,0.00,
2026-07-30,12:21:32.614,0.00,1.40,0.00,0.35,1.37,0.72,0.13,0.89,0.95,0.0028,0.0005,0.19,0.01,71,254.92,181.65,3877.54,1.40,11.70,0.00,0.03,0.67,0.15,0.00,59.80,39.38,100.00,0.00,0.00,0.00,6.05,0.17,0.00,
2026-07-30,12:21:33.614,0.07,3.12,0.02,0.99,3.86,1.17,1.41,0.88,0.64,0.0002,0.0003,0.22,0.01,71,5595.71,1792.44,3880.41,3.12,26.02,0.07,0.60,2.33,0.21,0.00,59.85,37.61,100.00,0.00,0.00,0.00,10.16,4.24,0.00,
2026-07-30,12:21:34.615,0.00,1.40,0.00,0.36,1.39,0.73,0.12,0.88,0.95,0.0029,0.0005,0.19,0.01,71,250.46,178.64,3881.50,1.40,11.68,0.00,0.03,0.65,0.16,0.00,59.72,39.48,100.00,0.00,0.00,0.00,6.04,0.16,0.00,
2026-07-30,12:21:35.615,0.07,3.09,0.02,0.99,3.86,1.44,1.42,0.85,0.65,0.0003,0.0002,0.24,0.01,71,5711.74,1846.27,3878.32,3.09,25.78,0.07,0.61,2.41,0.30,0.00,59.55,37.74,100.00,0.00,0.00,0.00,10.36,4.43,0.00,
2026-07-30,12:21:36.615,0.07,3.12,0.02,0.98,3.83,1.32,1.42,0.86,0.64,0.0002,0.0003,0.23,0.01,70,5609.88,1798.26,3877.80,3.12,26.00,0.07,0.60,2.36,0.20,0.00,59.72,37.71,100.00,0.00,0.00,0.00,10.17,4.26,0.00,
2026-07-30,12:21:37.615,0.00,1.40,0.00,0.35,1.37,0.65,0.12,0.90,0.95,0.0026,0.0005,0.19,0.01,70,252.55,180.47,3879.96,1.40,11.66,0.00,0.03,0.66,0.16,0.00,59.72,39.46,100.00,0.00,0.00,0.00,6.04,0.16,0.00,
2026-07-30,12:21:38.616,0.07,3.12,0.02,0.99,3.85,1.21,1.45,0.88,0.64,0.0002,0.0003,0.23,0.01,71,5660.70,1813.72,3883.36,3.12,26.01,0.07,0.61,2.37,0.16,0.00,59.76,37.71,100.00,0.00,0.00,0.00,10.31,4.38,0.00,
2026-07-30,12:21:39.617,0.07,3.14,0.02,0.99,3.85,1.35,1.42,0.86,0.64,0.0002,0.0003,0.24,0.01,69,5622.55,1792.99,3878.89,3.14,26.13,0.07,0.60,2.34,0.13,0.00,59.71,37.81,100.00,0.00,0.00,0.00,10.18,4.26,0.00,
2026-07-30,12:21:40.617,0.00,1.46,0.00,0.38,1.46,0.63,0.11,0.89,0.95,0.0025,0.0005,0.18,0.00,71,247.51,169.75,3880.12,1.46,12.15,0.00,0.03,0.58,0.12,0.00,59.79,39.51,100.00,0.00,0.00,0.00,6.04,0.17,0.00,
2026-07-30,12:21:41.618,0.07,3.13,0.02,0.98,3.81,1.26,1.43,0.87,0.64,0.0002,0.0003,0.23,0.01,71,5661.19,1809.02,3881.32,3.13,26.08,0.07,0.61,2.38,0.30,0.00,59.58,37.74,100.00,0.00,0.00,0.00,10.17,4.27,0.00,
2026-07-30,12:21:42.618,0.01,1.34,0.00,0.36,1.39,1.88,0.22,0.80,0.94,0.0040,0.0005,0.26,0.02,70,466.37,348.98,3878.96,1.34,11.14,0.01,0.05,1.27,4.96,0.00,55.37,38.40,100.00,0.00,0.00,0.00,6.42,0.47,0.00,
2026-07-30,12:21:43.618,0.07,3.13,0.02,1.01,3.92,1.37,1.41,0.85,0.64,0.0002,0.0003,0.24,0.01,71,5623.19,1796.90,3881.41,3.13,26.08,0.07,0.60,2.30,0.60,0.00,59.20,37.90,100.00,0.00,0.00,0.00,10.24,4.32,0.00,
2026-07-30,12:21:44.619,0.07,3.11,0.02,0.97,3.80,1.60,1.43,0.85,0.65,0.0003,0.0002,0.25,0.01,70,5780.62,1856.99,3881.27,3.11,25.94,0.07,0.62,2.46,0.15,0.00,59.65,37.74,100.00,0.00,0.00,0.00,10.28,4.36,0.00,
2026-07-30,12:21:45.619,0.00,1.40,0.00,0.35,1.37,0.72,0.10,0.88,0.96,0.0028,0.0004,0.19,0.01,71,256.15,183.49,3877.80,1.40,11.63,0.00,0.03,0.67,0.17,0.00,59.72,39.44,100.00,0.00,0.00,0.00,6.05,0.17,0.00,
2026-07-30,12:21:46.619,0.07,3.11,0.02,0.96,3.75,1.28,1.40,0.87,0.65,0.0002,0.0002,0.23,0.01,71,5604.70,1804.15,3879.78,3.11,25.89,0.07,0.60,2.42,0.22,0.00,59.60,37.77,100.00,0.00,0.00,0.00,10.19,4.27,0.00,
2026-07-30,12:21:47.620,0.07,3.13,0.02,1.01,3.93,1.28,1.38,0.86,0.65,0.0002,0.0002,0.23,0.01,70,5591.98,1784.89,3878.62,3.13,26.11,0.07,0.60,2.28,0.18,0.00,59.68,37.86,100.00,0.00,0.00,0.00,10.16,4.25,0.00,
2026-07-30,12:21:48.620,0.10,2.89,0.03,0.76,2.98,26.42,1.76,0.45,0.88,0.0036,0.0002,2.04,0.64,70,7370.89,2549.37,3879.42,2.89,24.09,0.10,0.79,4.30,19.52,0.00,42.65,33.54,100.00,0.00,0.00,0.00,13.73,7.27,0.00,
2026-07-30,12:21:49.620,0.07,3.11,0.02,0.97,3.79,1.33,1.39,0.86,0.65,0.0002,0.0003,0.24,0.01,70,5533.09,1779.04,3877.34,3.11,25.92,0.07,0.59,2.36,1.46,0.00,58.41,37.76,100.00,0.00,0.00,0.00,10.16,4.22,0.00,
2026-07-30,12:21:50.621,0.00,1.46,0.00,0.36,1.42,0.63,0.10,0.89,0.96,0.0025,0.0004,0.18,0.00,71,253.08,173.65,3883.02,1.46,12.15,0.00,0.03,0.62,0.13,0.00,59.61,39.64,100.00,0.00,0.00,0.00,6.06,0.17,0.00,
2026-07-30,12:21:51.621,0.07,3.13,0.02,1.00,3.91,1.21,1.38,0.87,0.64,0.0002,0.0002,0.23,0.01,71,5541.06,1769.43,3880.22,3.13,26.10,0.07,0.60,2.27,0.34,0.00,59.54,37.84,100.00,0.00,0.00,0.00,10.14,4.23,0.00,
2026-07-30,12:21:52.621,0.07,3.12,0.02,1.00,3.92,1.36,1.40,0.85,0.65,0.0002,0.0002,0.24,0.01,70,5689.75,1821.92,3878.31,3.12,26.02,0.07,0.61,2.34,0.16,0.00,59.52,37.98,100.00,0.00,0.00,0.00,10.24,4.33,0.00,
2026-07-30,12:21:53.621,0.00,1.43,0.00,0.36,1.40,0.65,0.10,0.89,0.96,0.0026,0.0004,0.19,0.01,71,252.64,176.30,3879.99,1.43,11.94,0.00,0.03,0.63,0.17,0.00,59.72,39.47,100.00,0.00,0.00,0.00,6.06,0.18,0.00,
2026-07-30,12:21:54.621,0.07,3.13,0.02,0.99,3.87,1.45,1.38,0.84,0.65,0.0003,0.0002,0.25,0.01,71,5551.48,1774.98,3877.78,3.13,26.06,0.07,0.60,2.31,0.18,0.00,59.58,37.94,100.00,0.00,0.00,0.00,10.13,4.21,0.00,
2026-07-30,12:21:55.621,0.07,3.16,0.02,1.02,3.99,1.20,1.39,0.86,0.64,0.0002,0.0002,0.23,0.01,70,5600.21,1773.90,3878.85,3.16,26.31,0.07,0.60,2.24,0.14,0.00,59.58,38.05,100.00,0.00,0.00,0.00,10.14,4.24,0.00,
2026-07-30,12:21:56.621,0.00,1.43,0.00,0.35,1.38,0.77,0.09,0.87,0.96,0.0029,0.0004,0.19,0.01,70,262.18,183.36,3877.88,1.43,11.92,0.00,0.03,0.67,0.14,0.00,59.47,39.72,100.00,0.00,0.00,0.00,6.05,0.17,0.00,
2026-07-30,12:21:57.623,0.07,3.10,0.02,0.96,3.73,1.71,1.46,0.84,0.64,0.0003,0.0003,0.27,0.02,71,5657.24,1827.70,3881.90,3.10,25.79,0.07,0.61,2.46,0.20,0.00,59.81,37.53,100.00,0.00,0.00,0.00,10.29,4.35,0.00,
2026-07-30,12:21:58.623,0.00,1.45,0.00,0.35,1.38,0.60,0.08,0.89,0.97,0.0024,0.0003,0.19,0.00,71,254.83,176.06,3879.68,1.45,12.06,0.00,0.03,0.64,0.14,0.00,59.58,39.64,100.00,0.00,0.00,0.00,6.05,0.15,0.00,
2026-07-30,12:21:59.623,0.07,3.14,0.02,1.00,3.90,1.32,1.39,0.85,0.65,0.0002,0.0002,0.23,0.01,71,5619.00,1792.17,3881.48,3.14,26.13,0.07,0.60,2.31,0.19,0.00,59.48,38.01,100.00,0.00,0.00,0.00,10.24,4.32,0.00,
2026-07-30,12:22:00.626,0.07,3.13,0.02,0.94,3.68,1.48,1.40,0.84,0.27,0.0003,0.0003,0.26,0.02,71,5422.16,1732.13,3878.20,3.13,26.09,0.07,0.58,2.37,1.21,0.00,58.65,37.77,100.00,0.00,0.00,0.00,10.05,4.10,0.01,
2026-07-30,12:22:01.623,0.00,1.51,0.00,0.39,1.54,0.77,0.10,0.86,0.96,0.0026,0.0003,0.19,0.01,70,294.74,194.79,3876.47,1.51,12.61,0.00,0.03,0.64,0.14,0.00,59.63,39.59,100.00,0.00,0.00,0.00,6.10,0.21,0.00,
2026-07-30,12:22:02.622,0.07,3.12,0.02,0.99,3.85,1.58,1.45,0.84,0.64,0.0003,0.0003,0.25,0.02,71,5655.13,1812.97,3876.00,3.12,25.99,0.07,0.61,2.37,0.13,0.00,59.67,37.84,100.00,0.00,0.00,0.00,10.24,4.31,0.00,
2026-07-30,12:22:03.622,0.07,3.08,0.02,0.94,3.68,1.42,1.39,0.87,0.66,0.0003,0.0002,0.24,0.01,70,5581.74,1813.00,3877.98,3.08,25.66,0.07,0.60,2.47,0.54,0.00,59.37,37.62,100.00,0.00,0.00,0.00,10.18,4.24,0.00,
2026-07-30,12:22:04.623,0.00,1.34,0.00,0.32,1.25,0.77,0.09,0.89,0.97,0.0028,0.0003,0.19,0.01,71,278.39,207.25,3879.76,1.34,11.19,0.00,0.03,0.83,0.17,0.00,59.43,39.57,100.00,0.00,0.00,0.00,6.07,0.16,0.00,
2026-07-30,12:22:05.622,0.07,3.09,0.02,0.95,3.70,1.51,1.41,0.85,0.66,0.0003,0.0002,0.24,0.01,71,5696.53,1846.03,3876.77,3.09,25.72,0.07,0.61,2.51,0.26,0.00,59.44,37.80,100.00,0.00,0.00,0.00,10.26,4.33,0.00,
2026-07-30,12:22:06.622,0.00,1.46,0.00,0.36,1.39,0.88,0.13,0.85,0.95,0.0033,0.0005,0.20,0.01,70,270.48,184.91,3877.37,1.46,12.19,0.00,0.03,0.67,0.33,0.00,59.46,39.54,100.00,0.00,0.00,0.00,6.05,0.16,0.00,
2026-07-30,12:22:07.622,0.07,3.15,0.02,1.03,4.01,1.12,1.41,0.87,0.63,0.0002,0.0003,0.22,0.01,71,5582.75,1773.38,3880.17,3.15,26.23,0.07,0.60,2.22,0.15,0.00,59.74,37.88,100.00,0.00,0.00,0.00,10.15,4.25,0.00,
2026-07-30,12:22:08.622,0.07,3.14,0.02,1.02,3.98,1.14,1.42,0.88,0.64,0.0002,0.0003,0.22,0.01,71,5632.61,1795.60,3877.61,3.14,26.14,0.07,0.61,2.27,0.13,0.00,59.70,37.90,100.00,0.00,0.00,0.00,10.22,4.33,0.00,
2026-07-30,12:22:09.623,0.00,1.45,0.00,0.36,1.41,0.66,0.12,0.89,0.95,0.0026,0.0005,0.19,0.01,71,252.02,173.77,3881.66,1.45,12.09,0.00,0.03,0.62,0.13,0.00,59.89,39.36,100.00,0.00,0.00,0.00,6.06,0.17,0.00,
2026-07-30,12:22:10.623,0.07,3.12,0.02,1.01,3.93,1.75,1.52,0.83,0.63,0.0003,0.0003,0.27,0.01,71,5698.75,1829.06,3877.71,3.12,25.96,0.07,0.61,2.34,0.15,0.00,59.75,37.76,100.00,0.00,0.00,0.00,10.26,4.35,0.00,
2026-07-30,12:22:11.622,0.07,3.13,0.02,1.00,3.90,1.28,1.46,0.87,0.63,0.0002,0.0003,0.23,0.01,70,5620.91,1793.74,3876.49,3.13,26.11,0.07,0.60,2.31,0.24,0.00,59.76,37.68,100.00,0.00,0.00,0.00,10.20,4.28,0.00,
2026-07-30,12:22:12.622,0.01,1.19,0.00,0.38,1.48,1.58,0.21,0.83,0.97,0.0038,0.0005,0.24,0.02,70,412.56,346.13,3877.26,1.19,9.93,0.01,0.04,1.18,3.43,0.00,56.60,38.79,100.00,0.00,0.00,0.00,6.36,0.42,0.00,
2026-07-30,12:22:13.623,0.07,3.11,0.02,0.98,3.83,1.38,1.46,0.87,0.63,0.0002,0.0003,0.24,0.01,71,5564.58,1790.10,3881.42,3.11,25.90,0.07,0.60,2.35,5.87,0.00,54.35,37.44,100.00,0.00,0.00,0.00,10.27,4.27,0.00,
2026-07-30,12:22:14.623,0.00,1.49,0.00,0.44,1.71,1.18,0.23,0.83,0.91,0.0031,0.0006,0.22,0.01,58,378.75,254.24,3880.03,1.49,12.41,0.00,0.04,0.75,0.12,0.00,59.93,39.20,100.00,0.00,0.00,0.00,6.22,0.32,0.00,
2026-07-30,12:22:15.624,0.07,3.18,0.02,0.98,3.83,0.87,1.34,0.91,0.64,0.0002,0.0002,0.20,0.01,71,5393.50,1697.74,3881.42,3.18,26.47,0.07,0.58,2.23,0.17,0.00,59.82,37.79,100.00,0.00,0.00,0.00,9.97,4.05,0.00,
2026-07-30,12:22:16.625,0.07,3.08,0.02,0.93,3.62,1.46,1.48,0.88,0.63,0.0003,0.0003,0.24,0.01,71,5601.43,1820.97,3881.68,3.08,25.63,0.07,0.60,2.52,0.24,0.00,60.10,37.13,100.00,0.00,0.00,0.00,10.26,4.34,0.00,
2026-07-30,12:22:17.625,0.00,1.42,0.00,0.35,1.36,0.73,0.14,0.89,0.94,0.0028,0.0005,0.19,0.01,71,265.20,186.41,3877.45,1.42,11.86,0.00,0.03,0.69,0.17,0.00,59.89,39.25,100.00,0.00,0.00,0.00,6.05,0.16,0.00,
2026-07-30,12:22:18.625,0.17,3.05,0.05,0.99,3.85,24.62,2.95,0.45,0.82,0.0019,0.0002,2.08,0.65,63,12868.93,4218.14,3878.59,3.05,25.42,0.17,1.38,5.51,19.00,0.00,42.28,33.21,100.00,0.00,0.00,0.00,17.87,11.46,0.00,
2026-07-30,12:22:19.625,0.07,3.09,0.02,0.95,3.70,1.57,1.47,0.86,0.63,0.0003,0.0003,0.25,0.02,70,5611.57,1815.47,3878.09,3.09,25.76,0.07,0.60,2.46,3.95,0.00,56.73,36.85,100.00,0.00,0.00,0.00,10.30,4.34,0.00,
2026-07-30,12:22:20.625,0.00,1.34,0.00,0.34,1.31,0.90,0.18,0.88,0.93,0.0034,0.0007,0.20,0.01,71,267.57,199.96,3880.42,1.34,11.15,0.00,0.03,0.76,0.25,0.00,59.82,39.17,100.00,0.00,0.00,0.00,6.06,0.16,0.00,
2026-07-30,12:22:21.625,0.07,3.11,0.02,0.98,3.81,1.24,1.43,0.88,0.64,0.0002,0.0003,0.23,0.01,70,5583.64,1797.44,3878.08,3.11,25.89,0.07,0.60,2.37,0.35,0.00,59.78,37.50,100.00,0.00,0.00,0.00,10.22,4.30,0.00,
2026-07-30,12:22:22.626,0.01,2.23,0.01,0.53,2.08,1.30,0.42,0.86,0.86,0.0012,0.0004,0.23,0.01,56,1048.92,470.62,3880.93,2.23,18.57,0.01,0.11,1.13,0.16,0.00,59.93,38.77,100.00,0.00,0.00,0.00,6.65,0.73,0.00,
2026-07-30,12:22:23.626,0.06,3.13,0.02,0.97,3.79,0.79,1.21,0.92,0.67,0.0002,0.0003,0.20,0.01,71,4823.97,1540.23,3879.13,3.13,26.10,0.06,0.52,2.05,0.20,0.00,59.78,37.97,100.00,0.00,0.00,0.00,9.66,3.75,0.00,
2026-07-30,12:22:24.626,0.07,3.12,0.02,0.98,3.82,1.31,1.44,0.87,0.64,0.0002,0.0003,0.23,0.01,70,5589.63,1792.40,3878.52,3.12,25.99,0.07,0.60,2.36,0.15,0.00,59.75,37.74,100.00,0.00,0.00,0.00,10.16,4.26,0.00,
2026-07-30,12:22:25.626,0.00,1.35,0.00,0.34,1.33,0.79,0.17,0.89,0.93,0.0031,0.0006,0.20,0.01,71,257.57,190.60,3877.94,1.35,11.26,0.00,0.03,0.72,0.20,0.00,60.03,39.04,100.00,0.00,0.00,0.00,6.04,0.16,0.00,
2026-07-30,12:22:26.626,0.07,3.13,0.02,1.01,3.95,1.22,1.43,0.87,0.63,0.0002,0.0003,0.23,0.01,71,5599.35,1788.30,3879.75,3.13,26.09,0.07,0.60,2.28,0.12,0.00,59.78,37.82,100.00,0.00,0.00,0.00,10.18,4.27,0.00,
2026-07-30,12:22:27.626,0.07,3.10,0.02,0.98,3.81,1.86,1.51,0.83,0.63,0.0003,0.0003,0.28,0.01,69,5661.98,1824.93,3878.40,3.10,25.85,0.07,0.61,2.41,0.19,0.00,59.86,37.54,100.00,0.00,0.00,0.00,10.36,4.44,0.00,
2026-07-30,12:22:28.627,0.00,1.38,0.00,0.35,1.36,0.70,0.17,0.90,0.93,0.0028,0.0007,0.19,0.01,71,253.81,184.26,3881.68,1.38,11.48,0.00,0.03,0.68,0.14,0.00,59.99,39.19,100.00,0.00,0.00,0.00,6.05,0.16,0.00,
2026-07-30,12:22:29.627,0.07,3.12,0.02,0.98,3.81,1.37,1.46,0.88,0.63,0.0002,0.0003,0.25,0.01,71,5658.92,1814.96,3879.88,3.12,25.98,0.07,0.61,2.40,0.21,0.00,59.93,37.46,100.00,0.00,0.00,0.00,10.28,4.36,0.00,
2026-07-30,12:22:30.628,0.02,2.68,0.01,0.70,2.73,1.17,0.54,0.85,0.82,0.0007,0.0003,0.23,0.01,53,1762.20,658.16,3881.76,2.68,22.31,0.02,0.19,1.21,0.13,0.00,59.77,38.89,100.00,0.00,0.00,0.00,7.20,1.29,0.00,
2026-07-30,12:22:31.628,0.05,3.12,0.02,0.97,3.79,0.79,0.99,0.90,0.70,0.0002,0.0002,0.20,0.01,70,3993.44,1279.35,3877.99,3.12,26.01,0.05,0.43,1.70,0.14,0.00,59.91,38.26,100.00,0.00,0.00,0.00,9.01,3.11,0.00,
2026-07-30,12:22:32.628,0.07,3.12,0.02,1.00,3.91,1.32,1.42,0.87,0.63,0.0002,0.0003,0.24,0.01,71,5580.33,1786.45,3878.29,3.12,26.03,0.07,0.60,2.30,0.14,0.00,59.70,37.85,100.00,0.00,0.00,0.00,10.19,4.28,0.00,
2026-07-30,12:22:33.628,0.00,1.40,0.00,0.35,1.36,0.62,0.15,0.91,0.94,0.0025,0.0006,0.18,0.01,71,251.11,179.36,3878.55,1.40,11.67,0.00,0.03,0.66,0.14,0.00,60.02,39.18,100.00,0.00,0.00,0.00,6.03,0.15,0.00,
2026-07-30,12:22:34.628,0.07,3.10,0.02,1.00,3.91,1.36,1.36,0.85,0.64,0.0002,0.0002,0.24,0.01,71,5469.39,1761.78,3877.68,3.10,25.87,0.07,0.59,2.26,0.13,0.00,59.80,37.81,100.00,0.00,0.00,0.00,10.14,4.23,0.00,
2026-07-30,12:22:35.629,0.07,3.06,0.02,0.95,3.72,1.36,1.37,0.87,0.65,0.0003,0.0003,0.24,0.01,70,5451.22,1781.39,3881.84,3.06,25.50,0.07,0.59,2.41,0.24,0.00,59.61,37.74,100.00,0.00,0.00,0.00,10.17,4.24,0.00,
2026-07-30,12:22:36.630,0.00,1.39,0.00,0.35,1.36,0.67,0.10,0.89,0.96,0.0026,0.0004,0.19,0.01,71,256.03,184.49,3881.34,1.39,11.56,0.00,0.03,0.68,0.17,0.00,59.73,39.41,100.00,0.00,0.00,0.00,6.05,0.16,0.00,
2026-07-30,12:22:37.630,0.07,3.11,0.02,0.97,3.77,1.31,1.40,0.87,0.64,0.0002,0.0003,0.23,0.01,66,5474.97,1762.95,3879.59,3.11,25.88,0.07,0.59,2.35,0.26,0.00,59.72,37.66,100.00,0.00,0.00,0.00,10.11,4.19,0.00,
2026-07-30,12:22:38.632,0.03,3.01,0.01,0.85,3.30,0.90,0.77,0.88,0.28,0.0003,0.0003,0.21,0.01,52,2703.45,897.84,3880.17,3.01,25.09,0.03,0.29,1.37,0.14,0.00,59.88,38.61,100.00,0.00,0.00,0.00,7.92,2.03,0.00,
2026-07-30,12:22:39.631,0.03,2.81,0.01,0.80,3.11,0.76,0.52,0.89,0.91,0.0003,0.0002,0.19,0.01,71,2237.14,795.84,3881.01,2.81,23.43,0.03,0.24,1.29,0.18,0.00,59.38,39.15,100.00,0.00,0.00,0.00,7.50,1.60,0.00,
2026-07-30,12:22:40.631,0.07,3.12,0.02,1.01,3.92,1.35,1.45,0.86,0.63,0.0002,0.0003,0.24,0.01,71,5692.06,1825.45,3881.32,3.12,25.98,0.07,0.61,2.34,0.17,0.00,59.68,37.81,100.00,0.00,0.00,0.00,10.31,4.39,0.00,
2026-07-30,12:22:41.631,0.00,1.46,0.00,0.35,1.36,0.80,0.12,0.88,0.95,0.0029,0.0004,0.20,0.01,71,274.50,188.02,3877.66,1.46,12.17,0.00,0.03,0.69,0.21,0.00,59.92,39.17,100.00,0.00,0.00,0.00,6.06,0.17,0.00,
2026-07-30,12:22:42.631,0.07,2.96,0.02,0.89,3.49,2.07,1.46,0.83,0.81,0.0004,0.0003,0.28,0.02,71,5720.20,1933.71,3877.37,2.96,24.65,0.07,0.61,2.79,0.89,0.00,58.93,37.39,100.00,0.00,0.00,0.00,10.39,4.46,0.00,
2026-07-30,12:22:43.632,0.07,3.08,0.02,0.96,3.73,1.41,1.46,0.86,0.64,0.0002,0.0003,0.24,0.01,70,5669.39,1841.01,3883.32,3.08,25.66,0.07,0.61,2.48,6.41,0.00,54.06,37.06,100.00,0.00,0.00,0.00,10.44,4.45,0.00,
2026-07-30,12:22:44.632,0.01,1.76,0.00,0.41,1.61,1.06,0.12,0.83,0.95,0.0027,0.0003,0.21,0.01,71,398.84,227.04,3877.51,1.76,14.64,0.01,0.04,0.71,0.17,0.00,59.49,39.63,100.00,0.00,0.00,0.00,6.13,0.24,0.00,
2026-07-30,12:22:45.633,0.07,3.11,0.02,1.00,3.88,1.30,1.44,0.87,0.64,0.0002,0.0003,0.23,0.01,70,5690.61,1826.97,3881.45,3.11,25.96,0.07,0.61,2.36,0.22,0.00,59.70,37.72,100.00,0.00,0.00,0.00,10.34,4.43,0.00,
2026-07-30,12:22:46.634,0.05,3.03,0.02,0.92,3.60,1.31,1.07,0.85,0.70,0.0003,0.0003,0.23,0.01,51,4062.87,1342.39,3882.52,3.03,25.22,0.05,0.44,1.87,0.14,0.00,60.00,37.99,100.00,0.00,0.00,0.00,8.93,3.03,0.00,
2026-07-30,12:22:47.634,0.02,2.85,0.01,0.77,2.99,0.72,0.49,0.90,0.83,0.0004,0.0003,0.19,0.01,71,1855.45,650.40,3877.47,2.85,23.77,0.02,0.20,1.09,0.16,0.00,59.74,39.00,100.00,0.00,0.00,0.00,7.42,1.53,0.00,
2026-07-30,12:22:48.635,0.08,2.80,0.03,0.81,3.17,2.93,1.56,0.81,0.86,0.0005,0.0003,0.33,0.03,70,5970.10,2132.06,3879.42,2.80,23.33,0.08,0.64,3.39,6.87,0.00,52.77,36.97,100.00,0.00,0.00,0.00,10.85,4.82,0.00,
2026-07-30,12:22:49.634,0.12,2.59,0.05,1.04,4.04,33.26,3.42,0.44,0.76,0.0036,0.0004,2.69,0.71,71,9259.77,3571.96,3877.15,2.59,21.60,0.12,1.00,4.44,9.77,0.00,50.75,35.04,100.00,0.00,0.00,0.00,15.14,8.74,0.00,
2026-07-30,12:22:50.633,0.07,3.10,0.02,0.99,3.85,1.40,1.41,0.86,0.64,0.0003,0.0003,0.24,0.01,71,5555.37,1791.70,3877.50,3.10,25.84,0.07,0.60,2.34,0.24,0.00,59.58,37.85,100.00,0.00,0.00,0.00,10.15,4.23,0.00,
2026-07-30,12:22:51.634,0.07,3.11,0.02,0.97,3.79,1.34,1.44,0.87,0.64,0.0002,0.0003,0.23,0.01,70,5665.82,1824.21,3881.55,3.11,25.88,0.07,0.61,2.42,0.48,0.00,59.35,37.76,100.00,0.00,0.00,0.00,10.28,4.36,0.00,
2026-07-30,12:22:52.635,0.00,1.41,0.00,0.36,1.40,0.60,0.12,0.90,0.95,0.0024,0.0005,0.18,0.01,71,253.02,179.58,3878.12,1.41,11.74,0.00,0.03,0.65,0.14,0.00,59.80,39.42,100.00,0.00,0.00,0.00,6.04,0.16,0.00,
2026-07-30,12:22:53.635,0.07,3.13,0.02,0.99,3.88,1.21,1.43,0.88,0.64,0.0002,0.0003,0.23,0.01,71,5663.83,1811.12,3879.92,3.13,26.06,0.07,0.61,2.35,0.19,0.00,59.80,37.67,100.00,0.00,0.00,0.00,10.27,4.35,0.00,
2026-07-30,12:22:54.635,0.05,3.05,0.02,0.98,3.81,1.13,1.05,0.85,0.70,0.0003,0.0003,0.22,0.01,51,4146.95,1358.57,3879.97,3.05,25.44,0.05,0.45,1.79,0.12,0.00,59.64,38.45,100.00,0.00,0.00,0.00,9.03,3.14,0.00,
2026-07-30,12:22:55.634,0.02,2.72,0.01,0.68,2.64,0.95,0.48,0.88,0.84,0.0006,0.0003,0.21,0.01,71,1706.14,627.54,3873.63,2.72,22.66,0.02,0.18,1.20,0.37,0.00,59.53,38.90,100.00,0.00,0.00,0.00,7.25,1.34,0.00,
2026-07-30,12:22:56.634,0.08,2.90,0.03,0.98,3.83,3.32,1.75,0.78,0.64,0.0006,0.0003,0.38,0.02,71,5952.08,2051.22,3877.29,2.90,24.18,0.08,0.64,2.69,0.14,0.00,59.56,37.61,100.00,0.00,0.00,0.00,10.69,4.77,0.00,
2026-07-30,12:22:57.634,0.00,1.22,0.00,0.31,1.22,1.38,0.25,0.87,0.92,0.0040,0.0007,0.23,0.01,70,347.82,284.34,3879.27,1.22,10.19,0.00,0.04,1.17,3.59,0.00,56.90,38.34,100.00,0.00,0.00,0.00,6.21,0.25,0.00,
2026-07-30,12:22:58.634,0.07,3.10,0.02,0.97,3.79,1.51,1.48,0.86,0.64,0.0003,0.0003,0.25,0.01,70,5694.41,1835.28,3877.45,3.10,25.86,0.07,0.61,2.43,0.14,0.00,59.77,37.65,100.00,0.00,0.00,0.00,10.30,4.38,0.00,
2026-07-30,12:22:59.634,0.07,3.14,0.02,1.02,3.98,1.22,1.44,0.87,0.63,0.0002,0.0003,0.23,0.01,70,5724.41,1824.99,3879.90,3.14,26.14,0.07,0.61,2.30,0.12,0.00,59.71,37.87,100.00,0.00,0.00,0.00,10.32,4.42,0.00,
2026-07-30,12:23:00.634,0.00,1.33,0.00,0.33,1.30,1.12,0.12,0.84,0.95,0.0043,0.0005,0.22,0.02,71,259.08,195.28,3877.53,1.33,11.06,0.00,0.03,0.76,0.17,0.00,59.87,39.20,100.00,0.00,0.00,0.00,6.07,0.17,0.01,
2026-07-30,12:23:01.633,0.07,3.11,0.02,0.98,3.82,1.28,1.44,0.87,0.63,0.0002,0.0003,0.23,0.01,70,5628.34,1810.40,3877.76,3.11,25.91,0.07,0.60,2.38,0.16,0.00,59.84,37.61,100.00,0.00,0.00,0.00,10.29,4.38,0.00,
2026-07-30,12:23:02.635,0.06,3.06,0.02,0.94,3.67,1.23,1.17,0.86,0.68,0.0003,0.0003,0.23,0.01,51,4468.68,1459.09,3884.38,3.06,25.52,0.06,0.48,2.00,0.14,0.00,59.87,37.99,100.00,0.00,0.00,0.00,9.24,3.33,0.00,
2026-07-30,12:23:03.635,0.02,2.71,0.01,0.67,2.63,0.70,0.39,0.90,0.86,0.0005,0.0003,0.19,0.01,70,1443.30,532.82,3876.75,2.71,22.57,0.02,0.15,1.02,0.17,0.00,59.85,38.96,100.00,0.00,0.00,0.00,7.05,1.16,0.00,
2026-07-30,12:23:04.635,0.07,3.11,0.02,1.01,3.93,1.14,1.41,0.88,0.64,0.0002,0.0003,0.22,0.01,71,5599.70,1800.83,3879.81,3.11,25.91,0.07,0.60,2.30,0.12,0.00,59.75,37.83,100.00,0.00,0.00,0.00,10.25,4.35,0.00,
2026-07-30,12:23:05.636,0.00,1.36,0.00,0.33,1.31,0.89,0.14,0.87,0.95,0.0033,0.0005,0.20,0.01,71,267.48,197.26,3881.20,1.36,11.30,0.00,0.03,0.76,0.21,0.00,59.74,39.29,100.00,0.00,0.00,0.00,6.09,0.18,0.00,
2026-07-30,12:23:06.637,0.07,3.09,0.02,0.98,3.82,2.14,1.45,0.81,0.65,0.0004,0.0003,0.28,0.02,71,5671.59,1837.08,3882.01,3.09,25.73,0.07,0.61,2.41,0.49,0.00,59.37,37.73,100.00,0.00,0.00,0.00,10.32,4.38,0.00,
2026-07-30,12:23:07.636,0.07,3.11,0.02,1.01,3.94,1.24,1.43,0.87,0.63,0.0002,0.0003,0.23,0.01,70,5617.15,1805.00,3877.89,3.11,25.93,0.07,0.60,2.31,1.30,0.00,58.71,37.69,100.00,0.00,0.00,0.00,10.30,4.34,0.00,
2026-07-30,12:23:08.636,0.00,1.39,0.00,0.36,1.42,1.25,0.11,0.82,0.96,0.0041,0.0004,0.22,0.01,71,305.04,219.24,3877.77,1.39,11.59,0.00,0.03,0.78,0.16,0.00,59.67,39.39,100.00,0.00,0.00,0.00,6.10,0.20,0.00,
2026-07-30,12:23:09.637,0.07,3.12,0.02,1.01,3.96,1.11,1.46,0.88,0.63,0.0002,0.0003,0.22,0.01,70,5760.68,1845.89,3881.43,3.12,26.01,0.07,0.62,2.34,0.14,0.00,59.81,37.71,100.00,0.00,0.00,0.00,10.37,4.46,0.00,
2026-07-30,12:23:10.637,0.06,3.10,0.02,1.00,3.90,1.18,1.25,0.86,0.66,0.0002,0.0003,0.23,0.01,51,4910.97,1584.40,3878.11,3.10,25.83,0.06,0.53,2.04,0.12,0.00,59.81,38.02,100.00,0.00,0.00,0.00,9.66,3.77,0.00,
2026-07-30,12:23:11.637,0.01,2.42,0.00,0.56,2.19,0.86,0.28,0.87,0.89,0.0009,0.0003,0.20,0.01,71,937.76,387.09,3877.52,2.42,20.19,0.01,0.10,0.89,0.17,0.00,59.65,39.29,100.00,0.00,0.00,0.00,6.63,0.73,0.00,
2026-07-30,12:23:12.639,0.07,3.08,0.02,0.94,3.65,1.55,1.51,0.86,0.63,0.0003,0.0003,0.26,0.01,70,5698.89,1853.08,3884.46,3.08,25.63,0.07,0.61,2.55,0.19,0.00,59.62,37.64,100.00,0.00,0.00,0.00,10.34,4.41,0.00,
2026-07-30,12:23:13.639,0.01,1.22,0.00,0.38,1.46,1.76,0.20,0.79,0.97,0.0043,0.0005,0.26,0.02,71,413.99,339.39,3882.38,1.22,10.17,0.01,0.04,1.17,6.96,0.00,53.16,38.72,100.00,0.00,0.00,0.00,6.40,0.42,0.00,
2026-07-30,12:23:14.639,0.07,3.12,0.02,1.00,3.92,1.34,1.43,0.86,0.63,0.0002,0.0003,0.24,0.01,71,5621.03,1801.31,3877.79,3.12,26.00,0.07,0.60,2.31,0.20,0.00,59.70,37.79,100.00,0.00,0.00,0.00,10.26,4.36,0.00,
2026-07-30,12:23:15.639,0.07,3.11,0.02,1.00,3.90,1.25,1.44,0.87,0.63,0.0002,0.0003,0.23,0.01,67,5625.92,1811.73,3878.45,3.11,25.88,0.07,0.60,2.34,0.17,0.00,59.71,37.78,100.00,0.00,0.00,0.00,10.26,4.35,0.00,
2026-07-30,12:23:16.639,0.00,0.50,0.00,0.21,0.82,0.52,0.14,0.92,0.62,0.0106,0.0029,0.18,0.00,71,48.37,96.50,3878.16,0.50,4.18,0.00,0.01,0.60,0.21,0.00,59.97,39.22,100.00,0.00,0.00,0.00,5.90,0.03,0.00,
2026-07-30,12:23:17.639,0.07,3.10,0.02,0.99,3.85,1.28,1.46,0.87,0.63,0.0002,0.0003,0.23,0.01,71,5638.96,1821.05,3879.82,3.10,25.80,0.07,0.61,2.38,0.24,0.00,59.80,37.57,100.00,0.00,0.00,0.00,10.32,4.39,0.00,
2026-07-30,12:23:18.640,0.07,2.87,0.02,0.84,3.26,2.63,1.51,0.82,0.80,0.0005,0.0003,0.32,0.03,52,5570.00,1938.48,3880.25,2.87,23.94,0.07,0.60,2.99,6.75,0.00,53.79,36.46,100.00,0.00,0.00,0.00,10.38,4.35,0.00,
2026-07-30,12:23:19.640,0.10,3.06,0.03,0.92,3.59,27.32,1.90,0.41,0.84,0.0034,0.0002,2.13,0.68,68,7958.30,2600.84,3876.65,3.06,25.50,0.10,0.85,3.64,13.12,0.00,48.86,34.38,100.00,0.00,0.00,0.00,14.49,8.01,0.00,
2026-07-30,12:23:20.640,0.07,3.09,0.02,0.99,3.85,1.40,1.48,0.87,0.62,0.0002,0.0003,0.24,0.01,70,5668.40,1834.63,3879.84,3.09,25.75,0.07,0.61,2.40,0.25,0.00,59.85,37.51,100.00,0.00,0.00,0.00,10.28,4.36,0.00,
2026-07-30,12:23:21.640,0.00,1.33,0.00,0.33,1.29,0.88,0.15,0.88,0.94,0.0034,0.0006,0.20,0.01,71,260.61,196.52,3877.95,1.33,11.05,0.00,0.03,0.76,0.25,0.00,59.85,39.14,100.00,0.00,0.00,0.00,6.06,0.17,0.00,
2026-07-30,12:23:22.640,0.07,3.13,0.02,1.01,3.95,1.31,1.46,0.86,0.63,0.0002,0.0003,0.24,0.01,71,5751.37,1838.81,3877.75,3.13,26.06,0.07,0.62,2.34,0.14,0.00,59.70,37.83,100.00,0.00,0.00,0.00,10.28,4.39,0.00,
2026-07-30,12:23:23.640,0.07,3.11,0.02,1.00,3.92,1.25,1.45,0.87,0.63,0.0002,0.0003,0.23,0.01,71,5697.90,1829.23,3880.13,3.11,25.96,0.07,0.61,2.35,0.19,0.00,59.67,37.79,100.00,0.00,0.00,0.00,10.25,4.35,0.00,
2026-07-30,12:23:24.640,0.00,1.45,0.00,0.35,1.38,0.68,0.12,0.89,0.95,0.0027,0.0005,0.19,0.01,70,250.05,172.51,3877.76,1.45,12.08,0.00,0.03,0.63,0.14,0.00,59.84,39.38,100.00,0.00,0.00,0.00,6.07,0.19,0.00,
2026-07-30,12:23:25.641,0.07,3.10,0.02,0.95,3.71,1.25,1.47,0.87,0.63,0.0002,0.0003,0.23,0.01,71,5757.97,1856.59,3881.64,3.10,25.84,0.07,0.62,2.52,0.18,0.00,59.84,37.47,100.00,0.00,0.00,0.00,10.34,4.42,0.00,
2026-07-30,12:23:26.641,0.07,3.11,0.02,1.01,3.93,1.24,1.43,0.87,0.63,0.0002,0.0003,0.23,0.01,51,5590.63,1794.93,3879.36,3.11,25.96,0.07,0.60,2.29,0.15,0.00,59.82,37.74,100.00,0.00,0.00,0.00,10.11,4.21,0.00,
2026-07-30,12:23:27.642,0.00,1.67,0.00,0.39,1.52,0.67,0.14,0.89,0.95,0.0019,0.0004,0.19,0.01,71,346.11,207.70,3881.28,1.67,13.89,0.00,0.04,0.69,0.22,0.00,59.67,39.42,100.00,0.00,0.00,0.00,6.20,0.30,0.00,
2026-07-30,12:23:28.642,0.07,3.09,0.02,0.99,3.85,1.14,1.46,0.89,0.63,0.0002,0.0003,0.22,0.01,70,5682.17,1836.74,3878.42,3.09,25.78,0.07,0.61,2.40,0.15,0.00,59.68,37.77,100.00,0.00,0.00,0.00,10.25,4.34,0.00,
2026-07-30,12:23:29.642,0.00,1.40,0.00,0.36,1.39,0.71,0.14,0.89,0.94,0.0028,0.0006,0.19,0.01,71,252.70,180.17,3877.39,1.40,11.69,0.00,0.03,0.65,0.19,0.00,59.88,39.27,100.00,0.00,0.00,0.00,6.04,0.16,0.00,
2026-07-30,12:23:30.642,0.07,3.13,0.02,1.01,3.92,1.29,1.49,0.87,0.62,0.0002,0.0003,0.24,0.01,71,5715.69,1827.17,3879.73,3.13,26.07,0.07,0.61,2.34,0.45,0.00,59.51,37.70,100.00,0.00,0.00,0.00,10.27,4.35,0.00,
2026-07-30,12:23:31.642,0.07,3.10,0.02,0.99,3.86,1.30,1.52,0.88,0.62,0.0002,0.0003,0.23,0.01,70,5755.01,1858.59,3877.66,3.10,25.80,0.07,0.62,2.42,0.22,0.00,60.03,37.33,100.00,0.00,0.00,0.00,10.32,4.40,0.00,
2026-07-30,12:23:32.642,0.00,1.41,0.00,0.35,1.38,0.71,0.16,0.89,0.93,0.0028,0.0006,0.19,0.01,71,253.08,179.50,3881.16,1.41,11.75,0.00,0.03,0.65,0.16,0.00,59.91,39.27,100.00,0.00,0.00,0.00,6.08,0.19,0.00,
2026-07-30,12:23:33.643,0.07,3.09,0.02,0.97,3.80,1.27,1.48,0.89,0.62,0.0002,0.0003,0.23,0.01,71,5633.50,1820.25,3881.97,3.09,25.79,0.07,0.60,2.41,0.24,0.00,60.12,37.23,100.00,0.00,0.00,0.00,10.16,4.23,0.00,
2026-07-30,12:23:34.643,0.07,3.13,0.02,1.00,3.90,1.34,1.44,0.86,0.63,0.0002,0.0003,0.24,0.01,63,5638.91,1803.54,3877.83,3.13,26.05,0.07,0.61,2.32,0.16,0.00,59.77,37.75,100.00,0.00,0.00,0.00,10.10,4.20,0.00,
2026-07-30,12:23:35.644,0.00,1.34,0.00,0.33,1.28,0.92,0.18,0.88,0.93,0.0034,0.0007,0.21,0.01,71,267.90,200.11,3881.99,1.34,11.16,0.00,0.03,0.78,0.23,0.00,59.84,39.15,100.00,0.00,0.00,0.00,6.08,0.18,0.00,
2026-07-30,12:23:36.644,0.07,3.11,0.02,0.98,3.83,1.37,1.47,0.87,0.63,0.0002,0.0003,0.24,0.01,71,5631.14,1810.74,3877.67,3.11,25.92,0.07,0.61,2.38,0.31,0.00,59.71,37.60,100.00,0.00,0.00,0.00,10.07,4.16,0.00,
2026-07-30,12:23:37.644,0.00,1.35,0.00,0.35,1.35,0.70,0.17,0.90,0.93,0.0027,0.0007,0.19,0.01,71,255.45,189.26,3877.83,1.35,11.25,0.00,0.03,0.71,0.15,0.00,59.92,39.22,100.00,0.00,0.00,0.00,6.06,0.17,0.00,
2026-07-30,12:23:38.644,0.07,3.10,0.02,0.98,3.82,1.26,1.47,0.88,0.63,0.0002,0.0003,0.23,0.01,70,5614.34,1809.67,3881.60,3.10,25.85,0.07,0.60,2.38,0.27,0.00,59.75,37.60,100.00,0.00,0.00,0.00,10.13,4.20,0.00,
2026-07-30,12:23:39.645,0.07,3.13,0.02,1.00,3.91,1.21,1.46,0.88,0.62,0.0002,0.0003,0.22,0.01,71,5634.28,1802.69,3881.58,3.13,26.05,0.07,0.60,2.32,0.16,0.00,59.82,37.70,100.00,0.00,0.00,0.00,10.13,4.22,0.00,
2026-07-30,12:23:40.645,0.00,1.45,0.00,0.36,1.40,0.63,0.13,0.90,0.95,0.0025,0.0005,0.19,0.00,71,249.08,171.97,3877.78,1.45,12.07,0.00,0.03,0.62,0.17,0.00,59.78,39.44,100.00,0.00,0.00,0.00,6.05,0.17,0.00,
2026-07-30,12:23:41.645,0.07,3.09,0.02,0.96,3.76,1.38,1.50,0.88,0.62,0.0002,0.0003,0.24,0.01,71,5662.58,1830.58,3879.71,3.09,25.78,0.07,0.61,2.45,0.23,0.00,59.90,37.42,100.00,0.00,0.00,0.00,10.18,4.25,0.00,
2026-07-30,12:23:42.645,0.07,3.13,0.02,1.00,3.90,1.22,1.48,0.88,0.62,0.0002,0.0003,0.23,0.01,68,5673.73,1813.23,3877.80,3.13,26.08,0.07,0.61,2.34,0.15,0.00,59.97,37.54,100.00,0.00,0.00,0.00,10.11,4.20,0.00,
2026-07-30,12:23:43.646,0.01,1.18,0.00,0.35,1.38,1.82,0.27,0.83,0.96,0.0043,0.0006,0.26,0.02,71,423.23,359.00,3877.95,1.18,9.82,0.01,0.05,1.31,7.98,0.00,52.87,37.84,100.00,0.00,0.00,0.00,6.49,0.45,0.00,
2026-07-30,12:23:44.646,0.08,3.10,0.02,0.96,3.75,1.67,1.57,0.86,0.25,0.0003,0.0003,0.26,0.01,70,5842.48,1887.66,3879.63,3.10,25.79,0.08,0.63,2.53,0.25,0.00,60.73,36.49,100.00,0.00,0.00,0.00,10.34,4.42,0.00,
2026-07-30,12:23:45.646,0.00,1.45,0.00,0.31,1.21,0.71,0.25,0.91,0.53,0.0027,0.0009,0.19,0.01,71,263.96,182.60,3881.78,1.45,12.05,0.00,0.03,0.76,0.28,0.00,61.05,37.92,100.00,0.00,0.00,0.00,6.12,0.23,0.00,
2026-07-30,12:23:46.646,0.07,3.13,0.02,0.98,3.81,1.45,1.56,0.87,0.21,0.0003,0.0003,0.25,0.01,70,5645.17,1806.22,3877.45,3.13,26.05,0.07,0.61,2.38,0.20,0.00,60.44,36.98,100.00,0.00,0.00,0.00,10.22,4.29,0.00,
2026-07-30,12:23:47.647,0.07,3.13,0.02,1.01,3.94,1.31,1.53,0.87,0.20,0.0002,0.0003,0.24,0.01,71,5657.39,1806.23,3878.06,3.13,26.10,0.07,0.61,2.31,0.17,0.00,59.95,37.57,100.00,0.00,0.00,0.00,10.22,4.31,0.00,
2026-07-30,12:23:48.646,0.01,1.23,0.00,0.35,1.36,1.62,0.30,0.85,0.93,0.0040,0.0007,0.25,0.02,71,406.69,330.33,3880.22,1.23,10.26,0.01,0.04,1.22,7.81,0.00,52.98,37.99,100.00,0.00,0.00,0.00,6.52,0.51,0.00,
2026-07-30,12:23:49.647,0.08,2.65,0.03,0.83,3.24,10.70,1.70,0.57,0.74,0.0017,0.0003,0.74,0.17,64,6129.62,2311.85,3876.83,2.65,22.09,0.08,0.66,3.59,10.24,0.00,50.67,35.50,100.00,0.00,0.00,0.00,11.13,5.01,0.00,
2026-07-30,12:23:50.647,0.17,3.46,0.05,1.17,4.56,20.17,3.00,0.45,0.57,0.0015,0.0002,1.77,0.55,69,13110.40,3786.30,3880.23,3.46,28.85,0.17,1.41,4.17,4.78,0.00,55.48,35.57,100.00,0.00,0.00,0.00,17.04,10.76,0.00,
2026-07-30,12:23:51.646,0.00,1.46,0.00,0.32,1.23,0.97,0.23,0.87,0.56,0.0037,0.0009,0.21,0.01,71,265.42,181.69,3877.98,1.46,12.17,0.00,0.03,0.74,0.50,0.00,59.77,38.98,100.00,0.00,0.00,0.00,6.15,0.24,0.00,
2026-07-30,12:23:52.648,0.07,3.14,0.02,0.98,3.82,1.31,1.55,0.89,0.21,0.0002,0.0003,0.24,0.01,71,5668.78,1807.01,3881.42,3.14,26.14,0.07,0.61,2.38,0.99,0.00,59.11,37.53,100.00,0.00,0.00,0.00,10.23,4.29,0.00,
2026-07-30,12:23:53.648,0.00,1.51,0.00,0.32,1.27,0.80,0.21,0.89,0.56,0.0031,0.0008,0.20,0.01,71,256.07,169.63,3880.14,1.51,12.58,0.00,0.03,0.67,0.18,0.00,60.18,38.97,100.00,0.00,0.00,0.00,6.13,0.24,0.00,
2026-07-30,12:23:54.648,0.07,3.14,0.02,1.01,3.93,1.31,1.49,0.87,0.21,0.0002,0.0003,0.24,0.01,71,5598.92,1784.46,3877.83,3.14,26.15,0.07,0.60,2.28,0.16,0.00,59.94,37.62,100.00,0.00,0.00,0.00,10.15,4.25,0.00,
2026-07-30,12:23:55.648,0.07,3.15,0.02,1.03,4.00,1.10,1.48,0.88,0.20,0.0002,0.0003,0.22,0.01,70,5600.05,1779.05,3878.26,3.15,26.23,0.07,0.60,2.23,0.20,0.00,59.78,37.79,100.00,0.00,0.00,0.00,10.16,4.27,0.00,
2026-07-30,12:23:56.648,0.00,1.47,0.00,0.32,1.26,0.74,0.24,0.91,0.52,0.0028,0.0009,0.20,0.01,70,260.76,177.02,3881.68,1.47,12.28,0.00,0.03,0.71,0.15,0.00,60.01,39.13,100.00,0.00,0.00,0.00,6.12,0.23,0.00,
2026-07-30,12:23:57.649,0.07,3.13,0.02,1.00,3.88,1.20,1.53,0.89,0.21,0.0002,0.0003,0.23,0.01,54,5651.11,1804.74,3880.56,3.13,26.09,0.07,0.61,2.34,0.15,0.00,60.10,37.41,100.00,0.00,0.00,0.00,10.22,4.32,0.00,
2026-07-30,12:23:58.648,0.07,3.14,0.02,1.03,4.02,1.15,1.49,0.88,0.28,0.0002,0.0003,0.23,0.01,69,5604.42,1786.53,3873.66,3.14,26.14,0.07,0.60,2.24,0.14,0.00,59.95,37.68,100.00,0.00,0.00,0.00,10.27,4.38,0.00,
2026-07-30,12:23:59.648,0.00,1.58,0.00,0.37,1.44,0.77,0.20,0.87,0.54,0.0030,0.0008,0.20,0.01,70,252.56,159.41,3877.53,1.58,13.20,0.00,0.03,0.56,0.15,0.00,59.95,39.35,100.00,0.00,0.00,0.00,6.14,0.26,0.00,
2026-07-30,12:24:00.648,0.07,3.12,0.02,0.99,3.86,1.61,1.50,0.85,0.22,0.0003,0.0003,0.27,0.02,71,5677.45,1821.64,3879.72,3.12,25.97,0.07,0.61,2.37,0.66,0.00,59.57,37.39,100.00,0.00,0.00,0.00,10.33,4.39,0.01,
2026-07-30,12:24:01.648,0.00,1.47,0.00,0.32,1.24,0.92,0.21,0.87,0.60,0.0035,0.0008,0.21,0.01,71,261.39,177.30,3879.91,1.47,12.29,0.00,0.03,0.72,0.21,0.00,60.29,38.78,100.00,0.00,0.00,0.00,6.13,0.24,0.00,
2026-07-30,12:24:02.648,0.07,3.16,0.02,0.99,3.87,1.31,1.44,0.86,0.24,0.0002,0.0003,0.24,0.01,71,5590.55,1768.03,3877.62,3.16,26.35,0.07,0.60,2.29,0.31,0.00,59.87,37.52,100.00,0.00,0.00,0.00,10.25,4.33,0.00,
2026-07-30,12:24:03.648,0.07,3.14,0.02,0.97,3.78,1.24,1.49,0.89,0.24,0.0002,0.0003,0.23,0.01,70,5651.55,1802.30,3879.81,3.14,26.13,0.07,0.61,2.40,0.56,0.00,59.93,37.12,100.00,0.00,0.00,0.00,10.34,4.41,0.00,
2026-07-30,12:24:04.648,0.00,1.61,0.00,0.35,1.38,0.99,0.18,0.87,0.76,0.0030,0.0005,0.21,0.01,71,326.40,203.27,3877.49,1.61,13.38,0.00,0.04,0.74,0.15,0.00,59.84,39.27,100.00,0.00,0.00,0.00,6.18,0.28,0.00,
2026-07-30,12:24:05.649,0.07,3.13,0.02,0.96,3.75,1.42,1.52,0.87,0.23,0.0003,0.0003,0.25,0.01,71,5653.09,1803.50,3881.76,3.13,26.12,0.07,0.61,2.42,0.23,0.00,59.88,37.47,100.00,0.00,0.00,0.00,10.37,4.44,0.00,
2026-07-30,12:24:06.649,0.07,3.15,0.02,1.00,3.88,1.47,1.50,0.85,0.22,0.0003,0.0003,0.25,0.01,69,5695.94,1807.03,3880.00,3.15,26.27,0.07,0.61,2.34,0.39,0.00,59.57,37.71,100.00,0.00,0.00,0.00,10.35,4.44,0.00,
2026-07-30,12:24:07.650,0.00,1.60,0.00,0.34,1.33,0.72,0.15,0.88,0.67,0.0028,0.0006,0.20,0.01,70,253.77,158.83,3881.09,1.60,13.31,0.00,0.03,0.60,0.14,0.00,59.80,39.46,100.00,0.00,0.00,0.00,6.13,0.26,0.00,
2026-07-30,12:24:08.650,0.07,3.14,0.02,0.98,3.81,1.27,1.46,0.87,0.24,0.0002,0.0003,0.24,0.01,70,5658.77,1800.95,3878.36,3.14,26.18,0.07,0.61,2.38,0.16,0.00,59.64,37.82,100.00,0.00,0.00,0.00,10.33,4.43,0.00,
2026-07-30,12:24:09.650,0.00,1.64,0.00,0.36,1.41,1.00,0.16,0.85,0.76,0.0031,0.0005,0.21,0.01,71,317.55,193.30,3877.94,1.64,13.69,0.00,0.03,0.69,0.21,0.00,59.87,39.23,100.00,0.00,0.00,0.00,6.20,0.30,0.00,
2026-07-30,12:24:10.651,0.07,3.13,0.02,1.00,3.90,1.75,1.46,0.83,0.34,0.0003,0.0003,0.27,0.01,71,5653.88,1806.79,3881.35,3.13,26.08,0.07,0.61,2.33,0.13,0.00,59.76,37.79,100.00,0.00,0.00,0.00,10.33,4.42,0.00,
2026-07-30,12:24:11.651,0.07,3.15,0.02,0.98,3.84,1.34,1.50,0.87,0.22,0.0002,0.0003,0.24,0.01,70,5649.15,1794.50,3879.61,3.15,26.23,0.07,0.61,2.35,0.20,0.00,59.85,37.60,100.00,0.00,0.00,0.00,10.28,4.36,0.00,
2026-07-30,12:24:12.652,0.01,2.19,0.00,0.45,1.74,1.30,0.27,0.84,0.60,0.0020,0.0004,0.24,0.02,71,640.46,292.37,3881.92,2.19,18.25,0.01,0.07,0.85,0.16,0.00,60.03,38.97,100.00,0.00,0.00,0.00,6.50,0.60,0.00,
2026-07-30,12:24:13.652,0.07,2.97,0.03,0.87,3.40,2.29,1.55,0.83,0.73,0.0004,0.0003,0.30,0.02,70,5757.14,1941.06,3879.71,2.97,24.72,0.07,0.62,2.87,9.05,0.00,51.73,36.35,100.00,0.00,0.00,0.00,10.70,4.65,0.00,
2026-07-30,12:24:14.653,0.07,3.16,0.02,1.01,3.94,1.26,1.47,0.87,0.21,0.0002,0.0003,0.23,0.01,69,5654.64,1788.07,3881.56,3.16,26.35,0.07,0.61,2.28,0.17,0.00,59.78,37.77,100.00,0.00,0.00,0.00,10.32,4.41,0.00,
2026-07-30,12:24:15.653,0.00,1.48,0.00,0.32,1.25,0.73,0.18,0.90,0.66,0.0028,0.0007,0.20,0.01,71,259.01,174.44,3877.92,1.48,12.37,0.00,0.03,0.70,0.20,0.00,59.83,39.26,100.00,0.00,0.00,0.00,6.12,0.24,0.00,
2026-07-30,12:24:16.653,0.07,3.12,0.02,0.96,3.73,1.34,1.47,0.88,0.25,0.0002,0.0003,0.24,0.01,70,5577.75,1788.55,3877.76,3.12,25.99,0.07,0.60,2.41,0.18,0.00,59.76,37.65,100.00,0.00,0.00,0.00,10.25,4.35,0.00,
2026-07-30,12:24:17.654,0.00,1.47,0.00,0.31,1.21,0.96,0.21,0.88,0.69,0.0032,0.0007,0.21,0.01,71,301.76,205.92,3882.00,1.47,12.21,0.00,0.03,0.85,0.17,0.00,60.00,38.98,100.00,0.00,0.00,0.00,6.19,0.28,0.00,
2026-07-30,12:24:18.653,0.07,2.99,0.02,0.84,3.28,2.31,1.51,0.83,0.44,0.0004,0.0003,0.31,0.02,71,5716.19,1911.89,3877.06,2.99,24.92,0.07,0.61,2.93,7.00,0.00,53.60,36.47,100.00,0.00,0.00,0.00,10.52,4.50,0.00,
2026-07-30,12:24:19.653,0.07,2.98,0.02,0.88,3.43,2.08,1.52,0.83,0.72,0.0004,0.0003,0.29,0.02,70,5741.80,1928.78,3877.65,2.98,24.81,0.07,0.62,2.83,5.03,0.00,55.61,36.53,100.00,0.00,0.00,0.00,10.63,4.63,0.00,
2026-07-30,12:24:20.653,0.10,3.19,0.03,0.99,3.85,28.28,1.80,0.37,0.74,0.0035,0.0002,2.22,0.71,70,8142.30,2552.33,3877.92,3.19,26.58,0.10,0.87,3.33,8.87,0.00,51.46,36.35,100.00,0.00,0.00,0.00,14.35,7.96,0.00,
2026-07-30,12:24:21.655,0.07,3.13,0.02,0.96,3.73,1.48,1.47,0.86,0.25,0.0003,0.0003,0.25,0.01,71,5649.09,1804.29,3881.30,3.13,26.09,0.07,0.61,2.43,0.38,0.00,59.59,37.60,100.00,0.00,0.00,0.00,10.31,4.37,0.00,
2026-07-30,12:24:22.654,0.07,3.17,0.02,1.01,3.94,1.18,1.45,0.88,0.22,0.0002,0.0003,0.23,0.01,69,5589.24,1765.08,3877.70,3.17,26.39,0.07,0.60,2.25,0.17,0.00,59.90,37.68,100.00,0.00,0.00,0.00,10.29,4.38,0.00,
2026-07-30,12:24:23.654,0.00,1.46,0.00,0.32,1.24,0.82,0.19,0.89,0.65,0.0032,0.0007,0.20,0.01,70,259.02,177.76,3879.96,1.46,12.14,0.00,0.03,0.72,0.17,0.00,59.75,39.37,100.00,0.00,0.00,0.00,6.12,0.22,0.00,
2026-07-30,12:24:24.654,0.07,3.17,0.02,1.02,3.96,1.26,1.46,0.86,0.21,0.0002,0.0003,0.24,0.01,71,5639.98,1777.57,3877.98,3.17,26.44,0.07,0.61,2.26,0.10,0.00,59.84,37.80,100.00,0.00,0.00,0.00,10.25,4.35,0.00,
2026-07-30,12:24:25.654,0.00,1.50,0.00,0.32,1.27,0.72,0.16,0.89,0.66,0.0028,0.0006,0.20,0.01,71,255.29,170.33,3877.12,1.50,12.49,0.00,0.03,0.68,0.15,0.00,59.86,39.31,100.00,0.00,0.00,0.00,6.11,0.23,0.00,
2026-07-30,12:24:26.655,0.07,3.15,0.02,0.98,3.82,1.24,1.48,0.88,0.23,0.0002,0.0003,0.23,0.01,71,5617.73,1785.80,3884.71,3.15,26.21,0.07,0.60,2.34,0.17,0.00,59.84,37.65,100.00,0.00,0.00,0.00,10.29,4.36,0.00,
2026-07-30,12:24:27.656,0.07,3.14,0.02,0.97,3.77,1.36,1.49,0.87,0.25,0.0002,0.0003,0.24,0.01,71,5674.18,1807.34,3881.72,3.14,26.16,0.07,0.61,2.41,0.17,0.00,59.74,37.68,100.00,0.00,0.00,0.00,10.34,4.42,0.00,
2026-07-30,12:24:28.657,0.00,1.49,0.00,0.36,1.40,1.14,0.16,0.84,0.79,0.0038,0.0005,0.22,0.01,71,296.59,198.61,3878.42,1.49,12.44,0.00,0.03,0.71,0.14,0.00,59.77,39.38,100.00,0.00,0.00,0.00,6.15,0.26,0.00,
2026-07-30,12:24:29.655,0.07,3.15,0.02,0.99,3.88,1.35,1.49,0.87,0.21,0.0002,0.0003,0.24,0.01,71,5654.24,1793.09,3875.90,3.15,26.28,0.07,0.61,2.33,0.15,0.00,59.87,37.66,100.00,0.00,0.00,0.00,10.32,4.41,0.00,
2026-07-30,12:24:30.655,0.07,3.17,0.02,1.01,3.95,1.14,1.47,0.88,0.21,0.0002,0.0003,0.23,0.01,69,5623.81,1772.23,3877.64,3.17,26.44,0.07,0.60,2.26,0.18,0.00,59.91,37.66,100.00,0.00,0.00,0.00,10.28,4.37,0.00,
2026-07-30,12:24:31.657,0.00,1.49,0.00,0.32,1.26,0.92,0.22,0.87,0.56,0.0036,0.0008,0.21,0.01,71,258.34,173.85,3881.55,1.49,12.38,0.00,0.03,0.69,0.12,0.00,59.94,39.25,100.00,0.00,0.00,0.00,6.14,0.25,0.00,
2026-07-30,12:24:32.657,0.07,3.13,0.02,0.97,3.79,1.31,1.54,0.89,0.20,0.0002,0.0003,0.24,0.01,71,5635.31,1800.94,3880.18,3.13,26.08,0.07,0.61,2.39,0.18,0.00,60.03,37.41,100.00,0.00,0.00,0.00,10.29,4.38,0.00,
2026-07-30,12:24:33.657,0.00,1.51,0.00,0.34,1.31,0.86,0.19,0.88,0.65,0.0029,0.0006,0.20,0.01,71,294.31,194.54,3881.46,1.51,12.61,0.00,0.03,0.75,2.20,0.00,58.32,38.73,100.00,0.00,0.00,0.00,6.18,0.28,0.00,
2026-07-30,12:24:34.658,0.07,3.15,0.02,0.98,3.83,1.40,1.49,0.87,0.24,0.0002,0.0003,0.24,0.01,71,5642.27,1793.45,3878.15,3.15,26.22,0.07,0.61,2.35,0.15,0.00,59.86,37.63,100.00,0.00,0.00,0.00,10.30,4.39,0.00,
2026-07-30,12:24:35.657,0.10,2.55,0.04,1.02,3.96,10.01,3.17,0.67,0.59,0.0014,0.0004,0.83,0.04,70,7379.80,2889.58,3876.45,2.55,21.28,0.10,0.79,3.67,0.17,0.00,59.21,36.95,100.00,0.00,0.00,0.00,12.10,6.11,0.00,
2026-07-30,12:24:36.657,0.00,1.54,0.00,0.32,1.24,0.86,0.16,0.86,0.72,0.0032,0.0006,0.21,0.01,71,269.02,174.62,3877.74,1.54,12.84,0.00,0.03,0.71,0.41,0.00,59.49,39.39,100.00,0.00,0.00,0.00,6.10,0.21,0.00,
2026-07-30,12:24:37.658,0.07,3.15,0.02,0.97,3.80,1.42,1.52,0.87,0.22,0.0003,0.0003,0.25,0.01,71,5641.58,1793.29,3881.40,3.15,26.22,0.07,0.61,2.37,0.22,0.00,60.07,37.34,100.00,0.00,0.00,0.00,10.33,4.41,0.00,
2026-07-30,12:24:38.658,0.07,3.09,0.02,0.99,3.85,1.21,1.34,0.87,0.73,0.0002,0.0003,0.23,0.01,70,5163.85,1673.02,3879.87,3.09,25.72,0.07,0.55,2.18,0.12,0.00,59.54,38.16,100.00,0.00,0.00,0.00,9.64,3.74,0.00,
2026-07-30,12:24:39.659,0.00,1.56,0.00,0.33,1.30,0.67,0.18,0.89,0.60,0.0027,0.0007,0.19,0.01,70,252.51,161.69,3881.77,1.56,13.01,0.00,0.03,0.63,0.13,0.00,60.00,39.25,100.00,0.00,0.00,0.00,6.12,0.24,0.00,
2026-07-30,12:24:40.659,0.06,3.09,0.02,0.99,3.87,1.05,1.31,0.87,0.70,0.0002,0.0003,0.22,0.01,71,5031.51,1628.83,3877.77,3.09,25.74,0.06,0.54,2.12,0.18,0.00,59.59,38.11,100.00,0.00,0.00,0.00,9.57,3.68,0.00,
2026-07-30,12:24:41.659,0.00,1.52,0.00,0.33,1.28,0.90,0.24,0.88,0.55,0.0034,0.0009,0.21,0.01,71,268.61,176.94,3878.39,1.52,12.65,0.00,0.03,0.69,0.17,0.00,60.17,38.97,100.00,0.00,0.00,0.00,6.12,0.23,0.00,
2026-07-30,12:24:42.659,0.07,3.16,0.02,1.01,3.93,1.26,1.51,0.88,0.20,0.0002,0.0003,0.23,0.01,71,5650.50,1785.82,3878.29,3.16,26.37,0.07,0.61,2.28,0.16,0.00,60.04,37.52,100.00,0.00,0.00,0.00,10.30,4.40,0.00,
2026-07-30,12:24:43.658,0.07,2.95,0.03,0.84,3.29,2.44,1.61,0.82,0.73,0.0004,0.0003,0.31,0.03,70,5781.13,1962.29,3878.25,2.95,24.55,0.07,0.62,3.00,9.53,0.00,50.66,36.82,100.00,0.00,0.00,0.00,10.70,4.65,0.00,
2026-07-30,12:24:44.659,0.01,1.92,0.00,0.39,1.51,1.12,0.20,0.83,0.64,0.0027,0.0005,0.22,0.01,71,412.91,214.74,3881.88,1.92,16.02,0.01,0.04,0.72,0.16,0.00,59.86,39.27,100.00,0.00,0.00,0.00,6.21,0.31,0.00,
2026-07-30,12:24:45.659,0.07,3.16,0.02,1.00,3.90,1.27,1.48,0.87,0.23,0.0002,0.0003,0.24,0.01,70,5637.86,1783.69,3877.85,3.16,26.34,0.07,0.61,2.30,0.22,0.00,60.05,37.44,100.00,0.00,0.00,0.00,10.29,4.39,0.00,
2026-07-30,12:24:46.659,0.07,3.12,0.02,0.97,3.78,1.33,1.51,0.88,0.21,0.0002,0.0003,0.24,0.01,70,5533.59,1775.73,3877.50,3.12,25.97,0.07,0.59,2.36,0.18,0.00,60.36,37.10,100.00,0.00,0.00,0.00,10.27,4.37,0.00,
2026-07-30,12:24:47.660,0.00,1.47,0.00,0.32,1.24,0.82,0.24,0.90,0.53,0.0031,0.0009,0.21,0.01,71,262.68,178.29,3881.70,1.47,12.28,0.00,0.03,0.72,0.70,0.00,59.59,38.99,100.00,0.00,0.00,0.00,6.15,0.24,0.00,
2026-07-30,12:24:48.660,0.07,2.96,0.02,0.87,3.41,2.27,1.56,0.84,0.72,0.0004,0.0003,0.30,0.02,51,5701.08,1924.84,3879.08,2.96,24.68,0.07,0.61,2.84,4.16,0.00,56.96,36.04,100.00,0.00,0.00,0.00,10.56,4.56,0.00,
2026-07-30,12:24:49.660,0.00,0.81,0.00,0.27,1.07,1.40,0.26,0.85,0.93,0.0073,0.0013,0.23,0.02,71,192.08,238.35,3877.73,0.81,6.72,0.00,0.02,1.12,8.62,0.00,51.96,38.31,100.00,0.00,0.00,0.00,6.22,0.20,0.00,
2026-07-30,12:24:50.661,0.08,2.72,0.03,0.94,3.67,16.30,1.65,0.46,0.53,0.0026,0.0003,1.08,0.28,60,6198.20,2281.36,3880.77,2.72,22.64,0.08,0.67,3.13,4.24,0.00,56.13,36.51,100.00,0.00,0.00,0.00,11.27,5.21,0.00,
2026-07-30,12:24:51.661,0.17,3.54,0.05,1.12,4.36,15.83,3.11,0.51,0.54,0.0012,0.0002,1.51,0.47,70,13122.48,3704.11,3878.94,3.54,29.52,0.17,1.41,4.27,6.13,0.00,54.11,35.49,100.00,0.00,0.00,0.00,17.59,11.27,0.00,
2026-07-30,12:24:52.661,0.00,1.55,0.00,0.33,1.30,0.75,0.21,0.89,0.55,0.0030,0.0008,0.20,0.01,71,255.33,164.41,3877.63,1.55,12.94,0.00,0.03,0.64,0.22,0.00,59.96,39.19,100.00,0.00,0.00,0.00,6.11,0.23,0.00,
2026-07-30,12:24:53.661,0.07,3.16,0.02,1.00,3.91,1.34,1.47,0.86,0.22,0.0002,0.0003,0.24,0.01,70,5605.55,1773.42,3879.87,3.16,26.34,0.07,0.60,2.28,0.18,0.00,59.95,37.58,100.00,0.00,0.00,0.00,10.27,4.37,0.00,
2026-07-30,12:24:54.661,0.07,3.15,0.02,1.02,3.96,1.33,1.44,0.86,0.21,0.0002,0.0003,0.24,0.01,70,5549.23,1761.05,3879.50,3.15,26.26,0.07,0.60,2.23,0.13,0.00,59.81,37.82,100.00,0.00,0.00,0.00,10.23,4.33,0.00,
2026-07-30,12:24:55.661,0.00,1.51,0.00,0.32,1.26,0.66,0.17,0.90,0.62,0.0026,0.0007,0.19,0.01,71,256.37,169.58,3877.37,1.51,12.60,0.00,0.03,0.68,0.20,0.00,59.85,39.27,100.00,0.00,0.00,0.00,6.09,0.21,0.00,
2026-07-30,12:24:56.662,0.08,2.93,0.03,0.96,3.73,3.57,1.83,0.77,0.35,0.0006,0.0003,0.40,0.02,71,5849.74,1999.14,3881.85,2.93,24.38,0.08,0.63,2.70,0.14,0.00,59.58,37.59,100.00,0.00,0.00,0.00,10.66,4.72,0.00,
2026-07-30,12:24:57.663,0.00,1.50,0.00,0.32,1.27,0.84,0.21,0.89,0.57,0.0031,0.0008,0.20,0.01,71,268.62,179.67,3881.21,1.50,12.46,0.00,0.03,0.71,0.14,0.00,59.86,39.28,100.00,0.00,0.00,0.00,6.11,0.22,0.00,
2026-07-30,12:24:58.662,0.07,3.17,0.02,1.01,3.93,1.22,1.44,0.87,0.21,0.0002,0.0003,0.23,0.01,71,5560.15,1755.43,3877.61,3.17,26.39,0.07,0.60,2.24,0.14,0.00,59.87,37.75,100.00,0.00,0.00,0.00,10.25,4.37,0.00,
2026-07-30,12:24:59.662,0.07,3.17,0.02,1.02,3.97,1.22,1.48,0.87,0.20,0.0002,0.0003,0.23,0.01,71,5611.36,1768.04,3877.94,3.17,26.45,0.07,0.60,2.24,0.11,0.00,59.87,37.78,100.00,0.00,0.00,0.00,10.29,4.39,0.00,
2026-07-30,12:25:00.662,0.00,1.58,0.00,0.33,1.30,0.98,0.16,0.84,0.66,0.0039,0.0006,0.22,0.02,71,253.64,160.68,3879.29,1.58,13.15,0.00,0.03,0.62,0.48,0.00,59.48,39.43,100.00,0.00,0.00,0.00,6.12,0.23,0.01,
2026-07-30,12:25:01.662,0.07,3.15,0.02,0.99,3.86,1.43,1.45,0.85,0.25,0.0003,0.0003,0.25,0.01,71,5617.05,1784.72,3877.59,3.15,26.23,0.07,0.60,2.32,1.03,0.00,59.05,37.60,100.00,0.00,0.00,0.00,10.27,4.34,0.00,
2026-07-30,12:25:02.663,0.07,3.16,0.02,1.01,3.95,1.24,1.46,0.87,0.21,0.0002,0.0003,0.23,0.01,70,5563.01,1761.19,3879.96,3.16,26.32,0.07,0.60,2.24,0.35,0.00,59.55,37.86,100.00,0.00,0.00,0.00,10.29,4.38,0.00,
2026-07-30,12:25:03.663,0.00,1.50,0.00,0.32,1.25,0.76,0.18,0.89,0.63,0.0029,0.0007,0.20,0.01,71,263.29,175.13,3879.76,1.50,12.53,0.00,0.03,0.70,0.17,0.00,59.93,39.20,100.00,0.00,0.00,0.00,6.12,0.23,0.00,
2026-07-30,12:25:04.663,0.07,3.17,0.02,1.01,3.94,1.23,1.45,0.87,0.21,0.0002,0.0003,0.23,0.01,71,5567.32,1757.83,3877.79,3.17,26.39,0.07,0.60,2.24,0.12,0.00,59.86,37.79,100.00,0.00,0.00,0.00,10.23,4.34,0.00,
2026-07-30,12:25:05.664,0.00,1.56,0.00,0.38,1.48,1.16,0.26,0.84,0.61,0.0032,0.0007,0.23,0.01,60,358.08,229.76,3881.43,1.56,12.99,0.00,0.04,0.78,0.24,0.00,59.82,39.16,100.00,0.00,0.00,0.00,6.25,0.35,0.00,
2026-07-30,12:25:06.664,0.07,3.20,0.02,1.00,3.88,1.70,1.40,0.84,0.26,0.0003,0.0002,0.25,0.02,71,5606.06,1753.68,3879.31,3.20,26.64,0.07,0.60,2.27,0.41,0.00,59.56,37.76,100.00,0.00,0.00,0.00,10.29,4.37,0.00,
2026-07-30,12:25:07.665,0.07,3.15,0.02,0.97,3.80,1.37,1.50,0.87,0.22,0.0002,0.0003,0.25,0.01,70,5614.50,1782.62,3882.04,3.15,26.25,0.07,0.60,2.36,0.42,0.00,59.64,37.57,100.00,0.00,0.00,0.00,10.36,4.42,0.00,
2026-07-30,12:25:08.666,0.00,1.52,0.00,0.33,1.29,0.71,0.19,0.90,0.61,0.0028,0.0007,0.20,0.01,71,254.89,167.22,3881.41,1.52,12.70,0.00,0.03,0.65,0.13,0.00,59.90,39.32,100.00,0.00,0.00,0.00,6.16,0.27,0.00,
2026-07-30,12:25:09.666,0.07,3.17,0.02,1.01,3.93,1.20,1.47,0.88,0.21,0.0002,0.0003,0.23,0.01,71,5636.39,1776.62,3879.57,3.17,26.44,0.07,0.61,2.28,0.17,0.00,59.98,37.58,100.00,0.00,0.00,0.00,10.37,4.46,0.00,
2026-07-30,12:25:10.667,0.07,3.13,0.02,1.00,3.90,1.73,1.44,0.82,0.33,0.0003,0.0003,0.27,0.01,70,5583.84,1781.84,3882.72,3.13,26.11,0.07,0.60,2.29,0.15,0.00,59.83,37.73,100.00,0.00,0.00,0.00,10.39,4.47,0.00,
2026-07-30,12:25:11.667,0.00,1.53,0.00,0.33,1.27,0.80,0.18,0.88,0.61,0.0031,0.0007,0.20,0.01,71,259.54,169.22,3877.49,1.53,12.78,0.00,0.03,0.67,0.20,0.00,59.91,39.23,100.00,0.00,0.00,0.00,6.11,0.22,0.00,
2026-07-30,12:25:12.668,0.07,3.17,0.02,1.02,3.99,1.15,1.43,0.87,0.23,0.0002,0.0003,0.23,0.01,71,5557.93,1751.42,3882.42,3.17,26.44,0.07,0.60,2.21,0.11,0.00,59.77,37.92,100.00,0.00,0.00,0.00,10.27,4.36,0.00,
2026-07-30,12:25:13.668,0.01,1.81,0.01,0.47,1.82,2.31,0.44,0.79,0.91,0.0024,0.0005,0.30,0.02,56,960.44,529.35,3879.05,1.81,15.12,0.01,0.10,1.46,4.92,0.00,55.80,37.82,100.00,0.00,0.00,0.00,6.89,0.86,0.00,
2026-07-30,12:25:14.669,0.07,3.21,0.02,1.01,3.94,0.89,1.26,0.90,0.21,0.0002,0.0002,0.21,0.01,71,5062.21,1575.55,3881.94,3.21,26.77,0.07,0.54,2.01,0.17,0.00,59.76,38.06,100.00,0.00,0.00,0.00,9.96,4.06,0.00,
2026-07-30,12:25:15.669,0.07,3.16,0.02,0.98,3.83,1.25,1.49,0.88,0.22,0.0002,0.0003,0.23,0.01,71,5568.84,1764.30,3879.82,3.16,26.30,0.07,0.60,2.32,0.20,0.00,59.86,37.62,100.00,0.00,0.00,0.00,10.34,4.43,0.00,
2026-07-30,12:25:16.670,0.00,1.52,0.00,0.32,1.24,0.80,0.21,0.89,0.57,0.0030,0.0008,0.21,0.01,71,263.45,173.17,3880.88,1.52,12.68,0.00,0.03,0.70,0.88,0.00,59.34,39.08,100.00,0.00,0.00,0.00,6.15,0.23,0.00,
2026-07-30,12:25:17.670,0.07,3.16,0.02,0.98,3.83,1.36,1.49,0.87,0.21,0.0002,0.0003,0.24,0.01,71,5594.20,1773.08,3878.19,3.16,26.29,0.07,0.60,2.33,0.18,0.00,60.09,37.41,100.00,0.00,0.00,0.00,10.32,4.42,0.00,
2026-07-30,12:25:18.669,0.08,2.99,0.03,0.88,3.45,2.21,1.59,0.83,0.71,0.0004,0.0003,0.29,0.02,70,5816.79,1948.41,3875.97,2.99,24.88,0.08,0.63,2.84,7.34,0.00,52.83,36.98,100.00,0.00,0.00,0.00,10.76,4.78,0.00,
2026-07-30,12:25:19.669,0.01,1.24,0.00,0.35,1.36,1.67,0.26,0.83,0.93,0.0042,0.0007,0.25,0.02,71,393.01,315.83,3877.63,1.24,10.37,0.01,0.04,1.17,10.22,0.00,50.86,37.76,100.00,0.00,0.00,0.00,6.49,0.47,0.00,
2026-07-30,12:25:20.669,0.07,3.15,0.02,0.99,3.88,1.13,1.45,0.89,0.22,0.0002,0.0003,0.23,0.01,71,5559.26,1765.54,3880.13,3.15,26.24,0.07,0.60,2.29,0.19,0.00,59.86,37.66,100.00,0.00,0.00,0.00,10.32,4.42,0.00,
2026-07-30,12:25:21.670,0.13,3.18,0.04,0.99,3.85,29.98,2.28,0.37,0.70,0.0030,0.0002,2.38,0.76,51,9965.23,3134.65,3881.46,3.18,26.49,0.13,1.07,4.09,8.65,0.00,51.66,35.60,100.00,0.00,0.00,0.00,15.88,9.45,0.00,
2026-07-30,12:25:22.670,0.05,3.10,0.02,0.92,3.58,0.80,0.95,0.90,0.72,0.0002,0.0003,0.20,0.01,71,3687.80,1190.19,3878.72,3.10,25.82,0.05,0.40,1.67,0.17,0.00,59.64,38.51,100.00,0.00,0.00,0.00,8.61,2.73,0.00,
2026-07-30,12:25:23.670,0.06,3.06,0.02,0.93,3.63,1.34,1.32,0.87,0.71,0.0003,0.0003,0.24,0.01,71,5009.23,1635.32,3877.72,3.06,25.53,0.06,0.54,2.26,0.21,0.00,59.55,37.98,100.00,0.00,0.00,0.00,9.64,3.73,0.00,
2026-07-30,12:25:24.671,0.00,1.55,0.00,0.33,1.30,0.69,0.17,0.90,0.64,0.0025,0.0006,0.19,0.01,71,274.77,177.50,3881.95,1.55,12.90,0.00,0.03,0.69,0.14,0.00,59.85,39.33,100.00,0.00,0.00,0.00,6.13,0.25,0.00,
2026-07-30,12:25:25.671,0.07,3.17,0.02,0.98,3.82,1.30,1.41,0.87,0.23,0.0002,0.0003,0.24,0.01,71,5426.72,1712.10,3877.88,3.17,26.41,0.07,0.58,2.25,0.19,0.00,59.98,37.58,100.00,0.00,0.00,0.00,10.16,4.26,0.00,
2026-07-30,12:25:26.671,0.07,3.18,0.02,1.02,3.98,1.10,1.43,0.88,0.22,0.0002,0.0003,0.22,0.01,70,5542.13,1744.00,3879.74,3.18,26.48,0.07,0.60,2.20,0.11,0.00,59.78,37.91,100.00,0.00,0.00,0.00,10.26,4.36,0.00,
2026-07-30,12:25:27.672,0.00,1.50,0.00,0.33,1.27,0.76,0.19,0.89,0.61,0.0030,0.0007,0.20,0.01,71,255.99,170.58,3879.03,1.50,12.51,0.00,0.03,0.67,0.15,0.00,59.77,39.41,100.00,0.00,0.00,0.00,6.11,0.23,0.00,
2026-07-30,12:25:28.672,0.07,3.14,0.02,0.97,3.79,1.29,1.47,0.88,0.23,0.0002,0.0003,0.23,0.01,71,5581.50,1777.53,3879.53,3.14,26.17,0.07,0.60,2.36,0.18,0.00,59.84,37.63,100.00,0.00,0.00,0.00,10.33,4.42,0.00,
2026-07-30,12:25:29.672,0.04,3.02,0.01,0.86,3.37,1.17,0.94,0.86,0.31,0.0004,0.0003,0.23,0.01,51,3307.95,1095.33,3878.19,3.02,25.17,0.04,0.36,1.63,0.38,0.00,59.73,38.26,100.00,0.00,0.00,0.00,8.48,2.57,0.00,
2026-07-30,12:25:30.672,0.03,3.07,0.01,0.85,3.33,0.72,0.69,0.90,0.31,0.0003,0.0003,0.20,0.01,71,2551.42,830.84,3880.60,3.07,25.59,0.03,0.27,1.26,0.13,0.00,59.84,38.77,100.00,0.00,0.00,0.00,7.95,2.08,0.00,
2026-07-30,12:25:31.672,0.07,3.16,0.02,1.00,3.89,1.33,1.46,0.87,0.22,0.0002,0.0003,0.24,0.01,70,5583.02,1765.30,3878.23,3.16,26.36,0.07,0.60,2.28,0.17,0.00,59.99,37.56,100.00,0.00,0.00,0.00,10.28,4.38,0.00,
2026-07-30,12:25:32.673,0.00,1.45,0.00,0.32,1.24,0.67,0.17,0.89,0.62,0.0026,0.0007,0.19,0.01,71,251.92,173.94,3879.70,1.45,12.07,0.00,0.03,0.70,0.13,0.00,59.80,39.37,100.00,0.00,0.00,0.00,6.14,0.25,0.00,
2026-07-30,12:25:33.673,0.07,3.16,0.02,0.99,3.84,1.27,1.46,0.87,0.22,0.0002,0.0003,0.23,0.01,71,5527.83,1750.77,3880.10,3.16,26.31,0.07,0.59,2.29,0.21,0.00,60.11,37.39,100.00,0.00,0.00,0.00,10.27,4.36,0.00,
2026-07-30,12:25:34.673,0.07,3.15,0.02,1.00,3.89,1.26,1.45,0.87,0.22,0.0002,0.0003,0.23,0.01,70,5524.57,1753.81,3877.88,3.15,26.25,0.07,0.59,2.27,0.11,0.00,59.82,37.81,100.00,0.00,0.00,0.00,10.25,4.35,0.00,
2026-07-30,12:25:35.672,0.00,1.53,0.00,0.32,1.25,0.78,0.18,0.88,0.63,0.0030,0.0007,0.20,0.01,71,262.98,172.20,3877.72,1.53,12.73,0.00,0.03,0.69,0.19,0.00,59.73,39.39,100.00,0.00,0.00,0.00,6.12,0.23,0.00,
2026-07-30,12:25:36.673,0.07,3.13,0.02,0.98,3.81,1.31,1.47,0.87,0.23,0.0002,0.0003,0.24,0.01,71,5577.40,1779.88,3881.66,3.13,26.11,0.07,0.60,2.35,0.45,0.00,59.54,37.66,100.00,0.00,0.00,0.00,10.34,4.42,0.00,
2026-07-30,12:25:37.674,0.06,3.08,0.02,0.94,3.65,1.21,1.17,0.87,0.26,0.0003,0.0003,0.23,0.01,51,4308.18,1399.09,3881.54,3.08,25.66,0.06,0.46,1.92,1.36,0.00,58.88,37.83,100.00,0.00,0.00,0.00,9.32,3.36,0.00,
2026-07-30,12:25:38.674,0.02,2.73,0.01,0.64,2.49,0.99,0.45,0.88,0.46,0.0007,0.0003,0.21,0.01,71,1479.62,541.25,3877.24,2.73,22.78,0.02,0.16,1.09,0.20,0.00,59.88,38.82,100.00,0.00,0.00,0.00,7.06,1.16,0.00,
2026-07-30,12:25:39.674,0.07,3.15,0.02,1.00,3.89,1.19,1.41,0.87,0.23,0.0002,0.0003,0.23,0.01,54,5488.67,1741.52,3879.04,3.15,26.26,0.07,0.59,2.25,0.15,0.00,59.63,37.98,100.00,0.00,0.00,0.00,10.19,4.29,0.00,
2026-07-30,12:25:40.675,0.00,1.01,0.00,0.25,0.99,0.44,0.09,0.92,0.74,0.0043,0.0009,0.17,0.00,71,103.68,102.23,3881.39,1.01,8.45,0.00,0.01,0.52,0.15,0.00,59.67,39.66,100.00,0.00,0.00,0.00,5.97,0.10,0.00,
2026-07-30,12:25:41.675,0.07,3.16,0.02,1.00,3.91,1.22,1.41,0.87,0.25,0.0002,0.0003,0.23,0.01,71,5513.53,1744.18,3877.62,3.16,26.34,0.07,0.59,2.25,0.25,0.00,59.80,37.70,100.00,0.00,0.00,0.00,10.25,4.35,0.00,
2026-07-30,12:25:42.674,0.07,3.16,0.02,1.00,3.91,1.24,1.41,0.86,0.25,0.0002,0.0003,0.23,0.01,70,5557.36,1755.99,3876.09,3.16,26.37,0.07,0.60,2.26,0.13,0.00,59.68,37.93,100.00,0.00,0.00,0.00,10.28,4.39,0.00,
2026-07-30,12:25:43.674,0.01,1.36,0.00,0.33,1.27,1.85,0.24,0.81,0.83,0.0044,0.0006,0.27,0.02,71,423.43,311.79,3879.13,1.36,11.32,0.01,0.05,1.24,12.73,0.00,47.81,38.22,100.00,0.00,0.00,0.00,6.54,0.48,0.00,
2026-07-30,12:25:44.674,0.07,3.13,0.02,0.98,3.83,1.72,1.42,0.83,0.29,0.0003,0.0002,0.26,0.01,70,5698.86,1821.32,3878.16,3.13,26.07,0.07,0.61,2.39,0.25,0.00,59.49,37.88,100.00,0.00,0.00,0.00,10.40,4.48,0.00,
2026-07-30,12:25:45.674,0.07,3.15,0.02,1.00,3.89,1.20,1.35,0.86,0.25,0.0002,0.0003,0.23,0.01,51,5288.29,1678.57,3877.07,3.15,26.25,0.07,0.57,2.17,0.18,0.00,59.86,37.79,100.00,0.00,0.00,0.00,10.05,4.14,0.00,
2026-07-30,12:25:46.675,0.01,2.08,0.00,0.44,1.70,0.92,0.21,0.86,0.77,0.0016,0.0004,0.21,0.01,70,572.36,274.97,3882.36,2.08,17.35,0.01,0.06,0.81,1.40,0.00,58.79,39.00,100.00,0.00,0.00,0.00,6.43,0.48,0.00,
2026-07-30,12:25:47.675,0.07,3.13,0.02,0.98,3.83,1.19,1.40,0.88,0.25,0.0002,0.0003,0.23,0.01,70,5475.19,1749.82,3877.64,3.13,26.07,0.07,0.59,2.30,0.16,0.00,59.86,37.68,100.00,0.00,0.00,0.00,10.25,4.34,0.00,
2026-07-30,12:25:48.675,0.01,1.22,0.00,0.34,1.33,1.64,0.24,0.84,0.94,0.0040,0.0006,0.25,0.02,71,406.73,333.63,3878.87,1.22,10.16,0.01,0.04,1.26,2.85,0.00,57.84,38.04,100.00,0.00,0.00,0.00,6.43,0.49,0.00,
2026-07-30,12:25:49.676,0.07,2.99,0.02,0.90,3.52,2.14,1.50,0.82,0.72,0.0004,0.0003,0.29,0.03,70,5611.90,1878.64,3881.08,2.99,24.89,0.07,0.60,2.68,16.32,0.00,44.18,36.82,100.00,0.00,0.00,0.00,10.74,4.61,0.00,
2026-07-30,12:25:50.676,0.07,3.16,0.02,1.00,3.89,1.35,1.40,0.85,0.27,0.0002,0.0003,0.24,0.01,70,5514.00,1744.88,3879.77,3.16,26.33,0.07,0.59,2.25,0.23,0.00,59.54,37.98,100.00,0.00,0.00,0.00,10.25,4.35,0.00,
2026-07-30,12:25:51.676,0.01,1.15,0.01,0.59,2.32,12.84,0.19,0.38,0.89,0.0173,0.0003,0.87,0.25,59,741.61,645.76,3878.38,1.15,9.57,0.01,0.08,1.40,3.26,0.00,56.57,38.76,100.00,0.00,0.00,0.00,7.06,1.05,0.00,
2026-07-30,12:25:52.676,0.17,3.51,0.05,1.13,4.41,19.37,3.13,0.45,0.59,0.0014,0.0002,1.79,0.54,70,13569.42,3868.87,3878.34,3.51,29.23,0.17,1.46,4.41,3.97,0.00,55.95,35.67,100.00,0.00,0.00,0.00,17.91,11.57,0.00,
2026-07-30,12:25:53.677,0.07,3.16,0.02,0.99,3.88,1.31,1.41,0.86,0.26,0.0002,0.0003,0.24,0.01,67,5525.36,1748.00,3882.15,3.16,26.34,0.07,0.59,2.27,0.23,0.00,59.77,37.73,100.00,0.00,0.00,0.00,10.26,4.35,0.00,
2026-07-30,12:25:54.677,0.00,1.61,0.00,0.34,1.34,0.79,0.11,0.85,0.79,0.0031,0.0004,0.20,0.01,70,256.46,159.03,3878.10,1.61,13.44,0.00,0.03,0.60,0.12,0.00,59.67,39.61,100.00,0.00,0.00,0.00,6.13,0.25,0.00,
2026-07-30,12:25:55.678,0.07,3.18,0.02,0.99,3.88,1.18,1.37,0.87,0.28,0.0002,0.0002,0.23,0.01,70,5506.93,1733.61,3883.21,3.18,26.47,0.07,0.59,2.25,0.21,0.00,59.52,38.03,100.00,0.00,0.00,0.00,10.21,4.32,0.00,
2026-07-30,12:25:56.678,0.00,1.65,0.00,0.35,1.35,0.64,0.10,0.87,0.78,0.0026,0.0004,0.19,0.00,71,249.10,151.14,3878.04,1.65,13.73,0.00,0.03,0.56,0.12,0.00,59.58,39.74,100.00,0.00,0.00,0.00,6.09,0.22,0.00,
2026-07-30,12:25:57.679,0.07,3.16,0.02,0.98,3.83,1.17,1.38,0.88,0.29,0.0002,0.0002,0.23,0.01,70,5526.29,1746.91,3881.30,3.16,26.36,0.07,0.59,2.29,0.15,0.00,59.69,37.87,100.00,0.00,0.00,0.00,10.25,4.35,0.00,
2026-07-30,12:25:58.679,0.07,3.17,0.02,0.98,3.82,1.20,1.37,0.87,0.28,0.0002,0.0003,0.23,0.01,71,5440.39,1718.04,3880.10,3.17,26.39,0.07,0.58,2.26,0.16,0.00,59.51,38.07,100.00,0.00,0.00,0.00,10.19,4.29,0.00,
2026-07-30,12:25:59.679,0.00,1.52,0.00,0.33,1.29,0.69,0.11,0.88,0.79,0.0027,0.0004,0.19,0.01,71,254.12,167.18,3879.36,1.52,12.67,0.00,0.03,0.65,0.16,0.00,59.69,39.50,100.00,0.00,0.00,0.00,6.12,0.24,0.00,
2026-07-30,12:26:00.679,0.07,3.18,0.02,1.01,3.93,1.58,1.37,0.82,0.28,0.0003,0.0003,0.26,0.02,71,5449.27,1714.60,3877.91,3.18,26.48,0.07,0.59,2.20,0.75,0.00,58.98,38.07,100.00,0.00,0.00,0.00,10.23,4.30,0.01,
2026-07-30,12:26:01.680,0.07,3.20,0.02,1.02,3.97,1.14,1.38,0.87,0.24,0.0002,0.0003,0.23,0.01,69,5462.97,1707.52,3881.68,3.20,26.66,0.07,0.59,2.16,0.11,0.00,59.86,37.86,100.00,0.00,0.00,0.00,10.14,4.25,0.00,
2026-07-30,12:26:02.680,0.00,1.62,0.00,0.34,1.33,0.63,0.12,0.89,0.77,0.0025,0.0005,0.19,0.01,71,258.89,159.39,3878.01,1.62,13.54,0.00,0.03,0.60,0.12,0.00,59.76,39.51,100.00,0.00,0.00,0.00,6.11,0.24,0.00,
2026-07-30,12:26:03.680,0.07,3.20,0.02,1.02,3.98,1.03,1.37,0.88,0.25,0.0002,0.0003,0.22,0.01,70,5443.05,1698.67,3877.53,3.20,26.70,0.07,0.58,2.15,0.13,0.00,59.89,37.83,100.00,0.00,0.00,0.00,10.13,4.24,0.00,
2026-07-30,12:26:04.680,0.01,1.83,0.00,0.42,1.64,1.44,0.16,0.82,0.88,0.0028,0.0003,0.24,0.02,71,512.07,279.44,3879.44,1.83,15.27,0.01,0.05,0.86,0.20,0.00,60.23,38.71,100.00,0.00,0.00,0.00,6.43,0.51,0.00,
2026-07-30,12:26:05.680,0.07,3.13,0.02,0.94,3.66,1.26,1.46,0.89,0.27,0.0002,0.0003,0.24,0.01,71,5477.08,1751.76,3877.71,3.13,26.06,0.07,0.59,2.41,0.26,0.00,60.96,36.37,100.00,0.00,0.00,0.00,10.26,4.34,0.00,
2026-07-30,12:26:06.681,0.07,3.16,0.02,0.97,3.80,1.16,1.45,0.89,0.25,0.0002,0.0003,0.23,0.01,70,5472.03,1732.47,3881.92,3.16,26.32,0.07,0.59,2.29,0.22,0.00,60.83,36.66,100.00,0.00,0.00,0.00,10.22,4.30,0.00,
2026-07-30,12:26:07.681,0.01,1.76,0.01,0.45,1.77,4.83,0.54,0.69,0.91,0.0045,0.0005,0.51,0.09,71,1083.51,616.96,3879.69,1.76,14.64,0.01,0.12,1.75,1.42,0.00,59.58,37.25,100.00,0.00,0.00,0.00,7.04,1.03,0.01,
2026-07-30,12:26:08.682,0.06,2.97,0.02,0.96,3.75,1.20,1.14,0.86,0.87,0.0003,0.0003,0.23,0.01,71,4435.20,1494.08,3881.61,2.97,24.74,0.06,0.48,2.00,0.13,0.00,59.28,38.60,100.00,0.00,0.00,0.00,9.03,3.12,0.00,
2026-07-30,12:26:09.682,0.06,3.00,0.02,1.01,3.94,0.97,1.13,0.87,0.86,0.0002,0.0003,0.22,0.01,69,4421.50,1472.64,3877.87,3.00,25.02,0.06,0.48,1.88,0.14,0.00,59.42,38.55,100.00,0.00,0.00,0.00,9.00,3.12,0.00,
2026-07-30,12:26:10.681,0.00,1.60,0.00,0.38,1.46,1.12,0.12,0.81,0.84,0.0039,0.0004,0.22,0.01,71,290.22,181.88,3877.79,1.60,13.30,0.00,0.03,0.63,0.20,0.00,59.50,39.67,100.00,0.00,0.00,0.00,6.14,0.26,0.00,
2026-07-30,12:26:11.682,0.06,2.94,0.02,0.95,3.70,1.13,1.14,0.87,0.86,0.0003,0.0003,0.23,0.01,71,4415.93,1500.20,3881.37,2.94,24.53,0.06,0.47,2.04,0.30,0.00,59.25,38.41,100.00,0.00,0.00,0.00,9.02,3.11,0.00,
2026-07-30,12:26:12.683,0.00,1.64,0.00,0.35,1.38,0.55,0.14,0.90,0.76,0.0022,0.0005,0.18,0.00,71,252.29,154.14,3879.72,1.64,13.64,0.00,0.03,0.56,0.12,0.00,60.12,39.20,100.00,0.00,0.00,0.00,6.09,0.21,0.00,
2026-07-30,12:26:13.683,0.06,2.74,0.02,0.83,3.25,2.13,1.22,0.82,0.90,0.0005,0.0003,0.29,0.02,71,4545.78,1656.96,3881.64,2.74,22.86,0.06,0.49,2.56,13.42,0.00,47.27,36.75,100.00,0.00,0.00,0.00,9.39,3.32,0.00,
2026-07-30,12:26:14.683,0.07,3.18,0.02,1.01,3.95,1.20,1.44,0.88,0.24,0.0002,0.0003,0.23,0.01,69,5503.23,1733.25,3877.65,3.18,26.46,0.07,0.59,2.21,0.47,0.00,60.81,36.52,100.00,0.00,0.00,0.00,10.18,4.28,0.00,
2026-07-30,12:26:15.683,0.00,1.48,0.00,0.34,1.31,0.58,0.15,0.91,0.70,0.0023,0.0006,0.19,0.00,71,252.21,169.92,3877.93,1.48,12.37,0.00,0.03,0.65,0.18,0.00,60.42,38.75,100.00,0.00,0.00,0.00,6.09,0.21,0.00,
2026-07-30,12:26:16.684,0.07,3.18,0.02,1.00,3.90,1.16,1.43,0.88,0.26,0.0002,0.0003,0.23,0.01,71,5512.41,1734.28,3879.55,3.18,26.49,0.07,0.59,2.24,0.15,0.00,60.52,37.10,100.00,0.00,0.00,0.00,10.23,4.31,0.00,
2026-07-30,12:26:17.683,0.09,3.08,0.03,0.94,3.68,3.48,1.53,0.76,0.50,0.0005,0.0002,0.39,0.02,70,6646.02,2157.12,3876.30,3.08,25.67,0.09,0.71,2.95,0.32,0.00,60.28,36.45,100.00,0.00,0.00,0.00,10.88,4.90,0.00,
2026-07-30,12:26:18.683,0.00,1.32,0.00,0.31,1.22,1.45,0.22,0.85,0.76,0.0042,0.0006,0.24,0.01,71,344.24,260.36,3877.63,1.32,11.02,0.00,0.04,1.08,0.91,0.00,60.17,37.85,100.00,0.00,0.00,0.00,6.26,0.33,0.00,
2026-07-30,12:26:19.684,0.07,2.91,0.03,0.87,3.38,2.21,1.49,0.81,0.83,0.0004,0.0003,0.30,0.03,70,5728.05,1968.59,3881.74,2.91,24.25,0.07,0.61,2.92,17.48,0.00,42.80,36.80,100.00,0.00,0.00,0.00,10.87,4.78,0.00,
2026-07-30,12:26:20.684,0.01,2.01,0.00,0.48,1.86,1.01,0.23,0.81,0.65,0.0019,0.0004,0.22,0.01,56,522.49,259.81,3879.92,2.01,16.76,0.01,0.06,0.70,0.13,0.00,59.78,39.39,100.00,0.00,0.00,0.00,6.35,0.47,0.00,
2026-07-30,12:26:21.685,0.07,3.30,0.02,1.08,4.21,0.58,1.24,0.92,0.18,0.0001,0.0002,0.19,0.00,70,5189.68,1572.48,3881.38,3.30,27.50,0.07,0.56,1.88,0.49,0.00,59.45,38.19,100.00,0.00,0.00,0.00,9.88,4.01,0.00,
2026-07-30,12:26:22.685,0.18,3.25,0.06,1.10,4.29,31.33,3.26,0.39,0.64,0.0022,0.0002,2.49,0.80,69,14210.94,4378.04,3877.71,3.25,27.05,0.18,1.53,5.13,10.98,0.00,49.80,34.09,100.00,0.00,0.00,0.00,18.58,12.12,0.00,
2026-07-30,12:26:23.685,0.00,1.66,0.00,0.35,1.38,0.61,0.12,0.88,0.73,0.0025,0.0005,0.19,0.01,70,244.07,146.76,3879.37,1.66,13.86,0.00,0.03,0.54,0.33,0.00,59.57,39.56,100.00,0.00,0.00,0.00,6.12,0.23,0.00,
2026-07-30,12:26:24.686,0.07,3.22,0.02,1.05,4.10,1.08,1.37,0.86,0.22,0.0002,0.0002,0.22,0.01,71,5475.05,1700.43,3881.38,3.22,26.83,0.07,0.59,2.09,0.13,0.00,59.76,38.03,100.00,0.00,0.00,0.00,10.18,4.29,0.00,
2026-07-30,12:26:25.686,0.07,3.21,0.02,1.04,4.07,0.95,1.39,0.88,0.22,0.0002,0.0003,0.21,0.01,70,5488.97,1710.91,3880.07,3.21,26.74,0.07,0.59,2.11,0.19,0.00,59.78,37.92,100.00,0.00,0.00,0.00,10.18,4.28,0.00,
2026-07-30,12:26:26.686,0.00,1.67,0.00,0.35,1.35,0.51,0.10,0.91,0.78,0.0020,0.0004,0.18,0.00,71,247.78,148.76,3877.81,1.67,13.88,0.00,0.03,0.55,0.11,0.00,59.65,39.68,100.00,0.00,0.00,0.00,6.10,0.23,0.00,
2026-07-30,12:26:27.686,0.07,3.19,0.02,1.00,3.89,1.12,1.39,0.88,0.27,0.0002,0.0003,0.22,0.01,71,5521.17,1731.00,3877.82,3.19,26.58,0.07,0.59,2.24,0.16,0.00,59.67,37.94,100.00,0.00,0.00,0.00,10.20,4.29,0.00,
2026-07-30,12:26:28.687,0.03,2.90,0.01,0.76,2.98,0.98,0.60,0.86,0.45,0.0005,0.0003,0.22,0.01,52,2133.34,735.31,3881.97,2.90,24.18,0.03,0.23,1.24,0.21,0.00,59.57,38.98,100.00,0.00,0.00,0.00,7.50,1.60,0.00,
2026-07-30,12:26:29.687,0.05,3.15,0.01,0.93,3.62,1.11,0.85,0.85,0.44,0.0003,0.0002,0.22,0.01,71,3518.10,1117.78,3878.97,3.15,26.23,0.05,0.38,1.55,0.20,0.00,59.74,38.50,100.00,0.00,0.00,0.00,8.69,2.79,0.00,
2026-07-30,12:26:30.688,0.07,3.21,0.02,1.03,4.00,1.08,1.38,0.87,0.24,0.0002,0.0003,0.22,0.01,49,5505.77,1717.50,3881.82,3.21,26.71,0.07,0.59,2.16,0.13,0.00,59.68,38.04,100.00,0.00,0.00,0.00,10.18,4.28,0.00,
2026-07-30,12:26:31.688,0.00,0.46,0.00,0.21,0.82,0.29,0.06,0.93,0.75,0.0102,0.0021,0.16,0.00,71,28.93,62.63,3879.28,0.46,3.85,0.00,0.00,0.38,0.14,0.00,59.71,39.77,100.00,0.00,0.00,0.00,5.87,0.02,0.00,
2026-07-30,12:26:32.689,0.07,3.21,0.02,1.01,3.94,1.08,1.35,0.88,0.25,0.0002,0.0002,0.23,0.01,71,5393.16,1678.69,3881.51,3.21,26.77,0.07,0.58,2.14,0.13,0.00,59.69,38.04,100.00,0.00,0.00,0.00,10.12,4.22,0.00,
2026-07-30,12:26:33.689,0.07,3.18,0.02,1.01,3.94,1.09,1.38,0.88,0.25,0.0002,0.0002,0.22,0.01,70,5513.69,1731.70,3879.89,3.18,26.53,0.07,0.59,2.21,0.16,0.00,59.82,37.82,100.00,0.00,0.00,0.00,10.24,4.33,0.00,
2026-07-30,12:26:34.690,0.00,1.65,0.00,0.35,1.36,0.63,0.11,0.88,0.75,0.0025,0.0004,0.19,0.00,71,248.48,150.99,3882.15,1.65,13.71,0.00,0.03,0.56,0.14,0.00,59.64,39.67,100.00,0.00,0.00,0.00,6.14,0.25,0.00,
2026-07-30,12:26:35.690,0.07,3.18,0.02,0.98,3.83,1.18,1.41,0.87,0.25,0.0002,0.0003,0.23,0.01,71,5458.24,1716.07,3878.23,3.18,26.51,0.07,0.59,2.25,0.20,0.00,59.87,37.67,100.00,0.00,0.00,0.00,10.15,4.26,0.00,
2026-07-30,12:26:36.691,0.05,3.13,0.02,0.96,3.75,1.11,1.03,0.84,0.29,0.0003,0.0003,0.23,0.01,50,3968.44,1266.85,3880.13,3.13,26.10,0.05,0.43,1.70,0.51,0.00,59.44,38.36,100.00,0.00,0.00,0.00,8.93,3.03,0.00,
2026-07-30,12:26:37.691,0.02,2.96,0.01,0.77,3.02,0.56,0.45,0.91,0.41,0.0003,0.0003,0.18,0.00,71,1687.67,569.28,3879.97,2.96,24.70,0.02,0.18,0.95,0.28,0.00,59.67,39.11,100.00,0.00,0.00,0.00,7.33,1.46,0.00,
2026-07-30,12:26:38.691,0.07,3.20,0.02,1.01,3.94,1.06,1.37,0.88,0.25,0.0002,0.0003,0.23,0.01,71,5482.66,1715.11,3877.64,3.20,26.64,0.07,0.59,2.19,0.29,0.00,59.56,37.96,100.00,0.00,0.00,0.00,10.18,4.28,0.00,
2026-07-30,12:26:39.691,0.00,1.72,0.00,0.37,1.43,0.47,0.11,0.90,0.73,0.0020,0.0005,0.18,0.00,71,237.41,138.10,3879.81,1.72,14.33,0.00,0.03,0.48,0.10,0.00,59.73,39.68,100.00,0.00,0.00,0.00,6.08,0.22,0.00,
2026-07-30,12:26:40.692,0.07,3.21,0.02,1.05,4.08,1.10,1.38,0.86,0.24,0.0002,0.0003,0.22,0.01,70,5480.55,1707.34,3883.27,3.21,26.75,0.07,0.59,2.10,0.27,0.00,59.61,38.02,100.00,0.00,0.00,0.00,10.17,4.27,0.00,
2026-07-30,12:26:41.692,0.07,3.22,0.02,1.04,4.08,1.06,1.39,0.87,0.23,0.0002,0.0003,0.22,0.01,70,5478.59,1701.73,3878.01,3.22,26.83,0.07,0.59,2.10,0.15,0.00,59.78,37.97,100.00,0.00,0.00,0.00,10.17,4.29,0.00,
2026-07-30,12:26:42.692,0.00,1.75,0.00,0.37,1.43,0.56,0.11,0.87,0.74,0.0023,0.0004,0.19,0.00,70,242.44,138.91,3879.67,1.75,14.54,0.00,0.03,0.49,0.20,0.00,59.58,39.72,100.00,0.00,0.00,0.00,6.10,0.23,0.00,
2026-07-30,12:26:43.692,0.07,2.99,0.02,0.88,3.42,2.08,1.47,0.82,0.74,0.0004,0.0003,0.28,0.02,71,5609.56,1875.04,3877.91,2.99,24.93,0.07,0.60,2.76,11.07,0.00,49.50,36.68,100.00,0.00,0.00,0.00,10.46,4.43,0.00,
2026-07-30,12:26:44.693,0.07,3.19,0.02,1.05,4.10,1.45,1.36,0.82,0.27,0.0003,0.0002,0.25,0.01,65,5572.07,1744.50,3881.52,3.19,26.62,0.07,0.60,2.14,0.16,0.00,59.72,37.98,100.00,0.00,0.00,0.00,10.25,4.35,0.00,
2026-07-30,12:26:45.693,0.00,1.59,0.00,0.35,1.36,0.62,0.15,0.89,0.68,0.0025,0.0006,0.19,0.00,71,249.69,157.35,3877.66,1.59,13.22,0.00,0.03,0.58,0.15,0.00,60.56,38.70,100.00,0.00,0.00,0.00,6.13,0.25,0.00,
2026-07-30,12:26:46.693,0.07,3.17,0.02,0.97,3.80,1.14,1.42,0.88,0.25,0.0002,0.0003,0.23,0.01,70,5457.52,1723.79,3879.81,3.17,26.38,0.07,0.59,2.28,0.23,0.00,60.80,36.69,100.00,0.00,0.00,0.00,10.13,4.23,0.00,
2026-07-30,12:26:47.693,0.00,1.68,0.00,0.35,1.35,0.63,0.13,0.89,0.70,0.0024,0.0005,0.19,0.00,70,260.43,155.38,3877.61,1.68,13.97,0.00,0.03,0.58,0.51,0.00,59.88,39.04,100.00,0.00,0.00,0.00,6.10,0.22,0.00,
2026-07-30,12:26:48.693,0.07,3.17,0.02,1.02,3.98,1.16,1.36,0.87,0.25,0.0002,0.0002,0.23,0.01,71,5490.70,1732.20,3879.44,3.17,26.41,0.07,0.59,2.19,0.12,0.00,59.87,37.82,100.00,0.00,0.00,0.00,10.17,4.27,0.00,
2026-07-30,12:26:49.693,0.07,2.84,0.03,0.82,3.20,2.86,1.53,0.79,0.83,0.0005,0.0003,0.33,0.04,70,5798.28,2041.16,3877.78,2.84,23.67,0.07,0.62,3.20,11.52,0.00,48.63,36.64,100.00,0.00,0.00,0.00,10.85,4.76,0.00,
2026-07-30,12:26:50.693,0.00,1.64,0.00,0.34,1.34,0.58,0.10,0.89,0.77,0.0023,0.0004,0.19,0.00,71,248.35,151.57,3877.84,1.64,13.65,0.00,0.03,0.57,0.21,0.00,59.55,39.67,100.00,0.00,0.00,0.00,6.14,0.25,0.00,
2026-07-30,12:26:51.693,0.07,3.16,0.02,1.03,4.03,1.11,1.34,0.86,0.25,0.0002,0.0002,0.22,0.01,71,5489.40,1736.52,3879.81,3.16,26.34,0.07,0.59,2.17,0.15,0.00,59.56,38.12,100.00,0.00,0.00,0.00,10.23,4.32,0.00,
2026-07-30,12:26:52.693,0.07,2.94,0.03,0.93,3.63,5.19,1.41,0.64,0.45,0.0009,0.0002,0.45,0.08,67,5759.72,1959.18,3877.62,2.94,24.50,0.07,0.62,2.71,1.95,0.00,58.25,37.08,100.00,0.00,0.00,0.00,10.65,4.69,0.00,
2026-07-30,12:26:53.694,0.12,3.35,0.03,1.10,4.29,27.73,2.06,0.35,0.71,0.0031,0.0002,2.31,0.75,70,9026.28,2696.24,3880.56,3.35,27.90,0.12,0.97,3.16,5.33,0.00,54.92,36.59,100.00,0.00,0.00,0.00,14.67,8.28,0.00,
2026-07-30,12:26:54.694,0.07,3.17,0.02,1.02,3.99,1.19,1.37,0.86,0.25,0.0002,0.0002,0.23,0.01,70,5545.70,1748.46,3879.78,3.17,26.43,0.07,0.60,2.20,0.23,0.00,59.58,37.99,100.00,0.00,0.00,0.00,10.24,4.33,0.00,
2026-07-30,12:26:55.695,0.00,1.65,0.00,0.35,1.37,0.50,0.10,0.90,0.77,0.0021,0.0004,0.18,0.00,71,241.16,145.76,3881.58,1.65,13.79,0.00,0.03,0.53,0.21,0.00,59.63,39.62,100.00,0.00,0.00,0.00,6.10,0.23,0.00,
2026-07-30,12:26:56.696,0.08,2.96,0.03,0.99,3.84,3.13,1.74,0.77,0.37,0.0005,0.0003,0.38,0.02,71,5828.10,1969.48,3879.45,2.96,24.66,0.08,0.63,2.58,0.13,0.00,59.45,37.84,100.00,0.00,0.00,0.00,10.65,4.73,0.00,
2026-07-30,12:26:57.696,0.07,3.17,0.02,0.98,3.83,1.11,1.37,0.87,0.24,0.0002,0.0002,0.22,0.01,69,5513.27,1738.55,3880.05,3.17,26.43,0.07,0.59,2.28,0.11,0.00,59.69,37.91,100.00,0.00,0.00,0.00,10.22,4.32,0.00,
2026-07-30,12:26:58.695,0.00,1.79,0.00,0.38,1.47,0.46,0.10,0.89,0.71,0.0019,0.0004,0.18,0.00,71,234.98,131.08,3877.47,1.79,14.94,0.00,0.03,0.45,0.08,0.00,59.77,39.70,100.00,0.00,0.00,0.00,6.09,0.23,0.00,
2026-07-30,12:26:59.696,0.07,3.20,0.02,1.06,4.12,0.97,1.41,0.88,0.23,0.0002,0.0003,0.22,0.01,71,5635.99,1760.08,3881.47,3.20,26.68,0.07,0.61,2.14,0.22,0.00,59.67,37.96,100.00,0.00,0.00,0.00,10.28,4.38,0.00,
2026-07-30,12:27:00.696,0.07,3.18,0.02,1.02,3.96,1.18,1.41,0.86,0.26,0.0002,0.0003,0.23,0.01,70,5622.69,1769.11,3878.06,3.18,26.49,0.07,0.60,2.24,0.25,0.00,59.57,37.93,100.00,0.00,0.00,0.00,10.33,4.43,0.01,
2026-07-30,12:27:01.696,0.00,1.83,0.00,0.36,1.39,0.69,0.11,0.88,0.84,0.0020,0.0003,0.19,0.01,70,343.30,187.15,3877.59,1.83,15.29,0.00,0.04,0.68,0.23,0.00,59.66,39.43,100.00,0.00,0.00,0.00,6.17,0.28,0.00,
2026-07-30,12:27:02.696,0.07,3.20,0.02,1.04,4.04,1.08,1.40,0.87,0.24,0.0002,0.0002,0.22,0.01,71,5656.09,1770.07,3879.96,3.20,26.63,0.07,0.61,2.20,0.11,0.00,59.62,38.07,100.00,0.00,0.00,0.00,10.31,4.39,0.00,
2026-07-30,12:27:03.696,0.00,1.67,0.00,0.35,1.36,0.47,0.11,0.91,0.73,0.0020,0.0004,0.18,0.00,71,239.18,142.95,3879.47,1.67,13.94,0.00,0.03,0.53,0.16,0.00,59.77,39.54,100.00,0.00,0.00,0.00,6.11,0.23,0.00,
2026-07-30,12:27:04.696,0.07,3.20,0.02,1.05,4.08,1.10,1.40,0.87,0.24,0.0002,0.0002,0.22,0.01,71,5620.64,1756.62,3877.65,3.20,26.66,0.07,0.60,2.17,0.10,0.00,59.70,38.03,100.00,0.00,0.00,0.00,10.30,4.40,0.00,
2026-07-30,12:27:05.696,0.07,3.18,0.02,1.00,3.89,1.13,1.42,0.88,0.25,0.0002,0.0003,0.23,0.01,70,5638.41,1771.05,3877.51,3.18,26.53,0.07,0.61,2.29,0.28,0.00,59.68,37.75,100.00,0.00,0.00,0.00,10.24,4.34,0.00,
2026-07-30,12:27:06.697,0.00,1.69,0.00,0.36,1.39,1.35,0.10,0.77,0.83,0.0050,0.0004,0.23,0.02,71,269.99,159.67,3881.88,1.69,14.09,0.00,0.03,0.58,0.40,0.00,59.26,39.76,100.00,0.00,0.00,0.00,6.17,0.27,0.00,
2026-07-30,12:27:07.697,0.07,3.17,0.02,1.01,3.94,1.29,1.39,0.85,0.26,0.0002,0.0002,0.24,0.01,70,5608.27,1768.74,3877.53,3.17,26.42,0.07,0.60,2.26,0.35,0.00,59.41,37.99,100.00,0.00,0.00,0.00,10.28,4.37,0.00,
2026-07-30,12:27:08.697,0.07,3.22,0.02,1.05,4.10,0.96,1.38,0.88,0.23,0.0002,0.0002,0.21,0.01,69,5550.71,1724.87,3878.14,3.22,26.82,0.07,0.60,2.11,0.11,0.00,59.71,38.06,100.00,0.00,0.00,0.00,10.24,4.35,0.00,
2026-07-30,12:27:09.697,0.00,1.57,0.00,0.34,1.31,0.53,0.10,0.91,0.77,0.0022,0.0004,0.18,0.00,71,244.84,155.93,3881.56,1.57,13.08,0.00,0.03,0.60,0.13,0.00,59.72,39.55,100.00,0.00,0.00,0.00,6.10,0.23,0.00,
2026-07-30,12:27:10.698,0.07,3.18,0.02,1.02,3.99,1.54,1.40,0.83,0.35,0.0003,0.0002,0.25,0.01,71,5623.95,1770.92,3881.44,3.18,26.46,0.07,0.60,2.23,0.11,0.00,59.54,38.12,100.00,0.00,0.00,0.00,10.32,4.41,0.00,
2026-07-30,12:27:11.698,0.00,1.74,0.00,0.35,1.38,0.56,0.12,0.88,0.72,0.0023,0.0005,0.18,0.00,71,244.98,140.81,3877.77,1.74,14.50,0.00,0.03,0.51,0.17,0.00,59.71,39.60,100.00,0.00,0.00,0.00,6.09,0.23,0.00,
2026-07-30,12:27:12.698,0.07,3.23,0.02,1.06,4.15,1.00,1.38,0.87,0.23,0.0002,0.0002,0.22,0.01,71,5570.49,1722.18,3879.51,3.23,26.95,0.07,0.60,2.09,0.08,0.00,59.69,38.14,100.00,0.00,0.00,0.00,10.25,4.36,0.00,
2026-07-30,12:27:13.698,0.07,3.00,0.02,0.88,3.45,2.15,1.48,0.82,0.74,0.0004,0.0003,0.29,0.02,70,5676.70,1895.30,3877.98,3.00,24.96,0.07,0.61,2.76,6.85,0.00,53.20,37.19,100.00,0.00,0.00,0.00,10.65,4.64,0.00,
2026-07-30,12:27:14.699,0.00,1.74,0.00,0.36,1.40,0.60,0.10,0.87,0.74,0.0025,0.0004,0.19,0.00,70,238.19,136.77,3881.57,1.74,14.51,0.00,0.03,0.49,0.17,0.00,59.73,39.61,100.00,0.00,0.00,0.00,6.09,0.23,0.00,
2026-07-30,12:27:15.699,0.07,3.21,0.02,1.05,4.09,1.12,1.39,0.86,0.23,0.0002,0.0003,0.23,0.01,70,5517.94,1717.62,3878.18,3.21,26.77,0.07,0.59,2.11,0.14,0.00,59.77,37.97,100.00,0.00,0.00,0.00,10.19,4.30,0.00,
2026-07-30,12:27:16.699,0.07,3.21,0.02,1.04,4.04,1.10,1.42,0.87,0.23,0.0002,0.0003,0.22,0.01,69,5582.78,1739.75,3879.85,3.21,26.74,0.07,0.60,2.16,0.15,0.00,59.80,37.89,100.00,0.00,0.00,0.00,10.21,4.32,0.00,
2026-07-30,12:27:17.700,0.01,2.42,0.01,0.58,2.25,2.05,0.17,0.72,0.81,0.0020,0.0002,0.28,0.01,71,1032.50,426.38,3877.70,2.42,20.18,0.01,0.11,0.95,0.11,0.00,59.48,39.46,100.00,0.00,0.00,0.00,6.57,0.66,0.00,
2026-07-30,12:27:18.699,0.07,3.19,0.02,1.01,3.93,1.10,1.41,0.88,0.24,0.0002,0.0003,0.22,0.01,70,5568.68,1745.88,3876.25,3.19,26.58,0.07,0.60,2.23,0.17,0.00,59.71,37.89,100.00,0.00,0.00,0.00,10.24,4.35,0.00,
2026-07-30,12:27:19.698,0.01,1.25,0.01,0.36,1.40,2.15,0.26,0.78,0.94,0.0041,0.0005,0.28,0.03,70,525.48,420.26,3877.59,1.25,10.42,0.01,0.06,1.51,21.63,0.00,39.66,37.19,100.00,0.00,0.00,0.00,6.79,0.63,0.00,
2026-07-30,12:27:20.699,0.07,3.21,0.02,1.03,4.02,1.09,1.39,0.87,0.24,0.0002,0.0002,0.22,0.01,70,5559.30,1731.59,3881.63,3.21,26.75,0.07,0.60,2.16,0.15,0.00,59.68,38.01,100.00,0.00,0.00,0.00,10.26,4.36,0.00,
2026-07-30,12:27:21.700,0.07,3.18,0.02,1.03,4.01,1.09,1.42,0.87,0.24,0.0002,0.0003,0.22,0.01,68,5591.53,1756.37,3881.51,3.18,26.53,0.07,0.60,2.20,0.63,0.00,59.28,37.88,100.00,0.00,0.00,0.00,10.28,4.36,0.00,
2026-07-30,12:27:22.700,0.00,0.59,0.00,0.21,0.82,0.29,0.06,0.93,0.75,0.0075,0.0016,0.16,0.00,71,38.05,64.96,3877.94,0.59,4.88,0.00,0.00,0.40,0.11,0.00,59.71,39.79,100.00,0.00,0.00,0.00,5.84,0.00,0.00,
2026-07-30,12:27:23.700,0.18,3.29,0.06,1.11,4.31,30.72,3.16,0.36,0.62,0.0022,0.0002,2.43,0.72,53,14207.96,4324.14,3877.50,3.29,27.38,0.18,1.53,5.04,6.90,0.00,53.42,34.63,100.00,0.00,0.00,0.00,19.18,12.76,0.00,
2026-07-30,12:27:24.701,0.08,3.17,0.02,1.03,4.02,3.29,1.62,0.72,0.43,0.0005,0.0003,0.42,0.13,69,6123.88,1934.09,3881.44,3.17,26.39,0.08,0.66,2.41,0.34,0.00,59.77,37.47,100.00,0.00,0.00,0.00,10.93,4.99,0.00,
2026-07-30,12:27:25.701,0.00,1.65,0.00,0.34,1.32,0.59,0.11,0.89,0.75,0.0024,0.0004,0.19,0.01,71,249.38,151.05,3880.10,1.65,13.76,0.00,0.03,0.57,0.16,0.00,59.70,39.57,100.00,0.00,0.00,0.00,6.09,0.21,0.00,
2026-07-30,12:27:26.702,0.07,3.22,0.02,1.05,4.11,1.01,1.37,0.87,0.23,0.0002,0.0002,0.22,0.01,70,5551.99,1725.79,3881.31,3.22,26.81,0.07,0.60,2.11,0.10,0.00,59.65,38.14,100.00,0.00,0.00,0.00,10.24,4.35,0.00,
2026-07-30,12:27:27.702,0.00,1.75,0.00,0.36,1.42,0.51,0.10,0.88,0.77,0.0021,0.0004,0.18,0.00,71,242.83,138.38,3877.83,1.75,14.62,0.00,0.03,0.49,0.16,0.00,59.62,39.73,100.00,0.00,0.00,0.00,6.10,0.23,0.00,
2026-07-30,12:27:28.701,0.07,3.23,0.02,1.06,4.12,1.04,1.38,0.86,0.24,0.0002,0.0002,0.22,0.01,70,5556.93,1720.86,3877.84,3.23,26.91,0.07,0.60,2.10,0.09,0.00,59.65,38.15,100.00,0.00,0.00,0.00,10.16,4.29,0.00,
2026-07-30,12:27:29.702,0.07,3.19,0.02,1.03,4.00,1.04,1.37,0.88,0.25,0.0002,0.0002,0.22,0.01,70,5516.79,1728.49,3881.15,3.19,26.60,0.07,0.59,2.17,0.13,0.00,59.80,37.91,100.00,0.00,0.00,0.00,10.17,4.28,0.00,
2026-07-30,12:27:30.702,0.00,1.69,0.00,0.35,1.37,0.51,0.09,0.89,0.77,0.0021,0.0004,0.18,0.00,71,241.04,142.90,3879.86,1.69,14.06,0.00,0.03,0.53,0.11,0.00,59.71,39.65,100.00,0.00,0.00,0.00,6.10,0.22,0.00,
2026-07-30,12:27:31.703,0.07,3.20,0.02,1.03,4.00,1.18,1.40,0.86,0.25,0.0002,0.0002,0.23,0.01,71,5600.75,1749.66,3881.74,3.20,26.68,0.07,0.60,2.20,0.13,0.00,59.69,37.99,100.00,0.00,0.00,0.00,10.26,4.37,0.00,
2026-07-30,12:27:32.704,0.07,3.22,0.02,1.04,4.05,1.04,1.38,0.87,0.24,0.0002,0.0002,0.22,0.01,70,5573.20,1732.72,3881.29,3.22,26.80,0.07,0.60,2.15,0.14,0.00,59.61,38.11,100.00,0.00,0.00,0.00,10.23,4.35,0.00,
2026-07-30,12:27:33.704,0.00,1.63,0.00,0.34,1.33,0.56,0.11,0.90,0.76,0.0023,0.0004,0.18,0.00,71,244.66,150.38,3879.14,1.63,13.56,0.00,0.03,0.57,0.17,0.00,59.84,39.42,100.00,0.00,0.00,0.00,6.10,0.24,0.00,
2026-07-30,12:27:34.705,0.07,3.23,0.02,1.05,4.11,1.05,1.39,0.86,0.22,0.0002,0.0002,0.22,0.01,71,5608.99,1737.32,3881.40,3.23,26.90,0.07,0.60,2.12,0.11,0.00,59.70,38.07,100.00,0.00,0.00,0.00,10.24,4.35,0.00,
2026-07-30,12:27:35.706,0.00,1.69,0.00,0.36,1.41,0.80,0.16,0.85,0.71,0.0027,0.0005,0.20,0.01,62,299.08,177.28,3879.36,1.69,14.06,0.00,0.03,0.63,0.18,0.00,59.66,39.53,100.00,0.00,0.00,0.00,6.13,0.24,0.00,
2026-07-30,12:27:36.706,0.07,3.23,0.02,1.06,4.15,0.90,1.33,0.88,0.22,0.0002,0.0002,0.21,0.01,71,5500.86,1702.00,3879.77,3.23,26.93,0.07,0.59,2.06,0.70,0.00,59.04,38.19,100.00,0.00,0.00,0.00,10.22,4.32,0.00,
2026-07-30,12:27:37.706,0.07,3.20,0.02,1.03,4.02,1.08,1.40,0.87,0.25,0.0002,0.0002,0.22,0.01,71,5611.81,1754.39,3880.99,3.20,26.66,0.07,0.60,2.19,0.17,0.00,59.66,37.97,100.00,0.00,0.00,0.00,10.33,4.43,0.00,
2026-07-30,12:27:38.707,0.00,1.72,0.00,0.36,1.42,0.54,0.11,0.88,0.71,0.0023,0.0005,0.18,0.00,71,238.83,138.65,3881.73,1.72,14.35,0.00,0.03,0.49,0.10,0.00,59.77,39.64,100.00,0.00,0.00,0.00,6.09,0.23,0.00,
2026-07-30,12:27:39.707,0.07,3.25,0.02,1.09,4.24,0.93,1.36,0.86,0.20,0.0002,0.0002,0.21,0.01,71,5472.51,1682.77,3877.61,3.25,27.10,0.07,0.59,1.99,0.13,0.00,59.82,38.06,100.00,0.00,0.00,0.00,10.13,4.26,0.00,
2026-07-30,12:27:40.707,0.07,3.21,0.02,1.03,4.02,0.99,1.39,0.87,0.23,0.0002,0.0002,0.22,0.01,70,5588.95,1739.73,3877.56,3.21,26.77,0.07,0.60,2.17,0.17,0.00,59.62,38.04,100.00,0.00,0.00,0.00,10.18,4.30,0.00,
2026-07-30,12:27:41.707,0.00,1.77,0.00,0.37,1.45,0.49,0.11,0.88,0.69,0.0021,0.0005,0.18,0.00,71,237.27,133.75,3879.53,1.77,14.78,0.00,0.03,0.46,0.17,0.00,59.78,39.59,100.00,0.00,0.00,0.00,6.09,0.24,0.00,
2026-07-30,12:27:42.707,0.07,3.23,0.02,1.03,4.03,1.01,1.39,0.87,0.24,0.0002,0.0002,0.22,0.01,70,5571.42,1726.50,3877.96,3.23,26.89,0.07,0.60,2.15,0.12,0.00,59.73,37.99,100.00,0.00,0.00,0.00,10.23,4.35,0.00,
2026-07-30,12:27:43.708,0.01,1.91,0.01,0.49,1.90,2.00,0.40,0.78,0.91,0.0020,0.0004,0.28,0.02,56,980.74,514.40,3881.47,1.91,15.89,0.01,0.11,1.36,8.14,0.00,51.99,38.51,100.00,0.00,0.00,0.00,6.94,0.94,0.00,
2026-07-30,12:27:44.709,0.07,3.27,0.02,1.09,4.25,0.85,1.19,0.87,0.22,0.0002,0.0002,0.20,0.01,71,5108.70,1559.99,3881.63,3.27,27.29,0.07,0.55,1.84,0.25,0.00,59.58,38.33,100.00,0.00,0.00,0.00,9.85,3.96,0.00,
2026-07-30,12:27:45.709,0.07,3.19,0.02,1.02,3.98,1.03,1.39,0.88,0.24,0.0002,0.0003,0.22,0.01,70,5539.61,1735.02,3880.00,3.19,26.61,0.07,0.59,2.19,0.40,0.00,59.49,37.92,100.00,0.00,0.00,0.00,10.21,4.30,0.00,
2026-07-30,12:27:46.709,0.00,1.65,0.00,0.35,1.35,0.63,0.14,0.88,0.74,0.0025,0.0006,0.19,0.00,71,255.53,154.91,3877.71,1.65,13.75,0.00,0.03,0.58,0.30,0.00,59.96,39.16,100.00,0.00,0.00,0.00,6.10,0.22,0.00,
2026-07-30,12:27:47.709,0.07,3.21,0.02,1.03,4.00,1.13,1.39,0.87,0.24,0.0002,0.0003,0.23,0.01,71,5561.01,1733.63,3877.44,3.21,26.73,0.07,0.60,2.18,0.14,0.00,59.82,37.86,100.00,0.00,0.00,0.00,10.19,4.30,0.00,
2026-07-30,12:27:48.709,0.07,3.22,0.02,1.04,4.06,1.02,1.39,0.87,0.23,0.0002,0.0002,0.22,0.01,70,5584.57,1735.21,3881.66,3.22,26.82,0.07,0.60,2.15,0.16,0.00,59.78,37.92,100.00,0.00,0.00,0.00,10.27,4.37,0.00,
2026-07-30,12:27:49.710,0.01,1.15,0.01,0.37,1.45,2.31,0.29,0.79,0.96,0.0044,0.0005,0.29,0.03,70,531.00,460.09,3881.44,1.15,9.62,0.01,0.06,1.59,12.72,0.00,48.39,37.30,100.00,0.00,0.00,0.00,6.82,0.70,0.00,
2026-07-30,12:27:50.711,0.07,3.19,0.02,1.02,3.96,1.11,1.38,0.87,0.26,0.0002,0.0002,0.23,0.01,71,5521.62,1729.92,3879.41,3.19,26.60,0.07,0.59,2.20,0.19,0.00,59.58,38.04,100.00,0.00,0.00,0.00,10.20,4.30,0.00,
2026-07-30,12:27:51.711,0.03,2.90,0.01,0.77,3.00,1.06,0.58,0.84,0.44,0.0005,0.0003,0.23,0.01,51,2129.95,734.47,3880.08,2.90,24.17,0.03,0.23,1.23,0.46,0.00,59.29,39.02,100.00,0.00,0.00,0.00,7.53,1.64,0.00,
2026-07-30,12:27:52.712,0.05,3.19,0.01,0.99,3.85,0.62,0.86,0.90,0.27,0.0002,0.0002,0.19,0.00,70,3571.11,1119.54,3881.22,3.19,26.58,0.05,0.38,1.46,0.12,0.00,59.67,38.75,100.00,0.00,0.00,0.00,8.71,2.84,0.00,
2026-07-30,12:27:53.712,0.07,3.20,0.02,1.03,4.01,1.04,1.40,0.88,0.25,0.0002,0.0003,0.22,0.01,70,5583.90,1743.37,3880.01,3.20,26.69,0.07,0.60,2.19,0.15,0.00,59.76,37.90,100.00,0.00,0.00,0.00,10.22,4.32,0.00,
2026-07-30,12:27:54.713,0.12,3.23,0.04,1.04,4.07,32.92,2.06,0.33,0.74,0.0034,0.0002,2.62,0.85,70,9639.27,2984.76,3882.04,3.23,26.91,0.12,1.03,3.69,6.18,0.00,54.12,36.02,100.00,0.00,0.00,0.00,15.68,9.22,0.00,
2026-07-30,12:27:55.713,0.07,3.20,0.02,1.05,4.09,1.11,1.41,0.86,0.23,0.0002,0.0003,0.22,0.01,71,5610.28,1754.79,3879.63,3.20,26.64,0.07,0.60,2.16,0.20,0.00,59.64,38.00,100.00,0.00,0.00,0.00,10.27,4.37,0.00,
2026-07-30,12:27:56.714,0.07,3.20,0.02,1.04,4.07,1.08,1.41,0.86,0.25,0.0002,0.0002,0.23,0.01,70,5681.41,1775.61,3881.44,3.20,26.66,0.07,0.61,2.19,0.12,0.00,59.61,38.08,100.00,0.00,0.00,0.00,10.32,4.42,0.00,
2026-07-30,12:27:57.714,0.00,1.65,0.00,0.35,1.37,0.55,0.11,0.89,0.76,0.0023,0.0004,0.18,0.00,71,242.35,147.17,3877.93,1.65,13.72,0.00,0.03,0.54,0.14,0.00,59.78,39.54,100.00,0.00,0.00,0.00,6.09,0.22,0.00,
2026-07-30,12:27:58.713,0.07,3.19,0.02,1.02,4.00,0.99,1.38,0.88,0.24,0.0002,0.0002,0.21,0.01,71,5541.77,1739.83,3875.91,3.19,26.54,0.07,0.60,2.19,0.13,0.00,59.61,38.07,100.00,0.00,0.00,0.00,10.20,4.31,0.00,
2026-07-30,12:27:59.713,0.04,3.06,0.01,0.92,3.58,0.92,0.83,0.86,0.34,0.0003,0.0003,0.21,0.01,52,3137.95,1026.08,3877.41,3.06,25.48,0.04,0.34,1.44,0.19,0.00,59.63,38.74,100.00,0.00,0.00,0.00,8.32,2.45,0.00,
2026-07-30,12:28:00.714,0.02,2.72,0.01,0.69,2.70,0.71,0.39,0.88,0.91,0.0004,0.0002,0.20,0.01,71,1649.74,606.51,3882.07,2.72,22.67,0.02,0.18,1.13,0.14,0.00,59.44,39.29,100.00,0.00,0.00,0.00,6.99,1.09,0.01,
2026-07-30,12:28:01.715,0.06,2.97,0.02,0.97,3.78,1.08,1.09,0.86,0.87,0.0002,0.0002,0.22,0.01,70,4474.93,1507.10,3881.39,2.97,24.74,0.06,0.48,2.00,0.12,0.00,59.14,38.74,100.00,0.00,0.00,0.00,9.03,3.13,0.00,
2026-07-30,12:28:02.715,0.00,1.71,0.00,0.36,1.42,0.46,0.10,0.90,0.77,0.0019,0.0004,0.18,0.00,71,238.94,139.37,3879.74,1.71,14.29,0.00,0.03,0.49,0.11,0.00,59.61,39.78,100.00,0.00,0.00,0.00,6.10,0.23,0.00,
2026-07-30,12:28:03.715,0.07,3.08,0.02,1.01,3.93,1.08,1.26,0.86,0.79,0.0002,0.0002,0.22,0.01,71,5083.44,1648.61,3877.99,3.08,25.70,0.07,0.55,2.11,0.15,0.00,59.41,38.33,100.00,0.00,0.00,0.00,9.63,3.74,0.00,
2026-07-30,12:28:04.716,0.07,3.11,0.02,1.02,3.99,0.98,1.24,0.86,0.77,0.0002,0.0002,0.22,0.01,70,5060.83,1624.79,3879.08,3.11,25.96,0.07,0.54,2.05,0.11,0.00,59.34,38.50,100.00,0.00,0.00,0.00,9.59,3.71,0.00,
2026-07-30,12:28:05.716,0.00,1.62,0.00,0.33,1.30,0.64,0.13,0.88,0.73,0.0025,0.0005,0.19,0.01,70,251.23,155.43,3880.16,1.62,13.47,0.00,0.03,0.60,0.22,0.00,59.75,39.43,100.00,0.00,0.00,0.00,6.11,0.24,0.00,
2026-07-30,12:28:06.716,0.07,3.20,0.02,1.04,4.04,1.15,1.40,0.86,0.24,0.0002,0.0002,0.23,0.01,70,5616.18,1753.27,3880.10,3.20,26.69,0.07,0.60,2.18,0.34,0.00,59.38,38.10,100.00,0.00,0.00,0.00,10.26,4.35,0.00,
2026-07-30,12:28:07.717,0.07,3.21,0.02,1.07,4.16,0.93,1.38,0.87,0.23,0.0002,0.0002,0.21,0.01,65,5547.28,1726.64,3881.94,3.21,26.77,0.07,0.60,2.09,0.14,0.00,59.65,38.12,100.00,0.00,0.00,0.00,10.19,4.31,0.00,
2026-07-30,12:28:08.717,0.00,1.71,0.00,0.37,1.42,0.56,0.11,0.88,0.72,0.0023,0.0005,0.19,0.00,71,243.80,142.66,3877.68,1.71,14.24,0.00,0.03,0.50,0.10,0.00,59.72,39.67,100.00,0.00,0.00,0.00,6.12,0.26,0.00,
2026-07-30,12:28:09.717,0.07,3.21,0.02,1.04,4.04,1.04,1.42,0.88,0.23,0.0002,0.0003,0.22,0.01,70,5628.01,1755.23,3877.81,3.21,26.72,0.07,0.60,2.18,0.17,0.00,59.74,37.92,100.00,0.00,0.00,0.00,10.23,4.34,0.00,
2026-07-30,12:28:10.718,0.00,1.64,0.00,0.37,1.45,1.12,0.12,0.79,0.84,0.0038,0.0004,0.22,0.01,71,295.37,179.93,3881.78,1.64,13.68,0.00,0.03,0.62,0.12,0.00,59.57,39.69,100.00,0.00,0.00,0.00,6.15,0.26,0.00,
2026-07-30,12:28:11.717,0.07,3.19,0.02,1.02,3.99,1.10,1.41,0.87,0.24,0.0002,0.0003,0.23,0.01,71,5598.61,1754.15,3877.73,3.19,26.60,0.07,0.60,2.21,0.15,0.00,59.70,37.94,100.00,0.00,0.00,0.00,10.23,4.34,0.00,
2026-07-30,12:28:12.717,0.07,3.19,0.02,1.05,4.11,0.98,1.42,0.88,0.22,0.0002,0.0003,0.22,0.01,69,5648.79,1768.09,3877.81,3.19,26.62,0.07,0.61,2.16,0.11,0.00,59.68,38.05,100.00,0.00,0.00,0.00,10.30,4.42,0.00,
2026-07-30,12:28:13.718,0.01,1.31,0.00,0.37,1.43,1.61,0.19,0.80,0.96,0.0040,0.0005,0.25,0.02,61,405.32,310.19,3881.46,1.31,10.89,0.01,0.04,1.09,6.05,0.00,54.25,38.62,100.00,0.00,0.00,0.00,6.46,0.48,0.00,
2026-07-30,12:28:14.720,0.07,3.20,0.02,1.04,4.07,0.97,1.38,0.87,0.20,0.0002,0.0003,0.21,0.01,71,5468.91,1711.21,3879.05,3.20,26.63,0.07,0.59,2.12,0.93,0.00,58.94,38.01,100.00,0.00,0.00,0.00,10.14,4.22,0.00,
2026-07-30,12:28:15.719,0.07,3.20,0.02,1.08,4.19,0.94,1.42,0.87,0.22,0.0002,0.0003,0.21,0.01,69,5649.20,1767.76,3880.78,3.20,26.63,0.07,0.61,2.12,0.14,0.00,59.74,38.01,100.00,0.00,0.00,0.00,10.30,4.43,0.00,
2026-07-30,12:28:16.720,0.00,1.73,0.00,0.35,1.38,0.58,0.11,0.88,0.74,0.0024,0.0005,0.19,0.00,71,244.76,141.81,3881.45,1.73,14.38,0.00,0.03,0.52,0.15,0.00,59.84,39.50,100.00,0.00,0.00,0.00,6.11,0.24,0.00,
2026-07-30,12:28:17.720,0.08,3.10,0.03,1.01,3.93,2.61,1.48,0.75,0.37,0.0004,0.0002,0.32,0.01,71,6370.36,2054.26,3878.28,3.10,25.84,0.08,0.68,2.63,0.17,0.00,59.46,37.74,100.00,0.00,0.00,0.00,10.77,4.83,0.00,
2026-07-30,12:28:18.720,0.00,1.67,0.00,0.36,1.40,0.58,0.13,0.88,0.72,0.0024,0.0005,0.19,0.00,70,242.09,145.37,3879.73,1.67,13.88,0.00,0.03,0.52,0.13,0.00,59.98,39.37,100.00,0.00,0.00,0.00,6.10,0.23,0.00,
2026-07-30,12:28:19.721,0.08,2.84,0.03,0.79,3.10,3.00,1.66,0.81,0.82,0.0005,0.0003,0.34,0.04,70,5995.41,2112.88,3879.99,2.84,23.65,0.08,0.64,3.43,14.03,0.00,47.66,34.88,100.00,0.00,0.00,0.00,11.06,4.93,0.00,
2026-07-30,12:28:20.721,0.07,3.18,0.02,1.04,4.07,1.22,1.42,0.85,0.24,0.0002,0.0003,0.24,0.01,70,5635.80,1774.29,3880.20,3.18,26.47,0.07,0.61,2.19,0.18,0.00,59.79,37.85,100.00,0.00,0.00,0.00,10.31,4.42,0.00,
2026-07-30,12:28:21.721,0.00,1.60,0.00,0.33,1.31,0.62,0.11,0.88,0.76,0.0025,0.0005,0.19,0.00,71,246.09,153.72,3879.62,1.60,13.34,0.00,0.03,0.59,0.51,0.00,59.39,39.50,100.00,0.00,0.00,0.00,6.11,0.23,0.00,
2026-07-30,12:28:22.721,0.07,3.17,0.02,1.00,3.91,1.03,1.41,0.87,0.24,0.0002,0.0003,0.22,0.01,70,5614.00,1770.96,3879.85,3.17,26.42,0.07,0.60,2.28,0.72,0.00,59.08,37.93,100.00,0.00,0.00,0.00,10.32,4.40,0.00,
2026-07-30,12:28:23.721,0.07,3.18,0.02,1.04,4.06,0.99,1.44,0.88,0.24,0.0002,0.0003,0.21,0.01,69,5664.06,1779.26,3877.76,3.18,26.53,0.07,0.61,2.20,0.11,0.00,59.84,37.84,100.00,0.00,0.00,0.00,10.35,4.46,0.00,
2026-07-30,12:28:24.723,0.10,3.45,0.03,1.06,4.14,18.10,0.43,0.33,0.82,0.0024,0.0001,1.52,0.55,46,7501.45,2174.32,3884.91,3.45,28.75,0.10,0.81,2.64,11.98,0.00,47.72,37.66,100.00,0.00,0.00,0.00,13.08,6.79,0.00,
2026-07-30,12:28:25.723,0.10,2.98,0.03,1.13,4.40,13.58,3.10,0.50,0.55,0.0017,0.0004,1.30,0.33,70,7985.05,2675.77,3877.49,2.98,24.87,0.10,0.86,3.05,1.07,0.00,59.42,36.46,100.00,0.00,0.00,0.00,13.23,7.12,0.00,
2026-07-30,12:28:26.723,0.00,1.75,0.00,0.36,1.40,0.59,0.11,0.87,0.78,0.0024,0.0004,0.19,0.01,71,244.96,140.17,3877.72,1.75,14.56,0.00,0.03,0.50,0.15,0.00,59.75,39.60,100.00,0.00,0.00,0.00,6.09,0.23,0.00,
2026-07-30,12:28:27.722,0.07,3.17,0.02,1.03,4.01,1.16,1.43,0.86,0.26,0.0002,0.0003,0.23,0.01,71,5665.54,1784.73,3877.76,3.17,26.45,0.07,0.61,2.24,0.15,0.00,59.59,38.02,100.00,0.00,0.00,0.00,10.31,4.40,0.00,
2026-07-30,12:28:28.723,0.07,3.20,0.02,1.07,4.16,1.03,1.43,0.87,0.23,0.0002,0.0003,0.22,0.01,70,5704.78,1780.92,3881.39,3.20,26.69,0.07,0.61,2.15,0.11,0.00,59.71,38.03,100.00,0.00,0.00,0.00,10.36,4.47,0.00,
2026-07-30,12:28:29.723,0.00,1.74,0.00,0.36,1.42,0.56,0.11,0.88,0.75,0.0023,0.0005,0.18,0.00,71,242.22,138.98,3879.04,1.74,14.52,0.00,0.03,0.49,0.12,0.00,59.87,39.52,100.00,0.00,0.00,0.00,6.09,0.23,0.00,
2026-07-30,12:28:30.725,0.07,3.15,0.02,1.05,4.10,1.54,1.43,0.81,0.34,0.0003,0.0003,0.25,0.01,71,5699.19,1808.22,3881.34,3.15,26.27,0.07,0.61,2.22,0.10,0.00,59.69,38.00,100.00,0.00,0.00,0.00,10.40,4.50,0.00,
2026-07-30,12:28:31.725,0.07,3.20,0.02,1.05,4.10,1.09,1.44,0.87,0.23,0.0002,0.0003,0.22,0.01,69,5679.88,1777.33,3880.30,3.20,26.63,0.07,0.61,2.18,0.10,0.00,59.80,37.91,100.00,0.00,0.00,0.00,10.36,4.47,0.00,
2026-07-30,12:28:32.725,0.00,1.67,0.00,0.35,1.36,0.59,0.11,0.88,0.76,0.0024,0.0004,0.19,0.00,70,243.48,146.01,3881.41,1.67,13.90,0.00,0.03,0.54,0.16,0.00,59.62,39.68,100.00,0.00,0.00,0.00,6.11,0.24,0.00,
2026-07-30,12:28:33.725,0.07,3.16,0.02,0.99,3.85,1.09,1.39,0.88,0.27,0.0002,0.0003,0.22,0.01,70,5522.16,1745.61,3878.83,3.16,26.36,0.07,0.59,2.28,0.34,0.00,59.76,37.63,100.00,0.00,0.00,0.00,10.22,4.30,0.00,
2026-07-30,12:28:34.726,0.00,1.75,0.00,0.37,1.45,0.58,0.10,0.87,0.75,0.0024,0.0004,0.19,0.00,71,236.48,135.19,3877.13,1.75,14.58,0.00,0.03,0.47,0.10,0.00,59.84,39.59,100.00,0.00,0.00,0.00,6.11,0.24,0.00,
2026-07-30,12:28:35.726,0.07,3.16,0.02,1.01,3.96,1.13,1.47,0.88,0.25,0.0002,0.0003,0.22,0.01,71,5705.67,1805.85,3880.01,3.16,26.33,0.07,0.61,2.29,0.19,0.00,59.75,37.77,100.00,0.00,0.00,0.00,10.34,4.45,0.00,
2026-07-30,12:28:36.727,0.07,3.18,0.02,1.04,4.05,1.08,1.43,0.87,0.24,0.0002,0.0003,0.22,0.01,70,5694.67,1788.20,3882.34,3.18,26.54,0.07,0.61,2.22,0.40,0.00,59.40,37.97,100.00,0.00,0.00,0.00,10.38,4.46,0.00,
2026-07-30,12:28:37.727,0.00,1.65,0.00,0.35,1.37,0.54,0.12,0.89,0.73,0.0022,0.0005,0.18,0.00,71,242.15,146.89,3877.65,1.65,13.74,0.00,0.03,0.54,0.14,0.00,59.79,39.53,100.00,0.00,0.00,0.00,6.10,0.23,0.00,
2026-07-30,12:28:38.727,0.07,3.19,0.02,1.04,4.05,1.16,1.44,0.87,0.24,0.0002,0.0003,0.23,0.01,70,5648.38,1772.67,3879.14,3.19,26.55,0.07,0.61,2.20,0.11,0.00,59.89,37.80,100.00,0.00,0.00,0.00,10.32,4.42,0.00,
2026-07-30,12:28:39.727,0.07,3.19,0.02,1.05,4.10,0.95,1.42,0.88,0.23,0.0002,0.0003,0.21,0.01,69,5613.29,1760.21,3879.21,3.19,26.57,0.07,0.60,2.16,0.14,0.00,59.76,37.94,100.00,0.00,0.00,0.00,10.30,4.40,0.00,
2026-07-30,12:28:40.728,0.00,1.65,0.00,0.35,1.36,0.52,0.13,0.90,0.72,0.0021,0.0005,0.18,0.00,70,241.57,146.17,3881.78,1.65,13.77,0.00,0.03,0.54,0.12,0.00,59.83,39.51,100.00,0.00,0.00,0.00,6.12,0.24,0.00,
2026-07-30,12:28:41.729,0.07,3.15,0.02,1.02,3.97,1.09,1.42,0.88,0.24,0.0002,0.0003,0.22,0.01,70,5580.43,1772.39,3881.30,3.15,26.24,0.07,0.60,2.25,0.19,0.00,59.82,37.75,100.00,0.00,0.00,0.00,10.23,4.33,0.00,
2026-07-30,12:28:42.729,0.00,1.68,0.00,0.35,1.35,0.54,0.12,0.90,0.72,0.0022,0.0005,0.18,0.00,71,241.71,144.25,3879.03,1.68,13.96,0.00,0.03,0.54,0.10,0.00,59.78,39.59,100.00,0.00,0.00,0.00,6.12,0.24,0.00,
2026-07-30,12:28:43.730,0.07,2.96,0.02,0.87,3.41,2.23,1.48,0.82,0.74,0.0004,0.0003,0.30,0.03,71,5681.55,1919.09,3881.52,2.96,24.67,0.07,0.61,2.83,5.37,0.00,54.79,37.02,100.00,0.00,0.00,0.00,10.65,4.64,0.00,
2026-07-30,12:28:44.730,0.08,3.18,0.02,1.02,3.98,1.47,1.44,0.83,0.26,0.0003,0.0002,0.25,0.01,70,5842.79,1835.96,3879.62,3.18,26.52,0.08,0.63,2.32,0.18,0.00,59.56,37.94,100.00,0.00,0.00,0.00,10.41,4.49,0.00,
2026-07-30,12:28:45.731,0.00,1.69,0.00,0.36,1.39,0.55,0.11,0.89,0.73,0.0023,0.0004,0.18,0.00,70,242.54,143.36,3881.35,1.69,14.10,0.00,0.03,0.52,0.25,0.00,59.62,39.62,100.00,0.00,0.00,0.00,6.11,0.23,0.00,
2026-07-30,12:28:46.731,0.07,3.16,0.02,1.01,3.95,1.21,1.46,0.87,0.23,0.0002,0.0003,0.23,0.01,71,5678.72,1797.43,3879.24,3.16,26.33,0.07,0.61,2.29,0.18,0.00,60.01,37.53,100.00,0.00,0.00,0.00,10.35,4.44,0.00,
2026-07-30,12:28:47.731,0.07,3.16,0.02,1.02,3.99,1.09,1.42,0.88,0.25,0.0002,0.0003,0.23,0.01,69,5613.58,1774.46,3881.51,3.16,26.36,0.07,0.60,2.23,0.16,0.00,59.74,37.86,100.00,0.00,0.00,0.00,10.29,4.38,0.00,
2026-07-30,12:28:48.732,0.00,1.60,0.00,0.34,1.34,0.54,0.12,0.90,0.73,0.0022,0.0005,0.18,0.00,71,243.56,152.02,3881.59,1.60,13.35,0.00,0.03,0.57,0.18,0.00,59.77,39.49,100.00,0.00,0.00,0.00,6.12,0.24,0.00,
2026-07-30,12:28:49.732,0.08,2.85,0.03,0.83,3.23,2.78,1.60,0.80,0.82,0.0005,0.0003,0.33,0.03,70,5950.75,2089.23,3877.66,2.85,23.74,0.08,0.64,3.25,17.52,0.00,42.85,36.37,100.00,0.00,0.00,0.00,11.10,4.98,0.00,
2026-07-30,12:28:50.732,0.00,1.66,0.00,0.35,1.37,0.58,0.12,0.89,0.71,0.0024,0.0005,0.19,0.01,71,241.31,145.49,3877.20,1.66,13.82,0.00,0.03,0.53,0.16,0.00,59.80,39.51,100.00,0.00,0.00,0.00,6.09,0.23,0.00,
2026-07-30,12:28:51.732,0.07,3.16,0.02,1.00,3.89,1.26,1.37,0.86,0.25,0.0002,0.0003,0.24,0.01,71,5424.62,1719.26,3879.40,3.16,26.29,0.07,0.58,2.22,0.33,0.00,59.51,37.94,100.00,0.00,0.00,0.00,10.15,4.23,0.00,
2026-07-30,12:28:52.732,0.07,3.18,0.02,1.06,4.14,1.02,1.43,0.87,0.22,0.0002,0.0003,0.22,0.01,70,5626.71,1766.77,3877.49,3.18,26.54,0.07,0.60,2.14,0.10,0.00,59.83,37.92,100.00,0.00,0.00,0.00,10.28,4.39,0.00,
2026-07-30,12:28:53.733,0.01,1.48,0.01,0.36,1.41,2.23,0.34,0.82,0.87,0.0033,0.0005,0.29,0.04,70,686.95,464.31,3881.62,1.48,12.33,0.01,0.07,1.66,13.54,0.00,47.21,37.59,100.00,0.00,0.00,0.00,6.65,0.56,0.00,
2026-07-30,12:28:54.733,0.07,3.18,0.02,1.04,4.06,1.32,1.45,0.84,0.26,0.0002,0.0003,0.24,0.01,70,5636.47,1771.51,3881.71,3.18,26.51,0.07,0.61,2.19,0.13,0.00,59.76,37.92,100.00,0.00,0.00,0.00,10.28,4.38,0.00,
2026-07-30,12:28:55.733,0.20,3.27,0.06,1.12,4.38,34.82,3.51,0.36,0.64,0.0023,0.0002,2.77,0.90,68,15457.64,4723.18,3877.51,3.27,27.27,0.20,1.66,5.42,8.68,0.00,51.32,34.58,100.00,0.00,0.00,0.00,20.42,13.90,0.00,
2026-07-30,12:28:56.733,0.01,1.60,0.01,0.53,2.06,3.57,0.56,0.73,0.84,0.0036,0.0006,0.40,0.04,71,979.27,613.31,3877.61,1.60,13.31,0.01,0.11,1.50,15.85,0.00,43.85,38.81,100.00,0.00,0.00,0.00,7.19,1.12,0.00,
2026-07-30,12:28:57.734,0.14,2.38,0.06,0.94,3.66,13.82,2.49,0.69,0.84,0.0013,0.0002,1.04,0.26,70,10491.41,4399.02,3881.16,2.38,19.87,0.14,1.13,6.03,5.82,0.00,53.24,34.90,100.00,0.00,0.00,0.00,15.69,9.45,0.00,
2026-07-30,12:28:58.734,0.00,1.56,0.00,0.33,1.29,0.80,0.17,0.88,0.65,0.0031,0.0007,0.20,0.01,70,258.73,166.04,3878.43,1.56,12.99,0.00,0.03,0.65,0.18,0.00,59.81,39.37,100.00,0.00,0.00,0.00,6.12,0.24,0.00,
2026-07-30,12:28:59.734,0.12,2.99,0.04,1.01,3.93,3.95,2.38,0.77,0.72,0.0004,0.0003,0.41,0.06,70,9030.26,3018.06,3879.85,2.99,24.93,0.12,0.97,3.86,1.48,0.00,57.74,36.93,100.00,0.00,0.00,0.00,12.86,6.90,0.00,
2026-07-30,12:29:00.734,0.11,3.13,0.04,1.03,4.03,1.92,2.18,0.85,0.31,0.0002,0.0003,0.28,0.03,70,8680.50,2774.16,3878.15,3.13,26.08,0.11,0.93,3.46,2.23,0.00,57.74,36.57,100.00,0.00,0.00,0.00,12.80,6.80,0.01,
2026-07-30,12:29:01.735,0.00,1.53,0.00,0.32,1.26,0.79,0.16,0.88,0.68,0.0030,0.0006,0.20,0.01,71,261.04,170.19,3881.81,1.53,12.78,0.00,0.03,0.68,0.20,0.00,60.01,39.11,100.00,0.00,0.00,0.00,6.15,0.26,0.00,
2026-07-30,12:29:02.736,0.12,3.05,0.04,1.04,4.07,3.78,2.58,0.79,0.38,0.0004,0.0003,0.41,0.07,70,9411.43,3087.62,3881.59,3.05,25.40,0.12,1.01,3.81,2.95,0.00,56.87,36.37,100.00,0.00,0.00,0.00,13.51,7.47,0.00,
2026-07-30,12:29:03.736,0.09,3.16,0.03,1.05,4.08,1.24,1.92,0.89,0.20,0.0002,0.0003,0.24,0.01,49,7344.95,2326.06,3879.15,3.16,26.31,0.09,0.79,2.87,0.18,0.00,59.92,37.04,100.00,0.00,0.00,0.00,11.47,5.58,0.00,
2026-07-30,12:29:04.736,0.06,2.06,0.03,0.80,3.10,11.01,1.29,0.67,0.92,0.0022,0.0003,0.85,0.23,57,4985.62,2424.93,3877.49,2.06,17.13,0.06,0.54,3.93,6.82,0.00,52.52,36.73,100.00,0.00,0.00,0.00,10.51,4.40,0.00,
2026-07-30,12:29:05.739,0.11,3.10,0.04,0.93,3.63,2.59,2.34,0.85,0.35,0.0003,0.0003,0.31,0.04,70,8814.66,2840.20,3877.73,3.10,25.86,0.11,0.95,3.94,2.21,0.00,58.79,35.07,100.00,0.00,0.00,0.00,12.67,6.69,0.00,
2026-07-30,12:29:06.735,0.00,1.52,0.00,0.33,1.28,1.57,0.14,0.80,0.79,0.0055,0.0005,0.25,0.03,70,284.30,187.25,3876.70,1.52,12.65,0.00,0.03,0.73,3.11,0.00,56.80,39.36,100.00,0.00,0.00,0.00,6.26,0.28,0.00,
2026-07-30,12:29:07.735,0.12,3.08,0.04,1.00,3.90,3.75,2.42,0.78,0.50,0.0004,0.0003,0.41,0.07,71,9385.25,3043.59,3878.09,3.08,25.70,0.12,1.01,3.93,2.52,0.00,57.24,36.32,100.00,0.00,0.00,0.00,13.34,7.33,0.00,
2026-07-30,12:29:08.736,0.14,3.03,0.05,1.13,4.41,7.08,2.32,0.66,0.53,0.0006,0.0002,0.61,0.22,45,10970.16,3625.33,3881.44,3.03,25.22,0.14,1.18,4.13,0.24,0.00,59.29,36.34,100.00,0.00,0.00,0.00,15.13,9.07,0.00,
2026-07-30,12:29:09.736,0.09,2.12,0.04,0.89,3.45,17.30,2.27,0.65,0.80,0.0024,0.0003,1.43,0.49,70,7167.21,3387.93,3878.64,2.12,17.63,0.09,0.77,4.93,11.72,0.00,47.95,35.40,100.00,0.00,0.00,0.00,15.31,8.92,0.00,
2026-07-30,12:29:10.737,0.11,3.21,0.03,1.06,4.12,1.42,2.21,0.88,0.19,0.0002,0.0003,0.25,0.01,70,8664.99,2695.39,3881.80,3.21,26.79,0.11,0.93,3.29,0.31,0.00,59.54,36.87,100.00,0.00,0.00,0.00,12.55,6.63,0.00,
2026-07-30,12:29:11.738,0.00,1.56,0.00,0.35,1.36,1.22,0.20,0.84,0.75,0.0034,0.0006,0.23,0.01,69,362.58,232.29,3881.66,1.56,13.01,0.00,0.04,0.86,0.25,0.00,59.77,39.12,100.00,0.00,0.00,0.00,6.24,0.35,0.00,
2026-07-30,12:29:12.738,0.19,2.52,0.07,0.95,3.72,16.98,4.58,0.71,0.69,0.0012,0.0003,1.39,0.35,56,14465.94,5735.83,3878.57,2.52,21.02,0.19,1.55,7.75,4.55,0.00,55.42,32.29,100.00,0.00,0.00,0.00,20.00,13.76,0.00,
2026-07-30,12:29:13.738,0.15,2.41,0.06,0.97,3.79,8.97,4.18,0.79,0.74,0.0008,0.0004,0.79,0.20,70,11753.88,4880.99,3881.88,2.41,20.07,0.15,1.26,6.46,9.28,0.00,52.87,31.39,100.00,0.00,0.00,0.00,17.46,11.27,0.00,
2026-07-30,12:29:14.738,0.07,1.77,0.04,0.73,2.83,17.79,2.98,0.71,0.69,0.0035,0.0006,1.54,0.42,65,5043.88,2856.48,3877.77,1.77,14.71,0.07,0.54,5.08,8.96,0.00,54.58,31.39,100.00,0.00,0.00,0.00,13.29,6.98,0.00,
2026-07-30,12:29:15.738,0.22,2.87,0.08,1.00,3.90,9.91,3.48,0.75,0.70,0.0006,0.0002,0.88,0.25,70,16853.49,5870.06,3878.20,2.87,23.93,0.22,1.81,7.57,10.55,0.00,52.45,29.43,100.00,0.00,0.00,0.00,21.05,14.86,0.00,
2026-07-30,12:29:16.739,0.12,3.05,0.04,0.97,3.78,5.42,2.37,0.77,0.60,0.0006,0.0002,0.50,0.14,68,9586.99,3140.54,3881.60,3.05,25.44,0.12,1.03,4.17,0.89,0.00,60.08,34.86,100.00,0.00,0.00,0.00,13.58,7.55,0.00,
2026-07-30,12:29:17.739,0.21,3.45,0.06,0.86,3.37,19.88,1.55,0.60,0.87,0.0012,0.0001,1.62,0.32,44,16376.10,4753.44,3877.36,3.45,28.71,0.21,1.76,7.09,7.70,0.00,53.31,31.90,100.00,0.00,0.00,0.00,18.69,12.21,0.00,
2026-07-30,12:29:18.739,0.28,3.48,0.08,0.97,3.80,17.48,3.26,0.65,0.73,0.0008,0.0002,1.42,0.30,68,21445.49,6158.27,3878.13,3.48,29.02,0.28,2.30,8.15,6.31,0.00,55.51,30.04,100.00,0.00,0.00,0.00,22.39,15.87,0.00,
2026-07-30,12:29:19.740,0.02,1.63,0.01,0.41,1.62,5.24,0.64,0.77,0.94,0.0035,0.0004,0.50,0.10,70,1495.80,915.24,3882.94,1.63,13.62,0.02,0.16,2.84,18.60,0.00,43.99,34.57,100.00,0.00,0.00,0.00,7.90,1.71,0.00,
2026-07-30,12:29:20.741,0.12,3.02,0.04,0.94,3.66,5.18,2.39,0.76,0.51,0.0006,0.0003,0.49,0.09,70,9041.20,2994.48,3877.58,3.02,25.16,0.12,0.97,4.11,1.36,0.00,59.03,35.50,100.00,0.00,0.00,0.00,13.35,7.33,0.00,
2026-07-30,12:29:21.740,0.13,2.90,0.04,0.96,3.73,7.23,2.44,0.72,0.65,0.0007,0.0002,0.62,0.12,70,9953.96,3438.32,3878.24,2.90,24.13,0.13,1.07,4.64,1.66,0.00,57.67,36.03,100.00,0.00,0.00,0.00,13.87,7.80,0.00,
2026-07-30,12:29:22.740,0.09,1.01,0.09,0.91,3.55,16.61,7.20,0.76,0.73,0.0024,0.0010,1.20,0.36,68,7011.61,6969.47,3878.41,1.01,8.38,0.09,0.75,9.87,14.18,0.00,45.59,30.37,100.00,0.00,0.00,0.00,15.48,9.14,0.00,
2026-07-30,12:29:23.740,0.14,2.78,0.05,0.89,3.47,10.78,2.80,0.71,0.70,0.0010,0.0003,0.89,0.22,70,11110.47,3990.66,3877.21,2.78,23.20,0.14,1.19,5.79,5.81,0.00,54.78,33.62,100.00,0.00,0.00,0.00,15.72,9.49,0.00,
2026-07-30,12:29:24.740,0.10,2.86,0.03,0.84,3.29,9.04,1.68,0.74,0.72,0.0012,0.0002,0.89,0.38,50,7476.11,2617.23,3880.49,2.86,23.80,0.10,0.80,3.99,1.92,0.00,61.29,32.80,100.00,0.00,0.00,0.00,13.47,7.32,0.00,
2026-07-30,12:29:25.740,0.24,2.91,0.08,1.05,4.09,27.37,2.38,0.53,0.78,0.0015,0.0001,1.99,0.68,46,18653.67,6399.60,3878.42,2.91,24.29,0.24,2.00,7.87,6.59,0.00,54.27,31.27,100.00,0.00,0.00,0.00,23.38,17.00,0.00,
2026-07-30,12:29:26.741,0.57,2.37,0.24,1.11,4.34,92.86,13.17,0.59,0.81,0.0021,0.0003,7.07,2.75,48,44371.64,18758.21,3882.28,2.37,19.71,0.57,4.76,21.72,18.35,0.00,41.09,18.85,100.00,0.00,0.00,0.00,51.46,44.28,0.00,
2026-07-30,12:29:27.741,0.38,2.14,0.18,1.12,4.38,71.20,8.81,0.68,0.85,0.0024,0.0003,5.83,2.56,53,29326.65,13672.96,3876.91,2.14,17.87,0.38,3.15,15.71,13.63,0.00,47.17,23.49,100.00,0.00,0.00,0.00,40.28,33.23,0.00,
2026-07-30,12:29:28.742,0.47,2.33,0.20,1.13,4.40,83.07,12.27,0.67,0.78,0.0023,0.0003,6.63,2.59,47,36327.85,15602.49,3882.77,2.33,19.40,0.47,3.90,17.79,9.54,0.00,52.06,20.61,100.00,0.00,0.00,0.00,45.03,37.93,0.00,
2026-07-30,12:29:29.742,0.20,2.92,0.07,1.02,4.00,14.54,3.36,0.71,0.76,0.0009,0.0002,1.25,0.46,69,15545.60,5328.35,3877.95,2.92,24.31,0.20,1.67,6.70,4.19,0.00,56.47,32.64,100.00,0.00,0.00,0.00,20.00,13.74,0.00,
2026-07-30,12:29:30.741,0.02,2.15,0.01,0.47,1.82,3.41,0.24,0.77,0.91,0.0026,0.0002,0.36,0.06,71,1287.00,598.71,3877.93,2.15,17.91,0.02,0.14,1.65,1.31,0.00,58.55,38.49,100.00,0.00,0.00,0.00,7.17,1.16,0.00,
2026-07-30,12:29:31.742,0.11,3.12,0.04,0.97,3.80,2.22,2.15,0.85,0.37,0.0003,0.0003,0.30,0.02,70,8576.00,2752.33,3881.58,3.12,25.97,0.11,0.92,3.64,1.90,0.00,57.60,36.86,100.00,0.00,0.00,0.00,12.62,6.64,0.00,
2026-07-30,12:29:32.742,0.00,1.35,0.00,0.31,1.20,1.01,0.17,0.88,0.74,0.0036,0.0006,0.21,0.01,70,285.09,211.10,3877.57,1.35,11.25,0.00,0.03,0.89,2.29,0.00,57.58,39.25,100.00,0.00,0.00,0.00,6.19,0.25,0.00,
2026-07-30,12:29:33.742,0.11,3.18,0.04,1.04,4.06,1.72,2.25,0.87,0.24,0.0002,0.0003,0.26,0.02,71,8691.57,2730.39,3878.16,3.18,26.53,0.11,0.93,3.38,1.11,0.00,58.96,36.55,100.00,0.00,0.00,0.00,12.63,6.69,0.00,
2026-07-30,12:29:34.743,0.11,3.16,0.04,1.03,4.03,1.89,2.22,0.86,0.21,0.0002,0.0003,0.28,0.02,70,8616.30,2725.14,3879.77,3.16,26.35,0.11,0.93,3.40,0.31,0.00,59.40,36.89,100.00,0.00,0.00,0.00,12.57,6.64,0.00,
2026-07-30,12:29:35.743,0.00,1.41,0.00,0.30,1.18,1.02,0.20,0.88,0.67,0.0035,0.0007,0.22,0.01,70,293.72,208.19,3879.95,1.41,11.76,0.00,0.03,0.89,0.35,0.00,59.82,38.94,100.00,0.00,0.00,0.00,6.18,0.27,0.00,
2026-07-30,12:29:36.743,0.11,3.13,0.04,0.99,3.88,2.23,2.29,0.86,0.27,0.0003,0.0003,0.30,0.02,70,8873.38,2833.25,3879.56,3.13,26.10,0.11,0.95,3.67,0.88,0.00,59.88,35.57,100.00,0.00,0.00,0.00,12.87,6.90,0.00,
2026-07-30,12:29:37.743,0.12,2.61,0.05,1.01,3.94,10.28,2.99,0.65,0.66,0.0011,0.0003,0.79,0.06,47,9245.61,3537.80,3878.01,2.61,21.78,0.12,0.99,4.52,0.23,0.00,58.26,36.99,100.00,0.00,0.00,0.00,13.04,7.04,0.00,
2026-07-30,12:29:38.743,0.04,1.66,0.03,0.89,3.46,13.62,2.39,0.60,0.72,0.0042,0.0007,1.08,0.20,70,3264.61,1964.39,3876.61,1.66,13.85,0.04,0.35,2.86,0.38,0.00,58.51,38.25,100.00,0.00,0.00,0.00,9.47,3.41,0.00,
2026-07-30,12:29:39.743,0.13,2.82,0.05,0.85,3.31,9.26,2.77,0.69,0.74,0.0009,0.0003,0.73,0.25,70,10090.02,3581.79,3878.21,2.82,23.48,0.13,1.08,5.44,9.13,0.00,50.68,34.75,100.00,0.00,0.00,0.00,14.31,8.18,0.02,
2026-07-30,12:29:40.743,0.00,1.42,0.00,0.32,1.23,0.86,0.20,0.89,0.64,0.0031,0.0007,0.20,0.01,71,275.11,193.10,3878.99,1.42,11.87,0.00,0.03,0.79,0.21,0.00,59.79,39.21,100.00,0.00,0.00,0.00,6.17,0.27,0.00,
2026-07-30,12:29:41.743,0.11,3.19,0.03,1.04,4.04,1.72,2.21,0.87,0.18,0.0002,0.0003,0.26,0.01,70,8450.22,2650.80,3877.80,3.19,26.56,0.11,0.91,3.30,0.21,0.00,59.98,36.51,100.00,0.00,0.00,0.00,12.48,6.54,0.00,
2026-07-30,12:29:42.743,0.11,3.15,0.03,1.01,3.92,2.11,2.23,0.86,0.26,0.0002,0.0003,0.31,0.04,70,8487.30,2695.95,3880.16,3.15,26.23,0.11,0.91,3.45,2.48,0.00,57.57,36.51,100.00,0.00,0.00,0.00,12.59,6.58,0.02,
2026-07-30,12:29:43.743,0.01,1.16,0.01,0.34,1.31,3.06,0.31,0.78,0.93,0.0066,0.0007,0.36,0.07,71,466.10,402.80,3878.27,1.16,9.64,0.01,0.05,1.55,5.01,0.00,55.51,37.93,100.00,0.00,0.00,0.00,6.59,0.54,0.03,
2026-07-30,12:29:44.743,0.11,2.98,0.04,0.80,3.13,5.80,2.38,0.79,0.52,0.0007,0.0003,0.65,0.23,70,8791.29,2951.89,3877.88,2.98,24.82,0.11,0.94,4.74,5.97,0.00,54.45,34.85,100.00,0.00,0.00,0.00,13.02,6.75,0.09,
2026-07-30,12:29:45.742,0.01,1.23,0.00,0.29,1.12,3.26,0.35,0.79,0.80,0.0078,0.0008,0.42,0.12,61,418.87,339.92,3875.42,1.23,10.27,0.01,0.05,1.53,3.48,0.00,57.66,37.33,100.00,0.00,0.00,0.00,6.46,0.32,0.04,
2026-07-30,12:29:46.742,0.11,3.13,0.04,0.93,3.61,3.19,2.23,0.82,0.36,0.0004,0.0003,0.40,0.10,70,8551.61,2730.86,3879.91,3.13,26.10,0.11,0.92,3.80,3.01,0.00,57.32,35.87,100.00,0.00,0.00,0.00,12.71,6.62,0.04,
2026-07-30,12:29:47.742,0.14,2.90,0.05,0.69,2.70,8.16,2.67,0.77,0.56,0.0008,0.0003,0.87,0.39,70,10519.51,3628.94,3877.20,2.90,24.16,0.14,1.13,6.75,6.75,0.00,53.36,33.14,100.00,0.00,0.00,0.00,14.23,7.90,0.10,
2026-07-30,12:29:48.742,0.01,1.31,0.01,0.25,0.97,8.17,0.63,0.80,0.88,0.0083,0.0006,1.09,0.63,70,986.74,752.15,3877.88,1.31,10.93,0.01,0.11,3.88,14.37,0.00,47.60,34.16,100.00,0.00,0.00,0.00,6.93,0.36,0.20,
2026-07-30,12:29:49.742,0.13,2.70,0.05,0.66,2.56,12.06,3.27,0.79,0.76,0.0012,0.0003,1.39,0.73,70,10246.44,3789.27,3877.53,2.70,22.53,0.13,1.10,7.45,20.76,0.00,44.16,27.62,100.00,0.00,0.00,0.00,14.84,8.17,0.20,
2026-07-30,12:29:50.743,0.13,2.81,0.05,0.68,2.64,8.79,3.26,0.81,0.44,0.0009,0.0003,1.23,0.65,67,10053.36,3577.45,3881.97,2.81,23.42,0.13,1.08,6.80,10.89,0.00,52.85,29.46,100.00,0.00,0.00,0.00,14.10,7.51,0.18,
2026-07-30,12:29:51.742,0.00,1.46,0.00,0.30,1.15,1.68,0.18,0.79,0.77,0.0055,0.0006,0.27,0.03,69,304.54,209.09,3878.22,1.46,12.14,0.00,0.03,0.91,2.87,0.00,57.03,39.19,100.00,0.00,0.00,0.00,6.30,0.29,0.01,
2026-07-30,12:29:52.744,0.11,3.14,0.04,0.99,3.87,2.54,2.29,0.83,0.26,0.0003,0.0003,0.35,0.04,54,8642.59,2755.94,3881.58,3.14,26.13,0.11,0.93,3.58,2.05,0.00,57.77,36.60,100.00,0.00,0.00,0.00,12.64,6.62,0.02,
2026-07-30,12:29:53.744,0.00,0.71,0.00,0.22,0.86,1.45,0.20,0.85,0.70,0.0144,0.0020,0.26,0.03,71,100.64,142.73,3881.04,0.71,5.88,0.00,0.01,0.83,0.65,0.00,59.83,38.69,100.00,0.00,0.00,0.00,6.03,0.08,0.01,
2026-07-30,12:29:54.744,0.11,3.12,0.04,0.96,3.76,2.65,2.32,0.84,0.27,0.0003,0.0003,0.39,0.08,70,8709.33,2795.68,3877.66,3.12,25.96,0.11,0.94,3.74,2.38,0.00,58.26,35.62,100.00,0.00,0.00,0.00,12.75,6.67,0.05,
2026-07-30,12:29:55.745,0.11,3.03,0.04,0.90,3.49,3.61,2.40,0.83,0.44,0.0004,0.0003,0.49,0.11,70,8917.22,2945.19,3877.75,3.03,25.23,0.11,0.96,4.24,4.22,0.00,57.28,34.26,100.00,0.00,0.00,0.00,13.12,6.88,0.10,
2026-07-30,12:29:56.745,0.14,3.20,0.04,0.97,3.78,37.00,2.20,0.36,0.77,0.0035,0.0002,3.01,1.00,67,10541.42,3295.05,3881.82,3.20,26.66,0.14,1.13,4.38,8.28,0.00,52.31,35.02,100.00,0.00,0.00,0.00,17.02,10.37,0.05,
2026-07-30,12:29:57.745,0.12,3.05,0.04,0.89,3.48,3.46,2.47,0.84,0.42,0.0004,0.0003,0.48,0.11,70,9049.57,2963.32,3881.71,3.05,25.45,0.12,0.97,4.28,5.48,0.00,54.64,35.60,100.00,0.00,0.00,0.00,13.14,6.90,0.10,
2026-07-30,12:29:58.746,0.02,2.28,0.01,0.47,1.85,3.39,0.60,0.77,0.71,0.0021,0.0004,0.45,0.11,54,1600.11,701.16,3880.44,2.28,19.02,0.02,0.17,1.91,5.16,0.00,54.69,38.25,100.00,0.00,0.00,0.00,7.29,1.10,0.07,
2026-07-30,12:29:59.745,0.11,3.07,0.04,0.76,2.95,3.32,2.08,0.83,0.45,0.0004,0.0002,0.45,0.15,71,8531.16,2781.73,3873.80,3.07,25.56,0.11,0.92,4.74,4.18,0.00,55.30,35.78,100.00,0.00,0.00,0.00,12.35,6.24,0.05,
2026-07-30,12:30:00.745,0.11,3.16,0.04,1.02,3.98,2.35,2.34,0.84,0.24,0.0003,0.0003,0.33,0.03,70,8819.27,2788.66,3877.75,3.16,26.35,0.11,0.95,3.53,0.94,0.00,59.15,36.38,100.00,0.00,0.00,0.00,12.81,6.85,0.01,
2026-07-30,12:30:01.745,0.01,1.83,0.00,0.29,1.14,1.54,0.28,0.84,0.64,0.0028,0.0005,0.27,0.04,70,554.40,303.67,3879.28,1.83,15.21,0.01,0.06,1.34,1.27,0.00,58.76,38.63,100.00,0.00,0.00,0.00,6.34,0.38,0.01,
2026-07-30,12:30:02.744,0.14,3.05,0.04,0.89,3.47,4.59,2.62,0.78,0.53,0.0004,0.0002,0.44,0.07,70,10511.44,3451.67,3875.88,3.05,25.38,0.14,1.13,5.00,13.64,0.00,47.98,33.38,100.00,0.00,0.00,0.00,14.24,8.13,0.00,
2026-07-30,12:30:03.744,0.11,3.17,0.04,1.04,4.07,1.56,2.24,0.88,0.23,0.0002,0.0003,0.25,0.01,68,8693.57,2744.70,3877.80,3.17,26.40,0.11,0.93,3.39,0.59,0.00,59.45,36.57,100.00,0.00,0.00,0.00,12.69,6.73,0.00,
2026-07-30,12:30:04.745,0.00,1.50,0.00,0.33,1.28,0.83,0.19,0.89,0.65,0.0031,0.0007,0.20,0.01,71,270.87,180.08,3883.17,1.50,12.53,0.00,0.03,0.71,0.17,0.00,59.82,39.31,100.00,0.00,0.00,0.00,6.16,0.24,0.00,
2026-07-30,12:30:05.745,0.11,3.16,0.04,1.03,4.03,1.65,2.26,0.87,0.20,0.0002,0.0003,0.25,0.01,70,8665.61,2745.52,3877.84,3.16,26.30,0.11,0.93,3.43,0.40,0.00,59.49,36.69,100.00,0.00,0.00,0.00,12.62,6.68,0.00,
2026-07-30,12:30:06.745,0.00,1.56,0.00,0.33,1.30,0.88,0.16,0.86,0.68,0.0033,0.0006,0.20,0.01,70,268.72,172.46,3879.70,1.56,12.98,0.00,0.03,0.67,0.64,0.00,59.25,39.44,100.00,0.00,0.00,0.00,6.18,0.25,0.00,
2026-07-30,12:30:07.746,0.11,3.18,0.03,1.05,4.11,1.49,2.21,0.88,0.19,0.0002,0.0003,0.25,0.01,70,8590.99,2704.81,3877.69,3.18,26.47,0.11,0.92,3.31,0.20,0.00,59.59,36.90,100.00,0.00,0.00,0.00,12.61,6.66,0.00,
2026-07-30,12:30:08.746,0.11,3.18,0.03,1.07,4.16,1.44,2.17,0.88,0.19,0.0002,0.0003,0.24,0.01,70,8550.06,2689.96,3879.85,3.18,26.49,0.11,0.92,3.25,0.34,0.00,59.45,36.96,100.00,0.00,0.00,0.00,12.55,6.60,0.00,
2026-07-30,12:30:09.745,0.00,1.53,0.00,0.32,1.26,0.90,0.14,0.86,0.74,0.0033,0.0005,0.21,0.01,71,276.63,180.62,3876.30,1.53,12.76,0.00,0.03,0.72,0.19,0.00,59.83,39.26,100.00,0.00,0.00,0.00,6.18,0.26,0.00,
2026-07-30,12:30:10.745,0.11,3.14,0.04,1.06,4.14,2.00,2.30,0.85,0.20,0.0002,0.0003,0.29,0.01,70,8680.54,2767.26,3878.40,3.14,26.14,0.11,0.93,3.36,0.17,0.00,59.79,36.68,100.00,0.00,0.00,0.00,12.70,6.75,0.00,
2026-07-30,12:30:11.746,0.05,2.78,0.02,0.71,2.78,3.10,1.46,0.85,0.50,0.0007,0.0003,0.44,0.10,52,4192.33,1509.02,3881.75,2.78,23.15,0.05,0.45,2.73,4.20,0.00,56.73,36.34,100.00,0.00,0.00,0.00,9.35,3.24,0.07,
2026-07-30,12:30:12.746,0.07,3.02,0.02,0.87,3.39,1.89,1.55,0.88,0.40,0.0004,0.0003,0.33,0.08,70,5220.25,1729.08,3877.78,3.02,25.16,0.07,0.56,2.56,5.91,0.00,54.52,37.01,100.00,0.00,0.00,0.00,10.35,4.27,0.05,
2026-07-30,12:30:13.745,0.11,3.07,0.04,0.98,3.82,2.20,2.33,0.86,0.64,0.0002,0.0003,0.28,0.02,70,8861.84,2888.79,3877.09,3.07,25.56,0.11,0.95,3.80,1.44,0.00,58.72,36.04,100.00,0.00,0.00,0.00,12.92,6.96,0.00,
2026-07-30,12:30:14.746,0.00,1.35,0.00,0.30,1.16,1.61,0.28,0.82,0.65,0.0055,0.0009,0.26,0.02,71,292.63,217.10,3881.04,1.35,11.23,0.00,0.03,0.94,10.36,0.00,49.92,38.79,100.00,0.00,0.00,0.00,6.41,0.29,0.02,
2026-07-30,12:30:15.747,0.13,3.02,0.04,0.85,3.32,4.02,2.62,0.82,0.34,0.0004,0.0003,0.48,0.15,70,10049.36,3326.70,3881.77,3.02,25.17,0.13,1.08,5.04,3.66,0.00,56.04,35.26,100.00,0.00,0.00,0.00,13.84,7.72,0.05,
2026-07-30,12:30:16.747,0.11,3.08,0.03,1.00,3.89,1.85,2.16,0.87,0.63,0.0002,0.0003,0.28,0.01,69,8269.44,2682.99,3877.39,3.08,25.68,0.11,0.89,3.47,1.12,0.00,58.49,36.92,100.00,0.00,0.00,0.00,12.14,6.17,0.00,
2026-07-30,12:30:17.746,0.01,2.19,0.01,0.49,1.92,2.70,0.25,0.75,0.79,0.0025,0.0002,0.32,0.01,70,1086.32,495.99,3877.09,2.19,18.25,0.01,0.12,1.30,0.54,0.00,59.13,39.02,100.00,0.00,0.00,0.00,6.65,0.69,0.00,
2026-07-30,12:30:18.746,0.11,3.06,0.03,0.92,3.59,2.30,2.09,0.84,0.73,0.0003,0.0003,0.32,0.04,70,8275.73,2708.31,3877.76,3.06,25.46,0.11,0.89,3.79,0.40,0.00,58.95,36.85,100.00,0.00,0.00,0.00,12.05,6.10,0.01,
2026-07-30,12:30:19.747,0.01,1.21,0.01,0.34,1.33,2.45,0.30,0.79,0.94,0.0044,0.0005,0.31,0.03,71,559.22,461.06,3881.52,1.21,10.11,0.01,0.06,1.74,15.71,0.00,45.52,37.03,100.00,0.00,0.00,0.00,6.79,0.69,0.00,
2026-07-30,12:30:20.748,0.12,3.06,0.04,0.87,3.40,3.23,2.26,0.82,0.39,0.0004,0.0003,0.37,0.06,70,8956.56,2929.13,3881.66,3.06,25.48,0.12,0.96,4.33,0.92,0.00,58.57,36.18,100.00,0.00,0.00,0.00,12.80,6.76,0.02,
2026-07-30,12:30:21.748,0.11,3.24,0.03,1.03,4.04,1.60,2.23,0.88,0.20,0.0002,0.0003,0.26,0.01,70,8715.38,2688.11,3877.54,3.24,27.02,0.11,0.94,3.35,0.59,0.00,59.31,36.75,100.00,0.00,0.00,0.00,12.67,6.72,0.00,
2026-07-30,12:30:22.747,0.00,1.37,0.00,0.30,1.19,0.90,0.14,0.89,0.76,0.0032,0.0005,0.21,0.01,70,277.15,202.28,3875.96,1.37,11.42,0.00,0.03,0.86,0.28,0.00,59.57,39.29,100.00,0.00,0.00,0.00,6.24,0.32,0.00,
2026-07-30,12:30:23.747,0.11,3.22,0.03,1.05,4.08,1.44,2.16,0.88,0.20,0.0002,0.0003,0.25,0.01,70,8574.29,2661.03,3876.65,3.22,26.85,0.11,0.92,3.28,0.29,0.00,59.55,36.87,100.00,0.00,0.00,0.00,12.53,6.59,0.00,
2026-07-30,12:30:24.747,0.10,3.17,0.03,1.04,4.04,1.49,1.98,0.87,0.24,0.0002,0.0003,0.25,0.01,49,7866.10,2483.24,3879.85,3.17,26.40,0.10,0.85,3.09,0.27,0.00,59.49,37.15,100.00,0.00,0.00,0.00,12.02,6.09,0.00,
2026-07-30,12:30:25.747,0.01,2.21,0.01,0.48,1.87,1.56,0.27,0.81,0.76,0.0018,0.0003,0.25,0.01,70,887.95,400.99,3877.53,2.21,18.45,0.01,0.10,1.08,0.27,0.00,59.45,39.20,100.00,0.00,0.00,0.00,6.77,0.84,0.00,
2026-07-30,12:30:26.747,0.11,3.16,0.03,1.02,3.97,1.77,2.18,0.87,0.22,0.0002,0.0003,0.27,0.01,70,8545.97,2708.18,3876.93,3.16,26.30,0.11,0.92,3.43,0.38,0.00,59.48,36.71,100.00,0.00,0.00,0.00,12.59,6.63,0.00,
2026-07-30,12:30:27.747,0.14,3.22,0.04,1.00,3.88,37.28,2.44,0.37,0.73,0.0035,0.0002,2.99,0.99,70,10749.11,3340.78,3880.26,3.22,26.81,0.14,1.15,4.32,6.15,0.00,55.63,33.90,100.00,0.00,0.00,0.00,16.44,9.89,0.02,
2026-07-30,12:30:28.747,0.11,3.16,0.04,1.01,3.92,2.11,2.36,0.87,0.26,0.0002,0.0003,0.35,0.05,70,8736.26,2760.49,3877.68,3.16,26.37,0.11,0.94,3.54,1.86,0.00,58.76,35.84,100.00,0.00,0.00,0.00,12.81,6.80,0.03,
2026-07-30,12:30:29.748,0.11,3.20,0.03,1.09,4.24,1.35,2.17,0.88,0.17,0.0002,0.0003,0.26,0.01,68,8492.37,2656.54,3881.55,3.20,26.64,0.11,0.91,3.15,0.19,0.00,59.96,36.70,100.00,0.00,0.00,0.00,12.49,6.57,0.00,
2026-07-30,12:30:30.748,0.00,1.41,0.00,0.31,1.22,0.84,0.19,0.88,0.63,0.0031,0.0007,0.22,0.01,71,268.29,189.89,3879.92,1.41,11.77,0.00,0.03,0.78,0.15,0.00,59.77,39.30,100.00,0.00,0.00,0.00,6.15,0.25,0.00,
2026-07-30,12:30:31.749,0.11,3.04,0.04,0.89,3.49,3.38,2.57,0.86,0.38,0.0004,0.0003,0.49,0.12,70,8813.30,2899.62,3882.01,3.04,25.33,0.11,0.95,4.17,4.74,0.00,57.22,33.87,100.00,0.00,0.00,0.00,13.17,6.98,0.09,
2026-07-30,12:30:32.750,0.01,1.59,0.01,0.31,1.23,3.90,0.46,0.78,0.74,0.0051,0.0006,0.49,0.14,61,761.52,478.11,3882.96,1.59,13.27,0.01,0.08,1.96,3.47,0.00,56.76,37.82,100.00,0.00,0.00,0.00,6.69,0.59,0.05,
2026-07-30,12:30:33.750,0.11,3.13,0.04,0.94,3.66,3.09,2.23,0.83,0.34,0.0004,0.0003,0.42,0.14,70,8683.00,2777.07,3877.45,3.13,26.06,0.11,0.93,3.81,4.06,0.00,55.95,36.17,100.00,0.00,0.00,0.00,12.88,6.75,0.04,
2026-07-30,12:30:34.750,0.11,3.13,0.04,0.94,3.65,2.56,2.22,0.83,0.27,0.0003,0.0003,0.31,0.05,70,8625.24,2751.41,3878.01,3.13,26.12,0.11,0.93,3.79,0.71,0.00,59.07,36.44,100.00,0.00,0.00,0.00,12.60,6.62,0.02,
2026-07-30,12:30:35.749,0.00,1.34,0.00,0.30,1.15,1.63,0.20,0.83,0.77,0.0055,0.0007,0.24,0.03,70,294.17,219.18,3877.47,1.34,11.18,0.00,0.03,0.96,0.71,0.00,59.35,38.99,100.00,0.00,0.00,0.00,6.23,0.26,0.02,
2026-07-30,12:30:36.750,0.11,3.16,0.03,1.02,3.98,2.04,2.17,0.85,0.24,0.0002,0.0003,0.27,0.03,70,8403.68,2661.20,3881.39,3.16,26.32,0.11,0.90,3.36,0.63,0.00,59.20,36.81,100.00,0.00,0.00,0.00,12.49,6.51,0.01,
2026-07-30,12:30:37.750,0.11,3.04,0.04,0.93,3.61,3.00,2.36,0.85,0.38,0.0003,0.0003,0.39,0.08,68,8736.45,2871.92,3878.16,3.04,25.35,0.11,0.94,4.00,3.30,0.00,56.93,35.77,100.00,0.00,0.00,0.00,12.97,6.86,0.06,
2026-07-30,12:30:38.750,0.08,4.49,0.02,0.75,2.92,6.51,0.51,0.64,0.73,0.0010,0.0001,0.63,0.07,70,6566.78,1461.97,3877.82,4.49,37.43,0.08,0.71,2.52,3.53,0.00,57.38,36.57,100.00,0.00,0.00,0.00,10.14,3.96,0.02,
2026-07-30,12:30:39.751,0.12,2.89,0.04,0.85,3.32,5.35,2.35,0.79,0.58,0.0006,0.0003,0.48,0.09,66,9128.27,3154.65,3881.62,2.89,24.11,0.12,0.98,4.77,1.85,0.00,57.41,35.97,100.00,0.00,0.00,0.00,13.35,7.21,0.01,
2026-07-30,12:30:40.753,0.01,1.94,0.01,0.36,1.40,3.14,0.45,0.81,0.67,0.0036,0.0005,0.36,0.07,71,870.43,448.41,3878.16,1.94,16.18,0.01,0.09,1.62,1.01,0.00,59.79,37.58,100.00,0.00,0.00,0.00,6.82,0.79,0.02,
2026-07-30,12:30:41.751,0.11,3.10,0.04,0.98,3.81,2.94,2.35,0.83,0.33,0.0003,0.0003,0.33,0.06,70,8739.99,2818.34,3878.47,3.10,25.84,0.11,0.94,3.72,0.87,0.00,59.43,35.99,100.00,0.00,0.00,0.00,12.80,6.80,0.02,
2026-07-30,12:30:42.752,0.12,3.11,0.04,1.01,3.94,2.88,2.33,0.83,0.42,0.0003,0.0003,0.32,0.04,70,8967.57,2882.44,3881.29,3.11,25.93,0.12,0.96,3.68,0.53,0.00,59.36,36.44,100.00,0.00,0.00,0.00,12.98,6.98,0.01,
2026-07-30,12:30:43.754,0.02,1.97,0.01,0.43,1.67,5.64,0.53,0.74,0.89,0.0030,0.0003,0.50,0.10,63,1898.20,964.43,3888.13,1.97,16.40,0.02,0.20,2.90,13.03,0.00,47.65,36.42,100.00,0.00,0.00,0.00,7.56,1.38,0.02,
2026-07-30,12:30:44.753,0.18,3.66,0.05,1.01,3.93,6.01,2.41,0.71,0.76,0.0004,0.0002,0.57,0.05,71,13782.68,3761.27,3873.32,3.66,30.54,0.18,1.48,4.81,5.26,0.00,55.53,34.40,100.00,0.00,0.00,0.00,15.61,9.47,0.01,
2026-07-30,12:30:45.753,0.05,3.01,0.02,0.87,3.39,1.47,1.13,0.85,0.27,0.0004,0.0003,0.22,0.01,51,3821.49,1269.11,3879.88,3.01,25.09,0.05,0.41,1.88,0.25,0.00,60.01,37.85,100.00,0.00,0.00,0.00,8.89,2.97,0.00,
2026-07-30,12:30:46.753,0.05,3.02,0.02,0.82,3.20,1.05,1.06,0.89,0.78,0.0003,0.0003,0.19,0.01,71,3869.76,1280.47,3879.98,3.02,25.18,0.05,0.42,2.01,0.18,0.00,59.70,38.11,100.00,0.00,0.00,0.00,8.71,2.80,0.00,
2026-07-30,12:30:47.754,0.11,3.20,0.03,1.02,3.98,1.52,2.29,0.90,0.19,0.0002,0.0003,0.22,0.01,70,8621.61,2695.25,3881.83,3.20,26.66,0.11,0.93,3.41,1.01,0.00,59.24,36.34,100.00,0.00,0.00,0.00,12.63,6.65,0.00,
2026-07-30,12:30:48.754,0.00,1.48,0.00,0.32,1.24,0.84,0.23,0.90,0.58,0.0030,0.0008,0.18,0.01,71,277.19,187.63,3877.60,1.48,12.31,0.00,0.03,0.76,0.25,0.00,60.06,38.94,100.00,0.00,0.00,0.00,6.16,0.27,0.00,
2026-07-30,12:30:49.754,0.11,2.99,0.04,0.89,3.47,2.96,2.35,0.84,0.76,0.0003,0.0003,0.31,0.03,70,8740.82,2924.38,3879.89,2.99,24.91,0.11,0.94,4.24,13.49,0.00,48.09,34.18,100.00,0.00,0.00,0.00,12.91,6.81,0.00,
2026-07-30,12:30:50.754,0.11,3.20,0.03,1.01,3.94,1.71,2.28,0.87,0.21,0.0002,0.0003,0.24,0.01,69,8659.67,2704.32,3877.72,3.20,26.68,0.11,0.93,3.45,0.80,0.00,59.26,36.50,100.00,0.00,0.00,0.00,12.61,6.66,0.00,
2026-07-30,12:30:51.754,0.00,1.50,0.00,0.32,1.24,1.04,0.14,0.85,0.77,0.0037,0.0005,0.19,0.01,71,280.29,187.28,3877.65,1.50,12.47,0.00,0.03,0.76,0.51,0.00,59.17,39.56,100.00,0.00,0.00,0.00,6.18,0.27,0.00,
2026-07-30,12:30:52.755,0.11,3.22,0.03,1.06,4.14,1.43,2.22,0.88,0.21,0.0002,0.0003,0.22,0.01,70,8725.89,2707.08,3881.69,3.22,26.86,0.11,0.94,3.29,0.17,0.00,59.59,36.95,100.00,0.00,0.00,0.00,12.54,6.63,0.00,
2026-07-30,12:30:53.755,0.00,1.45,0.00,0.33,1.30,1.44,0.21,0.82,0.74,0.0044,0.0006,0.22,0.01,70,327.21,224.94,3877.79,1.45,12.12,0.00,0.04,0.87,0.49,0.00,59.51,39.13,100.00,0.00,0.00,0.00,6.28,0.36,0.00,
2026-07-30,12:30:54.755,0.11,3.24,0.03,1.10,4.27,1.48,2.16,0.86,0.19,0.0002,0.0003,0.22,0.01,70,8606.05,2655.45,3877.83,3.24,27.01,0.11,0.92,3.12,0.11,0.00,59.64,37.13,100.00,0.00,0.00,0.00,12.43,6.52,0.00,
2026-07-30,12:30:55.755,0.11,3.22,0.03,1.06,4.15,1.42,2.15,0.87,0.22,0.0002,0.0003,0.22,0.01,70,8544.69,2655.58,3879.91,3.22,26.81,0.11,0.92,3.22,0.22,0.00,59.49,37.07,100.00,0.00,0.00,0.00,12.42,6.50,0.00,
2026-07-30,12:30:56.756,0.01,1.42,0.01,0.48,1.87,2.89,0.38,0.73,0.73,0.0052,0.0007,0.32,0.02,71,555.74,390.24,3881.95,1.42,11.87,0.01,0.06,1.05,0.16,0.00,59.26,39.53,100.00,0.00,0.00,0.00,6.47,0.56,0.00,
2026-07-30,12:30:57.757,0.19,3.25,0.06,1.08,4.22,22.23,2.51,0.43,0.53,0.0015,0.0002,1.64,0.55,43,14682.30,4514.53,3881.57,3.25,27.10,0.19,1.58,5.37,6.73,0.00,53.71,34.19,100.00,0.00,0.00,0.00,18.65,12.35,0.00,
2026-07-30,12:30:58.757,0.17,3.26,0.05,1.13,4.39,16.95,4.01,0.50,0.53,0.0013,0.0003,1.57,0.45,66,13248.92,4061.84,3877.69,3.26,27.18,0.17,1.42,4.65,0.73,0.00,59.22,35.40,100.00,0.00,0.00,0.00,17.38,11.19,0.00,
2026-07-30,12:30:59.757,0.00,1.52,0.00,0.32,1.25,0.82,0.12,0.87,0.79,0.0030,0.0005,0.17,0.01,70,275.01,180.88,3878.18,1.52,12.67,0.00,0.03,0.73,0.24,0.00,59.48,39.56,100.00,0.00,0.00,0.00,6.17,0.26,0.00,
2026-07-30,12:31:00.757,0.11,3.15,0.04,1.03,4.00,1.86,2.20,0.86,0.23,0.0002,0.0003,0.25,0.02,70,8687.72,2754.64,3879.84,3.15,26.28,0.11,0.93,3.46,0.88,0.00,58.83,36.83,100.00,0.00,0.00,0.00,12.72,6.75,0.01,
2026-07-30,12:31:01.758,0.00,1.53,0.00,0.32,1.24,0.90,0.12,0.86,0.80,0.0032,0.0004,0.18,0.01,71,284.71,186.69,3881.35,1.53,12.71,0.00,0.03,0.75,0.16,0.00,59.54,39.55,100.00,0.00,0.00,0.00,6.24,0.33,0.00,
2026-07-30,12:31:02.759,0.11,3.18,0.03,1.04,4.07,1.39,2.15,0.89,0.23,0.0002,0.0003,0.21,0.01,70,8580.22,2698.20,3881.60,3.18,26.50,0.11,0.92,3.33,0.23,0.00,59.37,37.08,100.00,0.00,0.00,0.00,12.54,6.61,0.00,
2026-07-30,12:31:03.759,0.11,3.10,0.04,1.03,4.02,2.54,2.26,0.82,0.38,0.0003,0.0003,0.29,0.02,70,8842.49,2852.30,3879.97,3.10,25.83,0.11,0.95,3.57,0.26,0.00,59.53,36.64,100.00,0.00,0.00,0.00,12.95,6.99,0.00,
2026-07-30,12:31:04.759,0.01,1.81,0.00,0.36,1.42,1.15,0.12,0.83,0.87,0.0027,0.0003,0.20,0.01,71,427.01,235.76,3879.80,1.81,15.09,0.01,0.05,0.83,0.16,0.00,59.46,39.55,100.00,0.00,0.00,0.00,6.25,0.35,0.00,
2026-07-30,12:31:05.760,0.11,3.11,0.03,1.02,3.96,1.76,2.13,0.86,0.24,0.0002,0.0003,0.24,0.01,70,8361.79,2687.41,3881.49,3.11,25.93,0.11,0.90,3.41,0.33,0.00,59.54,36.72,100.00,0.00,0.00,0.00,12.55,6.60,0.00,
2026-07-30,12:31:06.760,0.01,2.24,0.01,0.50,1.96,2.15,0.36,0.76,0.67,0.0021,0.0004,0.26,0.03,56,1020.22,455.27,3877.92,2.24,18.67,0.01,0.11,1.17,0.27,0.00,59.38,39.18,100.00,0.00,0.00,0.00,6.74,0.81,0.00,
2026-07-30,12:31:07.761,0.11,3.07,0.04,1.02,3.98,2.87,2.18,0.82,0.39,0.0003,0.0003,0.31,0.02,71,8380.82,2726.78,3881.39,3.07,25.61,0.11,0.90,3.44,0.22,0.00,59.14,37.20,100.00,0.00,0.00,0.00,12.52,6.57,0.00,
2026-07-30,12:31:08.761,0.11,3.19,0.04,1.05,4.09,1.50,2.20,0.88,0.21,0.0002,0.0003,0.22,0.01,70,8740.35,2740.38,3880.00,3.19,26.58,0.11,0.94,3.36,0.18,0.00,59.46,37.00,100.00,0.00,0.00,0.00,12.68,6.73,0.00,
2026-07-30,12:31:09.762,0.00,1.45,0.00,0.31,1.21,0.88,0.14,0.88,0.76,0.0032,0.0005,0.18,0.01,71,275.09,189.54,3881.87,1.45,12.09,0.00,0.03,0.79,0.17,0.00,59.65,39.39,100.00,0.00,0.00,0.00,6.18,0.27,0.00,
2026-07-30,12:31:10.763,0.11,3.17,0.04,1.05,4.10,1.54,2.16,0.87,0.21,0.0002,0.0003,0.23,0.01,71,8619.94,2723.19,3881.32,3.17,26.38,0.11,0.93,3.34,0.15,0.00,59.47,37.04,100.00,0.00,0.00,0.00,12.60,6.66,0.00,
2026-07-30,12:31:11.763,0.18,2.40,0.07,1.09,4.24,24.09,5.80,0.62,0.72,0.0017,0.0004,1.88,0.19,67,13800.31,5743.02,3879.25,2.40,20.02,0.18,1.48,6.82,0.56,0.00,57.56,35.06,100.00,0.00,0.00,0.00,17.52,11.42,0.00,
2026-07-30,12:31:12.763,0.00,1.40,0.00,0.31,1.20,1.12,0.17,0.86,0.73,0.0038,0.0006,0.19,0.01,70,292.06,209.24,3879.20,1.40,11.63,0.00,0.03,0.88,0.21,0.00,59.41,39.50,100.00,0.00,0.00,0.00,6.21,0.29,0.00,
2026-07-30,12:31:13.763,0.11,3.19,0.03,1.02,3.97,1.60,2.21,0.88,0.20,0.0002,0.0003,0.23,0.01,70,8506.55,2667.36,3877.91,3.19,26.58,0.11,0.91,3.38,0.21,0.00,59.70,36.71,100.00,0.00,0.00,0.00,12.58,6.64,0.00,
2026-07-30,12:31:14.764,0.01,1.24,0.00,0.35,1.35,2.21,0.21,0.77,0.95,0.0049,0.0005,0.27,0.02,71,447.52,359.66,3881.48,1.24,10.37,0.01,0.05,1.33,5.92,0.00,54.07,38.67,100.00,0.00,0.00,0.00,6.54,0.54,0.00,
2026-07-30,12:31:15.765,0.11,3.16,0.04,1.04,4.05,2.23,2.20,0.83,0.34,0.0003,0.0003,0.27,0.02,71,8686.07,2749.73,3879.47,3.16,26.32,0.11,0.93,3.41,0.23,0.00,59.33,37.03,100.00,0.00,0.00,0.00,12.65,6.70,0.00,
2026-07-30,12:31:16.764,0.11,3.12,0.04,1.01,3.94,2.42,2.17,0.82,0.32,0.0003,0.0003,0.28,0.02,69,8659.05,2772.97,3879.36,3.12,26.02,0.11,0.93,3.54,0.35,0.00,59.30,36.81,100.00,0.00,0.00,0.00,12.61,6.66,0.00,
2026-07-30,12:31:17.765,0.02,2.34,0.01,0.54,2.11,3.68,0.40,0.73,0.77,0.0023,0.0003,0.37,0.03,70,1610.90,688.37,3881.32,2.34,19.50,0.02,0.17,1.64,0.26,0.00,59.34,38.76,100.00,0.00,0.00,0.00,7.25,1.25,0.00,
2026-07-30,12:31:18.766,0.11,3.16,0.04,1.04,4.06,2.09,2.28,0.85,0.20,0.0002,0.0003,0.27,0.02,70,8587.94,2721.51,3882.26,3.16,26.30,0.11,0.92,3.37,0.21,0.00,60.01,36.41,100.00,0.00,0.00,0.00,12.66,6.71,0.00,
2026-07-30,12:31:19.767,0.07,2.77,0.03,0.75,2.94,3.48,1.65,0.79,0.82,0.0006,0.0003,0.35,0.04,49,5598.51,2018.92,3881.51,2.77,23.11,0.07,0.60,3.45,11.75,0.00,49.14,35.67,100.00,0.00,0.00,0.00,10.59,4.52,0.00,
2026-07-30,12:31:20.767,0.05,3.06,0.01,0.85,3.33,1.30,0.99,0.87,0.34,0.0004,0.0003,0.21,0.02,70,3511.11,1149.00,3876.84,3.06,25.47,0.05,0.38,1.74,2.49,0.00,57.59,38.18,100.00,0.00,0.00,0.00,8.83,2.89,0.00,
2026-07-30,12:31:21.766,0.11,3.21,0.04,1.05,4.11,1.55,2.31,0.88,0.17,0.0002,0.0003,0.23,0.01,70,8750.84,2728.14,3877.71,3.21,26.73,0.11,0.94,3.34,0.56,0.00,59.44,36.66,100.00,0.00,0.00,0.00,12.63,6.69,0.00,
2026-07-30,12:31:22.767,0.00,1.52,0.00,0.33,1.29,0.82,0.19,0.89,0.62,0.0030,0.0007,0.17,0.01,71,272.80,179.49,3881.41,1.52,12.67,0.00,0.03,0.70,0.16,0.00,59.86,39.28,100.00,0.00,0.00,0.00,6.17,0.28,0.00,
2026-07-30,12:31:23.767,0.11,3.21,0.04,1.05,4.11,1.51,2.26,0.88,0.18,0.0002,0.0003,0.22,0.01,70,8711.93,2717.54,3877.36,3.21,26.72,0.11,0.94,3.32,0.21,0.00,59.58,36.89,100.00,0.00,0.00,0.00,12.64,6.71,0.00,
2026-07-30,12:31:24.767,0.11,3.23,0.03,1.06,4.14,1.51,2.21,0.87,0.18,0.0002,0.0003,0.22,0.01,70,8701.60,2694.31,3877.63,3.23,26.91,0.11,0.94,3.27,0.16,0.00,59.60,36.97,100.00,0.00,0.00,0.00,12.58,6.65,0.00,
2026-07-30,12:31:25.766,0.00,1.53,0.00,0.32,1.26,0.77,0.15,0.88,0.71,0.0028,0.0005,0.17,0.01,71,274.57,179.02,3876.11,1.53,12.78,0.00,0.03,0.71,0.21,0.00,59.70,39.37,100.00,0.00,0.00,0.00,6.17,0.27,0.00,
2026-07-30,12:31:26.766,0.11,3.19,0.03,1.04,4.04,1.48,2.24,0.88,0.19,0.0002,0.0003,0.22,0.01,70,8648.23,2709.68,3878.15,3.19,26.60,0.11,0.93,3.37,0.52,0.00,59.23,36.89,100.00,0.00,0.00,0.00,12.58,6.65,0.00,
2026-07-30,12:31:27.767,0.00,1.14,0.00,0.28,1.09,2.18,0.24,0.82,0.85,0.0067,0.0007,0.34,0.08,67,326.11,284.82,3881.85,1.14,9.54,0.00,0.04,1.31,6.36,0.00,53.56,38.77,100.00,0.00,0.00,0.00,6.43,0.30,0.07,
2026-07-30,12:31:28.767,0.25,3.25,0.08,1.11,4.31,39.35,4.47,0.40,0.60,0.0020,0.0002,3.12,1.03,68,19503.35,6003.45,3877.62,3.25,27.07,0.25,2.10,7.00,5.84,0.00,54.52,32.63,100.00,0.00,0.00,0.00,23.99,17.40,0.01,
2026-07-30,12:31:29.767,0.11,3.11,0.04,0.99,3.87,2.74,2.23,0.82,0.28,0.0003,0.0003,0.32,0.06,69,8736.34,2810.43,3876.55,3.11,25.90,0.11,0.94,3.65,0.68,0.00,58.93,36.74,100.00,0.00,0.00,0.00,12.78,6.76,0.02,
2026-07-30,12:31:30.767,0.00,1.40,0.00,0.29,1.12,2.16,0.18,0.79,0.82,0.0061,0.0005,0.29,0.06,70,355.82,253.59,3879.36,1.40,11.69,0.00,0.04,1.14,0.79,0.00,58.82,39.25,100.00,0.00,0.00,0.00,6.27,0.28,0.02,
2026-07-30,12:31:31.767,0.11,3.16,0.04,1.05,4.09,1.93,2.21,0.85,0.23,0.0002,0.0003,0.26,0.03,71,8703.44,2754.09,3879.79,3.16,26.33,0.11,0.93,3.39,0.49,0.00,59.22,36.90,100.00,0.00,0.00,0.00,12.71,6.75,0.01,
2026-07-30,12:31:32.768,0.11,3.14,0.04,1.02,3.96,2.31,2.22,0.84,0.26,0.0003,0.0003,0.30,0.04,62,8650.37,2758.76,3881.73,3.14,26.13,0.11,0.93,3.50,0.64,0.00,59.06,36.80,100.00,0.00,0.00,0.00,12.63,6.64,0.02,
2026-07-30,12:31:33.767,0.07,1.90,0.04,0.56,2.19,15.23,2.05,0.72,0.88,0.0027,0.0004,1.21,0.41,64,5643.11,2970.81,3878.08,1.90,15.83,0.07,0.61,6.82,22.89,0.00,40.50,29.80,100.00,0.00,0.00,0.00,11.05,4.66,0.05,
2026-07-30,12:31:34.768,0.13,2.96,0.04,0.80,3.11,7.70,2.69,0.75,0.53,0.0008,0.0003,0.75,0.25,69,10252.20,3459.26,3880.66,2.96,24.70,0.13,1.10,5.58,6.35,0.00,55.54,32.52,100.00,0.00,0.00,0.00,14.42,8.16,0.06,
2026-07-30,12:31:35.769,0.03,1.78,0.02,0.40,1.57,10.02,1.44,0.74,0.79,0.0040,0.0006,0.96,0.32,70,2514.21,1415.86,3881.76,1.78,14.80,0.03,0.27,4.53,14.36,0.00,48.01,33.10,100.00,0.00,0.00,0.00,8.42,2.07,0.08,
2026-07-30,12:31:36.770,0.11,3.02,0.04,0.88,3.42,4.75,2.49,0.81,0.31,0.0005,0.0003,0.61,0.24,70,8917.64,2956.29,3881.45,3.02,25.14,0.11,0.96,4.34,4.81,0.00,56.69,34.16,100.00,0.00,0.00,0.00,13.11,6.86,0.08,
2026-07-30,12:31:37.770,0.12,3.06,0.04,0.88,3.44,4.81,2.50,0.81,0.37,0.0005,0.0003,0.61,0.23,69,9003.04,2944.58,3877.71,3.06,25.48,0.12,0.97,4.30,6.18,0.00,55.36,34.16,100.00,0.00,0.00,0.00,13.27,6.97,0.08,
2026-07-30,12:31:38.770,0.01,1.32,0.01,0.27,1.04,4.71,0.45,0.78,0.74,0.0089,0.0009,0.59,0.23,70,532.44,401.92,3877.89,1.32,11.04,0.01,0.06,1.95,4.26,0.00,56.77,37.01,100.00,0.00,0.00,0.00,6.65,0.42,0.07,
2026-07-30,12:31:39.770,0.11,2.96,0.04,0.81,3.16,5.27,2.38,0.80,0.68,0.0006,0.0003,0.65,0.23,70,8392.35,2837.94,3880.20,2.96,24.64,0.11,0.90,4.51,4.12,0.00,56.38,35.00,100.00,0.00,0.00,0.00,12.43,6.17,0.09,
2026-07-30,12:31:40.771,0.01,1.33,0.01,0.29,1.14,4.97,0.53,0.77,0.77,0.0085,0.0009,0.63,0.23,58,586.81,439.88,3882.06,1.33,11.12,0.01,0.06,1.94,3.04,0.00,58.55,36.46,100.00,0.00,0.00,0.00,6.62,0.42,0.08,
2026-07-30,12:31:41.771,0.11,3.07,0.04,0.86,3.34,4.67,2.35,0.81,0.43,0.0005,0.0003,0.59,0.21,71,8745.78,2850.18,3876.90,3.07,25.57,0.11,0.94,4.29,4.28,0.00,55.86,35.57,100.00,0.00,0.00,0.00,12.90,6.69,0.07,
2026-07-30,12:31:42.771,0.12,3.00,0.04,0.83,3.23,5.47,2.57,0.80,0.46,0.0006,0.0003,0.68,0.25,68,8990.78,3001.13,3878.65,3.00,24.97,0.12,0.97,4.66,4.72,0.00,55.92,34.70,100.00,0.00,0.00,0.00,13.34,7.05,0.10,
2026-07-30,12:31:43.771,0.01,1.20,0.00,0.25,0.99,4.64,0.42,0.79,0.81,0.0100,0.0009,0.60,0.22,71,463.95,385.85,3880.10,1.20,10.02,0.01,0.05,1.95,2.88,0.00,59.09,36.07,100.00,0.00,0.00,0.00,6.58,0.35,0.08,
2026-07-30,12:31:44.772,0.12,2.92,0.04,0.82,3.21,6.37,2.60,0.77,0.69,0.0007,0.0003,0.70,0.23,71,9454.91,3242.89,3882.24,2.92,24.30,0.12,1.01,5.08,6.97,0.00,53.78,34.17,100.00,0.00,0.00,0.00,13.73,7.47,0.07,
2026-07-30,12:31:45.772,0.15,2.54,0.06,0.73,2.84,13.92,3.68,0.72,0.79,0.0012,0.0003,1.22,0.39,68,11965.90,4711.87,3877.86,2.54,21.16,0.15,1.29,8.35,23.41,0.00,40.93,27.31,100.00,0.00,0.00,0.00,16.93,10.46,0.08,
2026-07-30,12:31:46.772,0.01,1.46,0.01,0.28,1.07,5.82,0.54,0.77,0.78,0.0073,0.0007,0.67,0.25,70,791.62,544.05,3877.02,1.46,12.13,0.01,0.09,2.55,4.29,0.00,56.59,36.57,100.00,0.00,0.00,0.00,6.78,0.52,0.07,
2026-07-30,12:31:47.773,0.12,2.96,0.04,0.80,3.11,6.12,2.62,0.80,0.45,0.0007,0.0003,0.69,0.23,70,9148.63,3094.09,3881.97,2.96,24.64,0.12,0.98,4.99,4.96,0.00,56.04,34.01,100.00,0.00,0.00,0.00,13.37,7.07,0.08,
2026-07-30,12:31:48.773,0.01,1.21,0.01,0.25,0.98,5.74,0.59,0.77,0.78,0.0100,0.0010,0.67,0.24,70,573.49,475.00,3879.00,1.21,10.06,0.01,0.06,2.45,4.62,0.00,56.99,35.95,100.00,0.00,0.00,0.00,6.68,0.41,0.07,
2026-07-30,12:31:49.772,0.12,2.82,0.04,0.74,2.88,8.29,2.71,0.75,0.69,0.0009,0.0003,0.82,0.28,70,9030.09,3198.63,3877.71,2.82,23.53,0.12,0.97,5.58,11.72,0.00,50.32,32.38,100.00,0.00,0.00,0.00,13.54,7.22,0.08,
2026-07-30,12:31:50.773,0.11,2.87,0.04,0.79,3.06,7.00,2.71,0.76,0.65,0.0008,0.0003,0.74,0.25,69,8869.92,3086.27,3880.98,2.87,23.95,0.11,0.95,5.06,11.23,0.00,50.59,33.11,100.00,0.00,0.00,0.00,13.17,6.85,0.08,
2026-07-30,12:31:51.774,0.01,1.63,0.01,0.28,1.07,5.33,0.48,0.77,0.82,0.0057,0.0005,0.64,0.24,70,934.49,572.38,3878.85,1.63,13.61,0.01,0.10,2.68,5.56,0.00,55.68,36.07,100.00,0.00,0.00,0.00,6.81,0.57,0.08,
2026-07-30,12:31:52.774,0.12,2.98,0.04,0.91,3.54,4.02,2.35,0.80,0.55,0.0004,0.0003,0.43,0.08,68,9023.24,3031.87,3879.02,2.98,24.80,0.12,0.97,4.30,8.51,0.00,52.07,35.12,100.00,0.00,0.00,0.00,13.21,7.09,0.02,
2026-07-30,12:31:53.774,0.02,2.02,0.01,0.43,1.67,3.10,0.46,0.76,0.75,0.0027,0.0004,0.37,0.05,55,1166.27,576.69,3880.56,2.02,16.85,0.02,0.13,1.74,1.85,0.00,58.07,38.34,100.00,0.00,0.00,0.00,6.95,0.89,0.03,
2026-07-30,12:31:54.774,0.11,2.92,0.04,0.87,3.41,4.29,2.27,0.81,0.64,0.0005,0.0003,0.44,0.09,71,8810.66,3014.13,3877.11,2.92,24.36,0.11,0.95,4.45,10.83,0.00,49.37,35.36,100.00,0.00,0.00,0.00,13.29,7.11,0.02,
2026-07-30,12:31:55.774,0.11,3.11,0.04,0.94,3.68,2.57,2.28,0.84,0.27,0.0003,0.0003,0.34,0.04,70,8587.68,2759.51,3877.19,3.11,25.93,0.11,0.92,3.78,0.60,0.00,59.27,36.35,100.00,0.00,0.00,0.00,12.64,6.61,0.02,
2026-07-30,12:31:56.773,0.00,1.39,0.00,0.30,1.18,1.42,0.19,0.84,0.73,0.0050,0.0007,0.25,0.02,70,286.55,206.56,3876.22,1.39,11.56,0.00,0.03,0.88,1.09,0.00,58.87,39.16,100.00,0.00,0.00,0.00,6.26,0.28,0.01,
2026-07-30,12:31:57.774,0.11,3.13,0.04,1.00,3.91,2.38,2.25,0.84,0.27,0.0003,0.0003,0.33,0.04,70,8592.27,2741.15,3880.07,3.13,26.12,0.11,0.92,3.53,1.07,0.00,58.83,36.58,100.00,0.00,0.00,0.00,12.73,6.68,0.02,
2026-07-30,12:31:58.775,0.11,2.83,0.04,0.98,3.84,11.52,2.25,0.53,0.70,0.0013,0.0003,0.78,0.19,67,8682.72,3071.86,3879.46,2.83,23.55,0.11,0.93,4.02,3.07,0.00,56.46,36.44,100.00,0.00,0.00,0.00,12.84,6.76,0.00,
2026-07-30,12:31:59.774,0.14,3.51,0.04,1.09,4.23,29.51,2.52,0.38,0.69,0.0027,0.0002,2.61,0.85,70,11105.59,3167.45,3878.87,3.51,29.22,0.14,1.19,3.76,3.68,0.00,56.28,36.28,100.00,0.00,0.00,0.00,17.12,10.64,0.00,
2026-07-30,12:32:00.773,0.11,3.15,0.04,1.01,3.94,1.98,2.26,0.86,0.24,0.0002,0.0003,0.29,0.03,70,8682.26,2754.54,3877.76,3.15,26.27,0.11,0.93,3.51,0.59,0.00,59.33,36.57,100.00,0.00,0.00,0.00,12.70,6.69,0.01,
2026-07-30,12:32:01.775,0.00,1.45,0.00,0.31,1.22,1.01,0.20,0.87,0.67,0.0035,0.0007,0.22,0.01,70,288.38,198.48,3881.64,1.45,12.11,0.00,0.03,0.81,0.26,0.00,59.99,38.93,100.00,0.00,0.00,0.00,6.23,0.26,0.00,
2026-07-30,12:32:02.775,0.11,3.13,0.04,1.01,3.95,2.12,2.34,0.86,0.28,0.0002,0.0003,0.30,0.01,68,8768.68,2803.30,3879.43,3.13,26.07,0.11,0.94,3.57,0.67,0.00,60.26,35.51,100.00,0.00,0.00,0.00,12.78,6.77,0.00,
2026-07-30,12:32:03.775,0.11,3.12,0.04,1.04,4.04,1.84,2.28,0.86,0.22,0.0002,0.0003,0.28,0.01,69,8766.31,2806.33,3880.26,3.12,26.03,0.11,0.94,3.49,0.76,0.00,59.74,36.01,100.00,0.00,0.00,0.00,12.74,6.74,0.00,
2026-07-30,12:32:04.776,0.00,1.51,0.00,0.31,1.22,1.31,0.21,0.84,0.71,0.0040,0.0006,0.24,0.01,70,329.26,218.06,3881.10,1.51,12.58,0.00,0.04,0.90,2.60,0.00,57.71,38.79,100.00,0.00,0.00,0.00,6.29,0.29,0.00,
2026-07-30,12:32:05.776,0.11,3.17,0.04,1.05,4.10,1.70,2.24,0.87,0.20,0.0002,0.0003,0.27,0.01,70,8651.08,2725.51,3879.39,3.17,26.45,0.11,0.93,3.35,0.31,0.00,59.72,36.62,100.00,0.00,0.00,0.00,12.66,6.69,0.00,
2026-07-30,12:32:06.777,0.06,3.07,0.02,0.91,3.56,1.36,1.19,0.85,0.28,0.0003,0.0003,0.24,0.01,52,4335.55,1413.28,3882.35,3.07,25.56,0.06,0.47,1.99,0.28,0.00,59.53,38.19,100.00,0.00,0.00,0.00,9.30,3.32,0.00,
2026-07-30,12:32:07.777,0.06,3.13,0.02,0.97,3.80,0.85,1.13,0.90,0.25,0.0002,0.0003,0.21,0.01,70,4366.66,1394.67,3877.79,3.13,26.09,0.06,0.47,1.85,0.29,0.00,59.47,38.39,100.00,0.00,0.00,0.00,9.35,3.40,0.00,
2026-07-30,12:32:08.777,0.11,3.18,0.04,1.06,4.13,1.47,2.25,0.88,0.18,0.0002,0.0003,0.25,0.01,70,8689.58,2734.43,3877.93,3.18,26.48,0.11,0.93,3.33,0.17,0.00,59.86,36.63,100.00,0.00,0.00,0.00,12.66,6.70,0.00,
2026-07-30,12:32:09.778,0.00,1.53,0.00,0.33,1.29,0.86,0.18,0.88,0.66,0.0032,0.0007,0.21,0.01,71,270.09,177.05,3881.77,1.53,12.71,0.00,0.03,0.69,0.20,0.00,59.80,39.32,100.00,0.00,0.00,0.00,6.20,0.25,0.00,
2026-07-30,12:32:10.778,0.11,3.18,0.04,1.06,4.15,1.48,2.22,0.88,0.23,0.0002,0.0003,0.25,0.01,70,8666.67,2725.23,3880.63,3.18,26.50,0.11,0.93,3.30,0.78,0.00,59.12,36.80,100.00,0.00,0.00,0.00,12.67,6.68,0.00,
2026-07-30,12:32:11.778,0.11,3.18,0.03,1.06,4.14,1.47,2.20,0.88,0.20,0.0002,0.0003,0.25,0.01,69,8606.02,2702.86,3878.02,3.18,26.53,0.11,0.92,3.28,0.25,0.00,59.73,36.74,100.00,0.00,0.00,0.00,12.58,6.61,0.00,
2026-07-30,12:32:12.778,0.09,4.94,0.02,0.83,3.22,4.63,0.40,0.66,0.63,0.0007,0.0001,0.51,0.02,70,6736.13,1364.62,3879.87,4.94,41.14,0.09,0.72,2.13,1.29,0.00,59.40,37.19,100.00,0.00,0.00,0.00,10.15,4.03,0.00,
2026-07-30,12:32:13.779,0.11,3.16,0.04,1.03,4.03,1.69,2.23,0.88,0.25,0.0002,0.0003,0.26,0.01,68,8695.01,2752.18,3877.94,3.16,26.33,0.11,0.93,3.44,0.18,0.00,59.63,36.75,100.00,0.00,0.00,0.00,12.68,6.71,0.00,
2026-07-30,12:32:14.779,0.00,1.45,0.00,0.32,1.24,1.16,0.17,0.84,0.72,0.0041,0.0006,0.23,0.01,64,283.09,194.83,3879.71,1.45,12.11,0.00,0.03,0.79,0.59,0.00,59.26,39.36,100.00,0.00,0.00,0.00,6.23,0.26,0.00,
2026-07-30,12:32:15.779,0.11,3.20,0.03,1.06,4.12,1.25,2.19,0.90,0.16,0.0001,0.0003,0.23,0.01,71,8424.82,2630.71,3875.87,3.20,26.69,0.11,0.91,3.22,0.18,0.00,59.83,36.77,100.00,0.00,0.00,0.00,12.33,6.37,0.00,
2026-07-30,12:32:16.778,0.11,3.18,0.04,1.07,4.17,1.60,2.31,0.87,0.18,0.0002,0.0003,0.28,0.01,70,8855.14,2787.57,3877.89,3.18,26.47,0.11,0.95,3.36,1.55,0.00,58.46,36.62,100.00,0.00,0.00,0.00,12.85,6.84,0.00,
2026-07-30,12:32:17.779,0.01,2.26,0.01,0.51,2.00,2.57,0.25,0.73,0.77,0.0024,0.0002,0.32,0.01,70,1075.36,474.97,3879.98,2.26,18.87,0.01,0.12,1.19,0.15,0.00,59.70,38.95,100.00,0.00,0.00,0.00,6.68,0.70,0.00,
2026-07-30,12:32:18.778,0.11,3.18,0.04,1.05,4.11,1.64,2.26,0.87,0.19,0.0002,0.0003,0.26,0.01,70,8683.45,2731.95,3875.83,3.18,26.49,0.11,0.93,3.34,0.20,0.00,60.37,36.09,100.00,0.00,0.00,0.00,12.66,6.69,0.00,
2026-07-30,12:32:19.779,0.11,2.99,0.04,0.90,3.50,2.93,2.29,0.83,0.64,0.0004,0.0003,0.34,0.03,51,8200.68,2738.39,3883.74,2.99,24.96,0.11,0.88,3.93,7.65,0.00,53.45,34.96,100.00,0.00,0.00,0.00,12.42,6.35,0.00,
2026-07-30,12:32:20.778,0.02,2.01,0.01,0.53,2.05,2.46,0.62,0.82,0.88,0.0016,0.0004,0.31,0.03,70,1504.56,746.86,3872.93,2.01,16.79,0.02,0.16,1.83,10.53,0.00,51.61,36.03,100.00,0.00,0.00,0.00,7.76,1.69,0.00,
2026-07-30,12:32:21.778,0.11,3.03,0.03,0.99,3.85,1.89,2.18,0.86,0.73,0.0002,0.0003,0.28,0.02,70,8160.94,2693.47,3877.60,3.03,25.25,0.11,0.88,3.52,1.23,0.00,58.51,36.74,100.00,0.00,0.00,0.00,12.22,6.20,0.00,
2026-07-30,12:32:22.778,0.00,1.42,0.00,0.31,1.20,0.98,0.19,0.88,0.73,0.0034,0.0006,0.21,0.01,71,291.42,204.68,3879.01,1.42,11.86,0.00,0.03,0.86,0.20,0.00,59.62,39.32,100.00,0.00,0.00,0.00,6.23,0.28,0.00,
2026-07-30,12:32:23.778,0.11,3.14,0.04,1.04,4.07,1.62,2.27,0.88,0.21,0.0002,0.0003,0.26,0.01,71,8776.62,2794.15,3880.13,3.14,26.18,0.11,0.94,3.45,0.25,0.00,59.68,36.62,100.00,0.00,0.00,0.00,12.77,6.79,0.00,
2026-07-30,12:32:24.778,0.11,3.18,0.04,1.08,4.20,1.51,2.28,0.88,0.17,0.0002,0.0003,0.25,0.01,68,8697.21,2734.92,3879.14,3.18,26.50,0.11,0.93,3.28,0.18,0.00,59.99,36.56,100.00,0.00,0.00,0.00,12.71,6.74,0.00,
2026-07-30,12:32:25.779,0.00,1.19,0.00,0.28,1.08,2.01,0.23,0.84,0.84,0.0063,0.0007,0.34,0.07,71,318.84,267.52,3881.27,1.19,9.93,0.00,0.03,1.24,3.16,0.00,57.25,38.35,100.00,0.00,0.00,0.00,6.35,0.27,0.05,
2026-07-30,12:32:26.779,0.11,3.06,0.04,0.93,3.62,2.67,2.34,0.86,0.43,0.0003,0.0003,0.43,0.11,70,8909.50,2914.19,3878.81,3.06,25.48,0.11,0.96,4.05,5.97,0.00,54.25,35.73,100.00,0.00,0.00,0.00,13.09,6.94,0.08,
2026-07-30,12:32:27.780,0.00,1.40,0.00,0.31,1.21,1.57,0.20,0.82,0.79,0.0047,0.0006,0.26,0.02,71,334.31,239.56,3882.38,1.40,11.63,0.00,0.04,0.99,1.19,0.00,58.82,39.00,100.00,0.00,0.00,0.00,6.26,0.30,0.02,
2026-07-30,12:32:28.780,0.11,3.11,0.04,0.96,3.75,2.73,2.27,0.83,0.28,0.0003,0.0003,0.35,0.06,70,8738.64,2812.55,3877.44,3.11,25.89,0.11,0.94,3.76,1.05,0.00,58.99,36.19,100.00,0.00,0.00,0.00,12.84,6.83,0.02,
2026-07-30,12:32:29.780,0.21,3.31,0.06,1.04,4.06,25.70,2.71,0.44,0.54,0.0016,0.0002,1.94,0.68,44,16478.85,4976.24,3879.73,3.31,27.60,0.21,1.77,6.16,3.57,0.00,56.38,33.90,100.00,0.00,0.00,0.00,19.75,13.40,0.03,
2026-07-30,12:32:30.781,0.06,3.51,0.02,0.76,2.95,11.02,0.77,0.54,0.77,0.0023,0.0002,1.06,0.40,70,4712.83,1340.87,3881.90,3.51,29.29,0.06,0.51,2.29,1.33,0.00,58.59,37.80,100.00,0.00,0.00,0.00,10.19,4.01,0.01,
2026-07-30,12:32:31.781,0.11,3.11,0.04,1.02,3.99,2.41,2.30,0.83,0.27,0.0003,0.0003,0.31,0.03,70,8752.87,2813.75,3877.84,3.11,25.92,0.11,0.94,3.55,1.16,0.00,58.69,36.60,100.00,0.00,0.00,0.00,12.79,6.79,0.01,
2026-07-30,12:32:32.781,0.33,2.54,0.13,1.08,4.21,13.58,3.43,0.67,0.86,0.0005,0.0001,1.11,0.39,67,25822.29,10152.88,3880.41,2.54,21.19,0.33,2.77,12.13,3.94,0.00,53.09,30.84,100.00,0.00,0.00,0.00,26.46,20.13,0.05,
2026-07-30,12:32:33.782,0.07,2.19,0.03,0.82,3.19,5.64,1.52,0.87,0.88,0.0011,0.0003,0.56,0.16,63,5061.07,2309.42,3877.48,2.19,18.26,0.07,0.54,3.64,7.93,0.00,54.90,33.53,100.00,0.00,0.00,0.00,13.49,7.23,0.01,
2026-07-30,12:32:34.781,0.19,2.61,0.07,1.03,4.00,4.85,3.96,0.90,0.84,0.0003,0.0003,0.48,0.08,68,14987.28,5745.21,3879.66,2.61,21.74,0.19,1.61,7.21,9.93,0.00,53.81,29.04,100.00,0.00,0.00,0.00,22.63,16.38,0.01,
2026-07-30,12:32:35.782,0.03,2.71,0.01,0.54,2.11,4.70,0.63,0.74,0.89,0.0019,0.0003,0.49,0.08,70,2486.57,915.88,3881.36,2.71,22.62,0.03,0.27,2.18,3.99,0.00,57.06,36.77,100.00,0.00,0.00,0.00,8.07,1.95,0.02,
2026-07-30,12:32:36.818,0.18,2.82,0.07,1.05,4.09,12.08,3.08,0.69,0.71,0.0008,0.0002,0.93,0.29,56,14303.42,5067.27,3881.63,2.82,23.52,0.18,1.53,6.22,3.99,0.00,56.65,33.14,100.00,0.00,0.00,0.00,19.27,12.98,0.01,
2026-07-30,12:32:38.223,0.53,2.85,0.19,1.24,4.86,27.50,8.56,0.79,0.88,0.0007,0.0002,1.97,0.68,43,41719.13,14658.98,3882.03,2.85,23.72,0.53,4.39,14.87,4.68,0.00,55.06,25.39,100.00,0.00,0.00,0.00,43.33,36.60,0.05,
2026-07-30,12:32:38.787,0.32,2.79,0.12,1.20,4.70,18.16,5.00,0.80,0.92,0.0007,0.0002,1.92,0.70,43,24485.79,8765.58,3888.72,2.79,23.28,0.32,2.68,9.57,5.00,0.00,57.01,28.43,100.00,0.00,0.00,0.00,41.51,34.75,0.01,
2026-07-30,12:32:39.786,0.51,2.90,0.17,1.25,4.87,21.71,7.05,0.79,0.90,0.0006,0.0002,1.87,0.68,45,39229.05,13537.31,3877.93,2.90,24.15,0.51,4.22,13.98,2.20,0.00,57.88,25.94,100.00,0.00,0.00,0.00,47.19,40.48,0.01,
2026-07-30,12:32:40.788,0.12,2.14,0.06,0.60,2.34,42.71,2.97,0.62,0.82,0.0046,0.0003,6.00,5.07,57,9302.04,4348.29,3881.49,2.14,17.83,0.12,1.00,9.35,18.98,0.00,55.96,15.71,100.00,0.00,0.00,0.00,21.66,10.86,3.73,
2026-07-30,12:32:41.788,0.12,3.07,0.04,0.87,3.40,2.30,2.42,0.87,0.57,0.0002,0.0003,0.37,0.04,70,9205.02,2999.36,3880.19,3.07,25.57,0.12,0.99,4.43,3.71,0.00,56.97,34.89,100.00,0.00,0.00,0.00,13.22,7.14,0.02,
2026-07-30,12:32:42.788,0.11,2.96,0.04,0.86,3.36,3.49,2.48,0.86,0.61,0.0004,0.0003,0.52,0.10,70,8851.97,2985.76,3878.11,2.96,24.71,0.11,0.95,4.47,5.81,0.00,56.21,33.51,100.00,0.00,0.00,0.00,13.10,6.86,0.10,
2026-07-30,12:32:43.788,0.06,2.20,0.03,0.46,1.80,22.29,1.70,0.68,0.81,0.0044,0.0003,3.41,2.77,68,5036.07,2291.90,3877.72,2.20,18.31,0.06,0.54,6.41,22.58,0.00,46.86,24.15,100.00,0.00,0.00,0.00,13.79,5.10,2.03,
2026-07-30,12:32:44.788,0.14,2.82,0.05,0.81,3.17,16.46,2.90,0.66,0.66,0.0015,0.0003,2.37,1.90,70,11121.20,3941.42,3880.59,2.82,23.51,0.14,1.19,6.25,10.48,0.00,53.76,29.51,100.00,0.00,0.00,0.00,17.49,9.65,1.40,
2026-07-30,12:32:45.789,0.12,3.07,0.04,0.87,3.39,2.44,2.35,0.86,0.58,0.0003,0.0003,0.37,0.02,68,9205.65,2994.18,3881.88,3.07,25.62,0.12,0.99,4.44,2.35,0.00,57.80,35.42,100.00,0.00,0.00,0.00,12.97,6.89,0.00,
2026-07-30,12:32:46.789,0.03,2.30,0.01,0.39,1.50,7.84,0.65,0.72,0.87,0.0031,0.0003,1.18,0.79,66,2513.65,1093.73,3876.71,2.30,19.15,0.03,0.27,3.66,3.45,0.00,57.58,35.32,100.00,0.00,0.00,0.00,8.51,1.86,0.47,
2026-07-30,12:32:47.789,0.18,2.74,0.07,0.74,2.90,29.22,3.95,0.65,0.74,0.0021,0.0003,4.54,3.87,69,14035.59,5129.88,3880.18,2.74,22.80,0.18,1.51,8.88,22.28,0.00,45.58,23.26,100.00,0.00,0.00,0.00,22.25,12.55,2.89,
2026-07-30,12:32:48.788,0.01,1.00,0.01,0.26,1.01,3.65,0.49,0.85,0.89,0.0077,0.0010,0.57,0.15,70,474.07,472.75,3876.03,1.00,8.36,0.01,0.05,2.36,5.09,0.00,58.39,34.15,100.00,0.00,0.00,0.00,6.50,0.27,0.10,
2026-07-30,12:32:49.789,0.11,2.91,0.04,0.86,3.34,3.14,2.29,0.85,0.82,0.0004,0.0003,0.43,0.05,70,8599.78,2951.62,3881.74,2.91,24.28,0.11,0.92,4.44,6.83,0.00,54.30,34.42,100.00,0.00,0.00,0.00,12.76,6.63,0.02,
2026-07-30,12:32:50.789,0.29,2.82,0.10,0.65,2.52,38.61,5.05,0.65,0.81,0.0017,0.0002,5.20,4.28,60,22720.42,8068.16,3876.88,2.82,23.47,0.29,2.44,16.12,26.62,0.00,39.77,17.49,100.00,0.00,0.00,0.00,26.70,16.96,2.86,
2026-07-30,12:32:51.789,0.04,2.40,0.02,0.43,1.66,7.51,0.82,0.73,0.84,0.0026,0.0003,1.05,0.64,70,2862.36,1193.05,3878.28,2.40,19.99,0.04,0.31,3.61,8.20,0.00,54.44,33.75,100.00,0.00,0.00,0.00,8.74,2.15,0.40,
2026-07-30,12:32:52.789,0.12,3.00,0.04,0.92,3.60,3.46,2.61,0.84,0.59,0.0004,0.0003,0.43,0.02,69,9517.76,3174.62,3879.31,3.00,24.98,0.12,1.02,4.43,2.14,0.00,58.45,34.97,100.00,0.00,0.00,0.00,13.52,7.47,0.00,
2026-07-30,12:32:53.789,0.12,3.12,0.04,0.58,2.27,22.56,1.71,0.62,0.78,0.0023,0.0002,3.00,2.16,49,9659.47,3099.72,3878.04,3.12,25.97,0.12,1.04,6.86,10.87,0.00,54.45,27.81,100.00,0.00,0.00,0.00,14.66,6.78,1.44,
2026-07-30,12:32:54.790,0.17,2.99,0.06,0.81,3.14,22.12,3.13,0.64,0.71,0.0016,0.0002,3.27,2.62,66,13434.43,4486.81,3881.16,2.99,24.95,0.17,1.44,7.17,16.30,0.00,49.68,26.85,100.00,0.00,0.00,0.00,19.48,10.97,1.89,
2026-07-30,12:32:55.792,0.11,3.05,0.04,0.94,3.65,1.92,2.21,0.88,0.71,0.0002,0.0003,0.34,0.01,70,8378.97,2751.53,3879.53,3.05,25.38,0.11,0.90,3.78,1.17,0.00,58.96,36.09,100.00,0.00,0.00,0.00,11.98,5.98,0.00,
2026-07-30,12:32:56.793,0.01,1.45,0.01,0.31,1.20,2.75,0.29,0.82,0.92,0.0047,0.0005,0.50,0.17,69,585.40,403.07,3880.51,1.45,12.10,0.01,0.06,1.68,2.07,0.00,58.58,37.67,100.00,0.00,0.00,0.00,6.56,0.43,0.08,
2026-07-30,12:32:57.791,0.26,2.40,0.11,0.84,3.29,57.43,7.07,0.58,0.71,0.0029,0.0004,6.85,4.66,69,19970.67,8336.30,3881.44,2.40,19.96,0.26,2.14,12.73,21.82,0.00,45.60,19.85,100.00,0.00,0.00,0.00,28.95,18.68,3.25,
2026-07-30,12:32:58.791,0.12,3.01,0.04,0.90,3.53,3.35,2.49,0.84,0.59,0.0004,0.0003,0.44,0.04,68,9219.03,3058.90,3877.61,3.01,25.12,0.12,0.99,4.36,2.17,0.00,58.60,34.87,100.00,0.00,0.00,0.00,13.23,7.15,0.00,
2026-07-30,12:32:59.791,0.09,4.16,0.02,0.72,2.82,7.49,0.47,0.66,0.90,0.0010,0.0001,0.76,0.08,70,7251.31,1743.86,3878.61,4.16,34.65,0.09,0.78,3.11,7.67,0.00,53.84,35.38,100.00,0.00,0.00,0.00,10.44,4.14,0.01,
2026-07-30,12:33:00.795,0.32,2.97,0.11,0.90,3.51,66.78,5.87,0.46,0.74,0.0027,0.0002,7.20,4.57,67,24891.80,8393.98,3881.79,2.97,24.71,0.32,2.67,12.01,19.63,0.00,48.23,20.14,100.00,0.00,0.00,0.00,30.81,21.32,2.44,
2026-07-30,12:33:01.793,0.03,1.94,0.01,0.45,1.76,9.75,0.55,0.68,0.89,0.0050,0.0003,1.59,1.18,70,1940.79,1001.41,3880.21,1.94,16.15,0.03,0.21,2.86,7.75,0.00,54.87,34.52,100.00,0.00,0.00,0.00,9.21,2.10,0.84,
2026-07-30,12:33:02.793,0.11,2.97,0.04,0.90,3.53,2.58,2.26,0.86,0.74,0.0003,0.0003,0.38,0.03,70,8672.92,2924.36,3879.43,2.97,24.71,0.11,0.93,4.17,2.45,0.00,57.47,35.92,100.00,0.00,0.00,0.00,12.56,6.50,0.00,
2026-07-30,12:33:03.795,0.13,2.82,0.04,0.78,3.05,12.85,2.49,0.70,0.67,0.0013,0.0003,2.02,1.56,58,9787.55,3467.50,3881.82,2.82,23.52,0.13,1.05,5.72,7.15,0.00,55.18,31.96,100.00,0.00,0.00,0.00,15.68,8.22,1.10,
2026-07-30,12:33:04.794,0.14,3.30,0.04,0.67,2.60,27.97,1.54,0.60,0.80,0.0025,0.0001,4.06,3.15,70,11192.43,3389.62,3881.55,3.30,27.52,0.14,1.20,6.54,16.21,0.00,53.06,24.19,100.00,0.00,0.00,0.00,17.56,8.56,2.25,
2026-07-30,12:33:05.794,0.12,3.04,0.04,0.92,3.59,2.57,2.49,0.87,0.56,0.0003,0.0003,0.39,0.03,70,9302.19,3060.31,3877.46,3.04,25.33,0.12,1.00,4.29,4.54,0.00,56.18,34.99,100.00,0.00,0.00,0.00,13.28,7.19,0.00,
2026-07-30,12:33:06.796,0.01,1.47,0.01,0.38,1.50,5.00,0.81,0.75,0.83,0.0048,0.0008,0.54,0.05,56,1050.28,716.28,3876.87,1.47,12.22,0.01,0.11,2.41,3.92,0.00,56.20,37.47,100.00,0.00,0.00,0.00,6.92,0.83,0.00,
2026-07-30,12:33:07.794,0.16,2.61,0.06,0.66,2.59,34.12,3.17,0.63,0.88,0.0028,0.0003,5.15,4.51,69,12185.51,4675.12,3879.31,2.61,21.72,0.16,1.31,9.08,16.52,0.00,54.25,20.15,100.00,0.00,0.00,0.00,20.95,10.74,3.31,
2026-07-30,12:33:08.795,0.11,2.36,0.04,0.89,3.48,10.41,3.18,0.70,0.88,0.0013,0.0004,0.91,0.07,69,8155.32,3459.63,3878.00,2.36,19.64,0.11,0.88,4.99,5.49,0.00,53.06,36.46,100.00,0.00,0.00,0.00,11.85,5.68,0.00,
2026-07-30,12:33:09.794,0.01,1.34,0.01,0.31,1.22,2.63,0.41,0.83,0.89,0.0047,0.0007,0.40,0.04,70,558.60,418.17,3879.34,1.34,11.13,0.01,0.06,1.72,4.69,0.00,55.95,37.64,100.00,0.00,0.00,0.00,6.41,0.32,0.00,
2026-07-30,12:33:10.800,0.17,2.84,0.06,0.76,2.96,23.50,3.52,0.66,0.64,0.0018,0.0003,3.48,2.87,57,13186.15,4635.84,3879.12,2.84,23.70,0.17,1.42,7.88,12.43,0.00,55.25,24.44,100.00,0.00,0.00,0.00,20.42,11.77,2.03,
2026-07-30,12:33:11.795,0.14,2.85,0.05,0.79,3.07,15.42,2.95,0.68,0.75,0.0014,0.0003,2.31,1.81,68,11052.28,3877.11,3880.45,2.85,23.76,0.14,1.19,6.34,11.10,0.00,52.85,29.71,100.00,0.00,0.00,0.00,17.08,9.30,1.34,
2026-07-30,12:33:12.795,0.02,2.35,0.01,0.44,1.71,3.94,0.24,0.77,0.94,0.0024,0.0001,0.46,0.04,59,1662.34,707.24,3877.86,2.35,19.59,0.02,0.18,2.08,3.02,0.00,57.85,37.05,100.00,0.00,0.00,0.00,6.91,0.83,0.00,
2026-07-30,12:33:13.799,0.23,3.48,0.07,0.79,3.09,13.52,3.37,0.70,0.59,0.0008,0.0002,1.67,0.95,58,18014.96,5181.53,3876.86,3.48,28.97,0.23,1.94,8.42,7.12,0.00,55.56,28.90,100.00,0.00,0.00,0.00,20.14,13.15,0.60,
2026-07-30,12:33:14.795,0.16,2.57,0.06,0.52,2.03,34.16,3.27,0.65,0.74,0.0027,0.0003,4.66,3.85,68,12783.76,4974.03,3878.13,2.57,21.42,0.16,1.37,12.29,22.74,0.00,46.35,18.62,100.00,0.00,0.00,0.00,20.43,10.88,2.74,
2026-07-30,12:33:15.795,0.12,3.02,0.04,0.90,3.51,3.19,2.44,0.85,0.60,0.0003,0.0003,0.41,0.04,70,9335.47,3094.19,3880.01,3.02,25.14,0.12,1.00,4.44,1.46,0.00,58.96,35.15,100.00,0.00,0.00,0.00,13.27,7.21,0.00,
2026-07-30,12:33:16.796,0.12,3.03,0.04,0.92,3.60,2.79,2.42,0.86,0.59,0.0003,0.0003,0.37,0.03,69,9301.22,3066.02,3881.84,3.03,25.28,0.12,1.00,4.28,2.20,0.00,58.02,35.50,100.00,0.00,0.00,0.00,13.25,7.18,0.00,
2026-07-30,12:33:17.799,0.09,2.37,0.04,0.55,2.16,32.89,1.88,0.62,0.80,0.0048,0.0003,4.89,4.18,65,6870.14,2894.21,3877.68,2.37,19.78,0.09,0.74,6.75,18.01,0.00,52.77,22.48,100.00,0.00,0.00,0.00,17.40,7.44,3.15,
2026-07-30,12:33:18.796,0.22,3.56,0.06,0.95,3.69,10.42,2.89,0.69,0.59,0.0006,0.0002,1.17,0.48,70,16691.52,4683.01,3878.80,3.56,29.70,0.22,1.79,6.38,11.41,0.00,51.90,30.31,100.00,0.00,0.00,0.00,18.37,11.67,0.33,
2026-07-30,12:33:19.796,0.03,2.22,0.01,0.50,1.94,3.49,0.82,0.80,0.83,0.0015,0.0004,0.41,0.04,53,2301.13,1035.40,3880.02,2.22,18.52,0.03,0.25,2.68,8.75,0.00,52.14,36.43,100.00,0.00,0.00,0.00,7.92,1.78,0.00,
2026-07-30,12:33:20.798,0.14,2.73,0.05,0.71,2.78,20.83,3.07,0.67,0.76,0.0019,0.0003,2.96,2.34,65,11150.73,4087.94,3876.28,2.73,22.73,0.14,1.20,7.39,18.75,0.00,47.67,26.19,100.00,0.00,0.00,0.00,18.38,10.12,1.72,
2026-07-30,12:33:21.796,0.16,2.88,0.06,0.80,3.10,19.80,3.37,0.66,0.63,0.0016,0.0003,2.92,2.37,70,12591.96,4367.91,3879.74,2.88,24.02,0.16,1.35,7.07,19.17,0.00,47.01,26.75,100.00,0.00,0.00,0.00,19.41,11.07,1.77,
2026-07-30,12:33:22.796,0.01,1.22,0.00,0.29,1.15,2.04,0.19,0.84,0.94,0.0048,0.0005,0.32,0.02,70,423.88,348.71,3877.87,1.22,10.13,0.01,0.05,1.52,3.76,0.00,56.55,38.17,100.00,0.00,0.00,0.00,6.30,0.23,0.00,
2026-07-30,12:33:23.798,0.22,3.60,0.06,0.94,3.65,10.74,2.82,0.68,0.62,0.0006,0.0002,1.18,0.45,67,16914.74,4699.80,3884.69,3.60,29.99,0.22,1.82,6.46,6.85,0.00,55.06,31.63,100.00,0.00,0.00,0.00,18.45,11.82,0.29,
2026-07-30,12:33:24.797,0.19,2.83,0.07,0.73,2.85,32.04,4.13,0.65,0.63,0.0022,0.0003,4.86,4.21,67,14746.52,5214.26,3877.57,2.83,23.57,0.19,1.58,9.18,20.27,0.00,53.23,17.32,100.00,0.00,0.00,0.00,23.89,13.82,3.20,
2026-07-30,12:33:25.797,0.01,1.28,0.00,0.29,1.14,1.91,0.27,0.86,0.92,0.0041,0.0006,0.33,0.03,70,468.60,366.03,3878.86,1.28,10.67,0.01,0.05,1.61,1.88,0.00,58.79,37.73,100.00,0.00,0.00,0.00,6.28,0.23,0.00,
2026-07-30,12:33:26.798,0.11,3.00,0.04,0.92,3.59,2.04,2.26,0.88,0.75,0.0002,0.0003,0.33,0.02,69,8815.96,2937.17,3881.99,3.00,25.01,0.11,0.95,4.11,2.57,0.00,57.08,36.24,100.00,0.00,0.00,0.00,12.71,6.67,0.00,
2026-07-30,12:33:27.799,0.07,2.32,0.03,0.50,1.97,27.01,1.57,0.64,0.80,0.0051,0.0003,4.17,3.62,68,5324.56,2290.16,3877.13,2.32,19.37,0.07,0.57,5.86,15.66,0.00,53.04,25.44,100.00,0.00,0.00,0.00,15.40,5.99,2.70,
2026-07-30,12:33:28.798,0.13,2.93,0.04,0.85,3.30,8.72,2.75,0.74,0.73,0.0009,0.0003,1.32,0.93,70,10076.66,3443.37,3880.79,2.93,24.39,0.13,1.08,5.24,6.51,0.00,55.58,32.67,100.00,0.00,0.00,0.00,14.86,7.96,0.67,
2026-07-30,12:33:29.799,0.11,3.10,0.04,0.94,3.68,1.81,2.33,0.89,0.31,0.0002,0.0003,0.31,0.01,68,8840.76,2855.36,3877.72,3.10,25.80,0.11,0.95,3.90,2.66,0.00,57.99,35.45,100.00,0.00,0.00,0.00,12.88,6.85,0.00,
2026-07-30,12:33:30.797,0.13,3.36,0.04,0.70,2.72,24.31,1.15,0.54,0.82,0.0025,0.0001,2.87,1.88,67,9773.01,2904.99,3875.90,3.36,28.04,0.13,1.05,5.37,11.51,0.00,51.85,31.27,100.00,0.00,0.00,0.00,14.08,6.37,1.25,
2026-07-30,12:33:31.797,0.31,3.03,0.10,0.94,3.68,56.91,5.83,0.47,0.73,0.0023,0.0002,6.32,3.95,68,24305.05,8024.62,3877.52,3.03,25.24,0.31,2.61,10.95,18.01,0.00,49.45,21.59,100.00,0.00,0.00,0.00,29.63,20.51,2.23,
2026-07-30,12:33:32.798,0.01,1.19,0.00,0.31,1.21,1.91,0.33,0.86,0.90,0.0044,0.0008,0.33,0.02,59,429.51,359.47,3880.94,1.19,9.96,0.01,0.05,1.50,2.99,0.00,57.72,37.79,100.00,0.00,0.00,0.00,6.36,0.29,0.00,
2026-07-30,12:33:33.799,0.11,3.01,0.04,0.94,3.65,1.68,2.24,0.90,0.77,0.0002,0.0003,0.31,0.01,71,8623.85,2867.82,3881.73,3.01,25.06,0.11,0.93,3.95,1.90,0.00,58.64,35.52,100.00,0.00,0.00,0.00,12.38,6.36,0.00,
2026-07-30,12:33:34.798,0.19,2.71,0.07,0.72,2.81,33.86,3.79,0.63,0.74,0.0023,0.0003,5.26,4.58,69,14540.07,5356.81,3877.36,2.71,22.62,0.19,1.56,9.58,21.70,0.00,47.59,21.12,100.00,0.00,0.00,0.00,23.88,13.44,3.49,
2026-07-30,12:33:35.799,0.01,1.54,0.01,0.29,1.14,2.69,0.33,0.82,0.91,0.0039,0.0005,0.38,0.03,70,694.74,452.15,3877.35,1.54,12.80,0.01,0.07,1.99,4.44,0.00,55.95,37.62,100.00,0.00,0.00,0.00,6.39,0.31,0.00,
2026-07-30,12:33:36.798,0.21,3.75,0.06,1.01,3.93,6.34,2.67,0.74,0.58,0.0004,0.0002,0.68,0.04,70,16169.18,4312.21,3876.62,3.75,31.25,0.21,1.74,5.52,5.70,0.00,55.30,33.48,100.00,0.00,0.00,0.00,17.19,10.97,0.00,
2026-07-30,12:33:37.798,0.19,2.80,0.07,0.73,2.84,24.51,3.99,0.68,0.74,0.0017,0.0003,3.64,3.04,50,14527.38,5191.05,3878.25,2.80,23.32,0.19,1.56,9.17,11.03,0.00,57.03,22.77,100.00,0.00,0.00,0.00,21.14,12.18,2.33,
2026-07-30,12:33:38.799,0.03,2.11,0.02,0.46,1.78,13.31,0.92,0.68,0.83,0.0050,0.0003,2.04,1.62,71,2645.77,1252.44,3882.11,2.11,17.60,0.03,0.28,3.54,11.08,0.00,53.95,31.44,100.00,0.00,0.00,0.00,10.46,2.85,1.24,
2026-07-30,12:33:39.799,0.12,3.05,0.04,0.94,3.68,2.26,2.45,0.88,0.56,0.0002,0.0003,0.34,0.02,68,9398.19,3079.34,3879.51,3.05,25.43,0.12,1.01,4.21,3.09,0.00,57.15,35.55,100.00,0.00,0.00,0.00,13.33,7.25,0.00,
2026-07-30,12:33:40.800,0.04,2.31,0.02,0.41,1.60,9.29,0.80,0.72,0.84,0.0033,0.0003,1.42,1.04,69,2839.08,1231.70,3882.10,2.31,19.21,0.04,0.30,3.87,5.48,0.00,56.77,33.88,100.00,0.00,0.00,0.00,9.40,2.43,0.77,
2026-07-30,12:33:41.800,0.16,2.79,0.06,0.76,2.95,27.06,3.55,0.65,0.67,0.0021,0.0003,4.14,3.55,70,12796.51,4594.63,3878.57,2.79,23.21,0.16,1.37,7.82,18.40,0.00,50.98,22.81,100.00,0.00,0.00,0.00,21.23,11.55,2.90,
2026-07-30,12:33:42.800,0.12,3.08,0.04,0.97,3.77,1.97,2.44,0.88,0.55,0.0002,0.0003,0.33,0.01,69,9410.01,3052.21,3878.23,3.08,25.69,0.12,1.01,4.07,2.53,0.00,58.21,35.19,100.00,0.00,0.00,0.00,13.29,7.26,0.01,
2026-07-30,12:33:43.800,0.10,4.34,0.02,0.67,2.60,6.84,0.56,0.67,0.87,0.0009,0.0001,0.71,0.05,70,7580.97,1748.73,3877.72,4.34,36.13,0.10,0.81,3.38,4.99,0.00,56.61,35.02,100.00,0.00,0.00,0.00,10.53,4.30,0.00,
2026-07-30,12:33:44.801,0.22,2.80,0.08,0.75,2.91,34.07,4.45,0.64,0.64,0.0020,0.0003,4.99,4.26,68,17089.20,6111.11,3881.25,2.80,23.30,0.22,1.83,10.55,18.64,0.00,49.45,21.36,100.00,0.00,0.00,0.00,25.65,15.35,3.43,
2026-07-30,12:33:45.801,0.01,1.82,0.01,0.33,1.30,4.42,0.38,0.77,0.90,0.0043,0.0004,0.71,0.40,70,1029.66,565.86,3878.42,1.82,15.16,0.01,0.11,2.19,5.44,0.00,55.72,36.65,100.00,0.00,0.00,0.00,7.18,0.77,0.30,
2026-07-30,12:33:46.800,0.12,3.06,0.04,0.94,3.67,2.36,2.44,0.87,0.57,0.0002,0.0003,0.35,0.02,70,9452.00,3084.11,3878.02,3.06,25.54,0.12,1.02,4.22,1.78,0.00,58.80,35.20,100.00,0.00,0.00,0.00,13.43,7.39,0.00,
2026-07-30,12:33:47.801,0.16,2.90,0.06,0.75,2.94,18.64,3.39,0.68,0.63,0.0015,0.0003,2.76,2.25,68,12798.90,4408.96,3881.15,2.90,24.19,0.16,1.37,7.53,10.75,0.00,53.06,28.66,100.00,0.00,0.00,0.00,18.90,10.64,1.76,
2026-07-30,12:33:48.802,0.06,2.19,0.03,0.55,2.13,19.26,1.30,0.67,0.90,0.0040,0.0003,2.93,2.39,68,4770.26,2173.73,3881.23,2.19,18.29,0.06,0.51,5.13,12.97,0.00,53.98,27.92,100.00,0.00,0.00,0.00,13.48,4.89,1.99,
2026-07-30,12:33:49.802,0.13,2.81,0.05,0.85,3.31,5.03,2.80,0.82,0.75,0.0005,0.0003,0.52,0.07,70,10224.75,3635.81,3880.69,2.81,23.44,0.13,1.10,5.52,7.95,0.00,52.96,33.58,100.00,0.00,0.00,0.00,14.62,8.46,0.00,
2026-07-30,12:33:50.805,0.08,2.63,0.03,0.68,2.66,5.77,1.64,0.77,0.84,0.0010,0.0003,0.73,0.30,52,5855.95,2224.30,3880.27,2.63,21.94,0.08,0.63,4.21,14.63,0.00,46.11,35.05,100.00,0.00,0.00,0.00,10.68,4.34,0.14,
2026-07-30,12:33:51.802,0.12,2.54,0.05,0.61,2.36,31.57,2.43,0.63,0.78,0.0033,0.0003,5.09,4.38,70,9506.41,3746.23,3876.53,2.54,21.15,0.12,1.02,7.98,21.51,0.00,50.47,20.04,100.00,0.00,0.00,0.00,20.03,9.51,3.62,
2026-07-30,12:33:52.803,0.13,3.07,0.04,0.89,3.46,2.40,2.56,0.88,0.54,0.0002,0.0003,0.35,0.02,69,9799.06,3188.11,3881.39,3.07,25.61,0.13,1.05,4.62,2.92,0.00,57.97,34.48,100.00,0.00,0.00,0.00,13.50,7.44,0.00,
2026-07-30,12:33:53.803,0.07,1.75,0.04,0.82,3.19,23.55,3.43,0.65,0.78,0.0043,0.0006,1.82,0.48,70,5500.99,3142.23,3877.79,1.75,14.59,0.07,0.59,4.95,3.19,0.00,57.26,34.60,100.00,0.00,0.00,0.00,12.49,6.17,0.00,
2026-07-30,12:33:54.804,0.29,2.71,0.11,0.71,2.77,38.70,5.18,0.65,0.76,0.0017,0.0002,4.92,3.83,57,22216.38,8207.15,3877.17,2.71,22.56,0.29,2.39,14.92,17.12,0.00,51.37,16.59,100.00,0.00,0.00,0.00,27.43,18.05,2.61,
2026-07-30,12:33:55.803,0.27,3.00,0.09,0.87,3.41,29.45,4.23,0.61,0.83,0.0014,0.0002,2.83,1.29,67,20992.45,7004.36,3879.65,3.00,24.98,0.27,2.25,10.34,11.09,0.00,52.13,26.45,100.00,0.00,0.00,0.00,21.99,14.65,0.79,
2026-07-30,12:33:56.802,0.01,1.23,0.01,0.37,1.44,3.02,0.37,0.81,0.93,0.0044,0.0006,0.38,0.05,70,679.06,551.43,3876.00,1.23,10.26,0.01,0.07,1.92,5.81,0.00,54.63,37.64,100.00,0.00,0.00,0.00,6.82,0.74,0.00,
2026-07-30,12:33:57.804,0.12,2.60,0.05,0.74,2.88,18.75,3.28,0.64,0.66,0.0020,0.0003,2.42,1.61,58,9605.14,3698.96,3877.16,2.60,21.64,0.12,1.03,6.46,19.40,0.00,46.47,27.67,100.00,0.00,0.00,0.00,16.45,8.71,1.26,
2026-07-30,12:33:58.802,0.12,2.54,0.05,0.54,2.11,24.86,2.10,0.66,0.77,0.0027,0.0002,3.69,3.03,70,9159.37,3611.49,3876.93,2.54,21.13,0.12,0.98,8.63,17.94,0.00,50.70,22.73,100.00,0.00,0.00,0.00,16.51,7.65,2.23,
2026-07-30,12:33:59.801,0.07,2.83,0.03,0.79,3.08,2.22,1.52,0.86,0.81,0.0004,0.0003,0.34,0.02,70,5513.83,1946.90,3876.16,2.83,23.60,0.07,0.59,3.18,5.99,0.00,54.09,36.75,100.00,0.00,0.00,0.00,10.18,4.11,0.00,
2026-07-30,12:34:00.802,0.08,2.82,0.03,0.82,3.20,4.27,1.90,0.79,0.64,0.0007,0.0003,0.50,0.06,65,6380.22,2264.77,3881.69,2.82,23.48,0.08,0.68,3.56,4.78,0.00,55.73,35.93,100.00,0.00,0.00,0.00,11.20,5.07,0.01,
2026-07-30,12:34:01.803,0.23,3.14,0.07,0.72,2.79,58.31,2.92,0.52,0.74,0.0032,0.0002,7.11,5.14,44,17957.05,5712.87,3881.40,3.14,26.19,0.23,1.93,10.28,22.27,0.00,52.65,14.80,100.00,0.00,0.00,0.00,26.21,15.44,3.61,
2026-07-30,12:34:02.802,0.17,3.19,0.05,0.97,3.79,22.01,4.07,0.53,0.72,0.0017,0.0003,2.04,0.59,69,12876.51,4034.68,3877.41,3.19,26.60,0.17,1.38,5.36,3.81,0.00,57.75,33.08,100.00,0.00,0.00,0.00,17.25,10.86,0.01,
2026-07-30,12:34:03.803,0.07,2.86,0.02,0.81,3.17,1.82,1.60,0.89,0.78,0.0003,0.0003,0.31,0.01,69,5531.33,1934.34,3877.69,2.86,23.83,0.07,0.59,3.07,3.09,0.00,57.83,36.01,100.00,0.00,0.00,0.00,10.09,4.06,0.00,
2026-07-30,12:34:04.803,0.05,2.26,0.02,0.48,1.86,20.68,1.48,0.67,0.70,0.0050,0.0004,3.41,2.87,56,4102.39,1811.45,3877.30,2.26,18.87,0.05,0.44,4.89,12.25,0.00,57.54,25.32,100.00,0.00,0.00,0.00,13.47,4.59,2.27,
2026-07-30,12:34:05.803,0.10,2.72,0.04,0.71,2.78,13.43,2.30,0.70,0.72,0.0017,0.0003,2.22,1.76,70,7736.23,2846.72,3882.37,2.72,22.65,0.10,0.83,5.14,9.63,0.00,56.71,28.52,100.00,0.00,0.00,0.00,14.58,6.83,1.36,
2026-07-30,12:34:06.804,0.00,1.13,0.00,0.28,1.11,1.45,0.27,0.89,0.91,0.0043,0.0008,0.28,0.01,70,333.39,295.67,3879.62,1.13,9.40,0.00,0.04,1.34,6.63,0.00,54.25,37.78,100.00,0.00,0.00,0.00,6.25,0.18,0.00,
2026-07-30,12:34:07.808,0.09,2.87,0.03,0.77,3.01,8.02,2.09,0.75,0.62,0.0011,0.0003,1.28,0.88,65,7357.83,2564.50,3879.88,2.87,23.91,0.09,0.79,4.28,3.75,0.00,59.84,32.13,100.00,0.00,0.00,0.00,12.86,6.10,0.56,
2026-07-30,12:34:08.805,0.14,2.64,0.05,0.68,2.65,27.17,3.02,0.66,0.74,0.0025,0.0003,4.42,3.75,69,10905.05,4130.00,3881.68,2.64,22.00,0.14,1.17,7.84,12.06,0.00,60.74,19.36,100.00,0.00,0.00,0.00,19.92,10.25,2.89,
2026-07-30,12:34:09.805,0.00,1.16,0.00,0.30,1.17,1.82,0.24,0.85,0.93,0.0050,0.0006,0.32,0.01,70,365.10,313.83,3879.49,1.16,9.69,0.00,0.04,1.35,2.63,0.00,57.92,38.11,100.00,0.00,0.00,0.00,6.28,0.25,0.00,
2026-07-30,12:34:10.806,0.08,2.98,0.03,0.87,3.38,1.83,1.67,0.88,0.63,0.0003,0.0003,0.32,0.01,70,6034.34,2024.32,3881.50,2.98,24.84,0.08,0.65,3.01,3.62,0.00,57.39,35.98,100.00,0.00,0.00,0.00,10.82,4.76,0.00,
2026-07-30,12:34:11.807,0.14,2.63,0.05,0.67,2.61,29.26,3.08,0.65,0.66,0.0027,0.0003,4.74,4.10,66,10652.59,4047.68,3878.30,2.63,21.93,0.14,1.14,7.80,14.95,0.00,56.28,20.97,100.00,0.00,0.00,0.00,20.37,10.41,3.14,
2026-07-30,12:34:12.806,0.01,1.56,0.01,0.38,1.50,4.76,0.44,0.78,0.88,0.0052,0.0005,0.79,0.49,70,920.18,588.07,3878.99,1.56,13.04,0.01,0.10,1.98,4.85,0.00,57.47,35.70,100.00,0.00,0.00,0.00,7.58,1.08,0.38,
2026-07-30,12:34:13.806,0.08,2.91,0.03,0.81,3.15,2.38,1.71,0.87,0.64,0.0004,0.0003,0.35,0.02,70,6091.50,2092.33,3879.57,2.91,24.26,0.08,0.65,3.34,2.63,0.00,57.70,36.34,100.00,0.00,0.00,0.00,10.76,4.70,0.00,
2026-07-30,12:34:14.808,0.04,2.17,0.02,0.52,2.02,16.74,1.11,0.67,0.81,0.0051,0.0003,2.63,2.19,69,3311.77,1525.32,3878.07,2.17,18.09,0.04,0.36,3.80,11.78,0.00,54.64,29.78,100.00,0.00,0.00,0.00,11.88,3.76,1.68,
2026-07-30,12:34:15.806,0.11,2.68,0.04,0.72,2.82,18.72,2.53,0.67,0.67,0.0022,0.0003,2.85,2.37,70,8549.94,3189.11,3877.86,2.68,22.34,0.11,0.92,5.69,15.63,0.00,52.47,26.21,100.00,0.00,0.00,0.00,16.38,8.03,1.83,
2026-07-30,12:34:16.806,0.08,2.94,0.03,0.83,3.25,2.26,1.74,0.87,0.63,0.0004,0.0003,0.34,0.02,70,6195.15,2107.46,3878.32,2.94,24.50,0.08,0.67,3.26,2.59,0.00,58.18,35.96,100.00,0.00,0.00,0.00,10.87,4.83,0.00,
2026-07-30,12:34:17.807,0.02,2.10,0.01,0.45,1.75,4.41,0.35,0.75,0.91,0.0030,0.0002,0.64,0.25,69,1452.06,692.03,3878.92,2.10,17.49,0.02,0.16,1.99,1.94,0.00,58.51,37.56,100.00,0.00,0.00,0.00,7.21,0.99,0.15,
2026-07-30,12:34:18.806,0.18,2.65,0.07,0.62,2.40,35.69,3.83,0.65,0.71,0.0026,0.0003,5.13,4.38,69,13883.49,5240.16,3876.46,2.65,22.08,0.18,1.49,10.98,19.39,0.00,53.51,16.12,100.00,0.00,0.00,0.00,22.67,12.53,3.26,
2026-07-30,12:34:19.806,0.07,2.76,0.03,0.79,3.08,3.20,1.65,0.82,0.83,0.0006,0.0003,0.41,0.04,66,5742.11,2079.85,3877.07,2.76,23.01,0.07,0.62,3.39,2.94,0.00,57.62,36.05,100.00,0.00,0.00,0.00,10.44,4.36,0.00,
2026-07-30,12:34:20.806,0.01,1.05,0.01,0.34,1.32,2.57,0.40,0.84,0.95,0.0050,0.0008,0.35,0.03,70,518.95,494.33,3879.68,1.05,8.75,0.01,0.06,1.88,20.11,0.00,42.02,36.00,100.00,0.00,0.00,0.00,6.85,0.68,0.00,
2026-07-30,12:34:21.806,0.15,2.67,0.06,0.67,2.60,24.60,3.36,0.67,0.73,0.0022,0.0003,3.82,3.21,67,11395.58,4265.68,3877.43,2.67,22.26,0.15,1.22,8.25,20.55,0.00,48.64,22.56,100.00,0.00,0.00,0.00,19.51,10.36,2.43,
2026-07-30,12:34:22.807,0.02,1.99,0.01,0.41,1.62,9.49,0.75,0.71,0.83,0.0051,0.0004,1.58,1.18,70,1844.32,926.47,3882.37,1.99,16.59,0.02,0.20,2.88,9.80,0.00,54.62,32.70,100.00,0.00,0.00,0.00,9.28,2.07,0.87,
2026-07-30,12:34:23.807,0.08,2.93,0.03,0.84,3.26,1.97,1.74,0.88,0.63,0.0003,0.0003,0.31,0.02,70,6204.02,2116.96,3879.88,2.93,24.42,0.08,0.67,3.26,3.33,0.00,57.57,35.85,100.00,0.00,0.00,0.00,10.89,4.82,0.00,
2026-07-30,12:34:24.807,0.11,2.75,0.04,0.74,2.87,11.25,2.23,0.72,0.66,0.0014,0.0003,1.85,1.39,68,8215.03,2983.50,3877.73,2.75,22.95,0.11,0.88,5.23,7.31,0.00,56.28,31.18,100.00,0.00,0.00,0.00,14.29,6.93,1.01,
2026-07-30,12:34:25.807,0.06,2.15,0.03,0.47,1.83,23.01,1.51,0.66,0.78,0.0049,0.0003,3.80,3.14,70,4690.31,2177.04,3877.93,2.15,17.95,0.06,0.50,5.98,16.43,0.00,55.66,21.93,100.00,0.00,0.00,0.00,14.40,5.39,2.32,
2026-07-30,12:34:26.807,0.08,2.93,0.03,0.85,3.30,2.42,1.73,0.86,0.64,0.0004,0.0003,0.36,0.03,70,6162.28,2103.39,3879.91,2.93,24.41,0.08,0.66,3.20,2.24,0.00,58.94,35.62,100.00,0.00,0.00,0.00,10.88,4.78,0.02,
2026-07-30,12:34:27.808,0.04,2.69,0.02,0.68,2.66,1.82,1.05,0.88,0.73,0.0005,0.0003,0.30,0.01,51,3389.88,1258.83,3882.92,2.69,22.44,0.04,0.36,2.38,2.09,0.00,58.85,36.68,100.00,0.00,0.00,0.00,8.58,2.55,0.00,
2026-07-30,12:34:28.807,0.13,2.57,0.05,0.56,2.18,33.56,2.68,0.64,0.76,0.0033,0.0003,5.02,4.33,69,10174.75,3961.78,3873.71,2.57,21.40,0.13,1.09,9.15,21.94,0.00,51.04,17.86,100.00,0.00,0.00,0.00,20.27,10.13,3.24,
2026-07-30,12:34:29.807,0.08,2.84,0.03,0.72,2.81,3.85,1.84,0.83,0.66,0.0006,0.0003,0.50,0.13,70,6359.12,2241.61,3877.52,2.84,23.64,0.08,0.68,4.01,9.21,0.00,53.10,33.68,100.00,0.00,0.00,0.00,11.14,4.87,0.08,
2026-07-30,12:34:30.807,0.00,1.11,0.00,0.28,1.09,1.47,0.22,0.88,0.93,0.0044,0.0007,0.27,0.02,70,335.65,301.97,3882.24,1.11,9.26,0.00,0.04,1.39,2.93,0.00,57.56,38.12,100.00,0.00,0.00,0.00,6.22,0.18,0.01,
2026-07-30,12:34:31.808,0.13,2.72,0.05,0.68,2.64,21.23,2.92,0.67,0.67,0.0020,0.0003,3.14,2.54,69,10392.46,3826.70,3880.96,2.72,22.63,0.13,1.12,7.29,16.82,0.00,49.88,26.01,100.00,0.00,0.00,0.00,17.77,9.35,1.85,
2026-07-30,12:34:32.809,0.26,3.15,0.08,0.89,3.48,46.75,3.75,0.48,0.70,0.0023,0.0002,4.67,2.76,58,19920.12,6318.72,3878.29,3.15,26.27,0.26,2.14,9.12,17.74,0.00,47.99,25.14,100.00,0.00,0.00,0.00,26.52,18.14,1.45,
2026-07-30,12:34:33.809,0.02,1.57,0.01,0.59,2.31,13.35,1.83,0.57,0.77,0.0084,0.0012,1.31,0.33,70,1580.52,1008.72,3880.57,1.57,13.06,0.02,0.17,2.19,3.65,0.00,57.72,36.43,100.00,0.00,0.00,0.00,8.38,2.18,0.00,
2026-07-30,12:34:34.809,0.10,2.86,0.04,0.71,2.75,7.84,2.14,0.75,0.65,0.0010,0.0003,1.09,0.69,69,8038.59,2805.86,3879.43,2.86,23.87,0.10,0.86,5.12,3.33,0.00,57.89,33.66,100.00,0.00,0.00,0.00,13.05,6.44,0.45,
2026-07-30,12:34:35.809,0.08,2.27,0.03,0.53,2.06,29.69,2.00,0.64,0.76,0.0050,0.0003,4.48,3.86,56,5994.07,2636.41,3878.39,2.27,18.95,0.08,0.64,6.43,21.99,0.00,50.14,21.44,100.00,0.00,0.00,0.00,16.54,6.82,2.89,
2026-07-30,12:34:36.809,0.07,2.95,0.02,0.83,3.24,1.51,1.59,0.91,0.63,0.0003,0.0003,0.27,0.01,70,5591.26,1895.15,3880.59,2.95,24.59,0.07,0.60,2.94,4.23,0.00,57.26,35.57,100.00,0.00,0.00,0.00,10.43,4.34,0.02,
2026-07-30,12:34:37.810,0.08,2.89,0.03,0.79,3.09,2.34,1.87,0.88,0.61,0.0004,0.0003,0.33,0.02,70,6354.08,2199.40,3880.95,2.89,24.08,0.08,0.68,3.58,1.98,0.00,59.41,35.03,100.00,0.00,0.00,0.00,11.00,4.95,0.01,
2026-07-30,12:34:38.811,0.11,2.00,0.06,0.62,2.42,44.91,3.58,0.59,0.76,0.0051,0.0004,5.61,4.32,68,8881.35,4440.49,3879.99,2.00,16.67,0.11,0.95,9.24,15.29,0.00,55.21,20.26,100.00,0.00,0.00,0.00,19.61,9.96,2.77,
2026-07-30,12:34:39.811,0.08,2.78,0.03,0.73,2.83,7.27,1.93,0.75,0.77,0.0011,0.0003,1.10,0.73,70,6586.32,2371.72,3881.68,2.78,23.14,0.08,0.71,4.21,6.41,0.00,56.49,32.89,100.00,0.00,0.00,0.00,12.19,5.44,0.54,
2026-07-30,12:34:40.812,0.07,2.70,0.03,0.68,2.66,4.19,1.88,0.84,0.78,0.0007,0.0003,0.60,0.16,66,5653.42,2090.24,3877.88,2.70,22.54,0.07,0.61,3.96,8.86,0.00,54.51,32.67,100.00,0.00,0.00,0.00,10.39,4.05,0.12,
2026-07-30,12:34:41.814,0.13,1.95,0.07,0.76,2.95,35.88,3.87,0.62,0.77,0.0036,0.0004,3.78,2.20,55,9860.98,5056.76,3879.50,1.95,16.25,0.13,1.06,8.62,11.46,0.00,51.79,28.13,100.00,0.00,0.00,0.00,18.38,10.43,1.30,
2026-07-30,12:34:42.811,0.22,2.26,0.10,0.93,3.64,32.91,3.65,0.61,0.81,0.0019,0.0002,4.17,3.06,68,17277.81,7643.71,3877.56,2.26,18.84,0.22,1.86,10.55,16.91,0.00,49.05,23.49,100.00,0.00,0.00,0.00,27.45,18.62,2.01,
2026-07-30,12:34:43.812,0.01,1.46,0.01,0.30,1.15,2.62,0.31,0.81,0.91,0.0045,0.0005,0.35,0.03,70,576.82,394.23,3880.67,1.46,12.19,0.01,0.06,1.72,2.04,0.00,58.47,37.77,100.00,0.00,0.00,0.00,6.35,0.29,0.00,
2026-07-30,12:34:44.812,0.08,2.70,0.03,0.79,3.09,3.74,1.73,0.79,0.84,0.0006,0.0003,0.43,0.04,69,6480.87,2398.14,3877.10,2.70,22.52,0.08,0.70,3.90,3.25,0.00,56.22,36.62,100.00,0.00,0.00,0.00,10.79,4.68,0.00,
2026-07-30,12:34:45.811,0.24,2.64,0.09,0.57,2.21,42.49,4.94,0.64,0.75,0.0023,0.0003,5.68,4.69,69,18234.62,6904.84,3877.13,2.64,22.01,0.24,1.96,15.71,25.76,0.00,45.47,13.05,100.00,0.00,0.00,0.00,25.91,15.59,3.37,
2026-07-30,12:34:46.812,0.01,1.32,0.01,0.31,1.19,2.11,0.29,0.86,0.92,0.0039,0.0005,0.32,0.03,70,539.12,409.56,3881.75,1.32,10.97,0.01,0.06,1.72,3.92,0.00,57.04,37.32,100.00,0.00,0.00,0.00,6.34,0.27,0.00,
2026-07-30,12:34:47.812,0.09,2.73,0.03,0.78,3.03,4.32,1.93,0.80,0.73,0.0006,0.0003,0.47,0.07,70,7037.21,2580.39,3877.28,2.73,22.73,0.09,0.76,4.29,6.57,0.00,54.57,34.58,100.00,0.00,0.00,0.00,11.71,5.55,0.00,
2026-07-30,12:34:48.813,0.18,2.76,0.06,0.65,2.53,26.62,3.53,0.65,0.68,0.0019,0.0003,3.76,3.06,58,13734.71,4979.17,3877.46,2.76,22.99,0.18,1.48,9.89,12.92,0.00,53.36,23.84,100.00,0.00,0.00,0.00,20.65,11.75,2.25,
2026-07-30,12:34:49.812,0.04,2.02,0.02,0.55,2.15,14.55,1.04,0.66,0.86,0.0044,0.0003,2.04,1.53,69,3342.48,1655.89,3877.91,2.02,16.82,0.04,0.36,3.88,15.15,0.00,49.45,31.53,100.00,0.00,0.00,0.00,11.23,3.72,1.09,
2026-07-30,12:34:50.812,0.09,2.64,0.03,0.72,2.81,4.52,1.94,0.81,0.85,0.0007,0.0003,0.49,0.06,70,6788.85,2568.63,3878.70,2.64,22.02,0.09,0.73,4.60,17.84,0.00,45.69,31.87,100.00,0.00,0.00,0.00,11.91,5.66,0.00,
2026-07-30,12:34:51.812,0.05,1.68,0.03,0.60,2.35,18.49,2.23,0.67,0.84,0.0050,0.0006,2.10,1.17,58,3693.35,2196.82,3877.29,1.68,14.01,0.05,0.40,4.70,16.85,0.00,46.59,31.85,100.00,0.00,0.00,0.00,11.49,4.20,0.82,
2026-07-30,12:34:52.811,0.14,2.71,0.05,0.71,2.75,25.41,2.81,0.64,0.70,0.0024,0.0003,3.86,3.36,69,10784.78,3983.36,3876.41,2.71,22.56,0.14,1.16,7.28,18.63,0.00,49.87,24.22,100.00,0.00,0.00,0.00,19.79,10.52,2.54,
2026-07-30,12:34:53.811,0.08,2.91,0.03,0.85,3.33,2.35,1.72,0.86,0.66,0.0004,0.0003,0.33,0.03,70,6430.80,2207.83,3877.48,2.91,24.27,0.08,0.69,3.34,2.34,0.00,58.11,36.21,100.00,0.00,0.00,0.00,11.11,5.04,0.00,
2026-07-30,12:34:54.811,0.00,1.21,0.00,0.30,1.15,1.22,0.19,0.89,0.94,0.0035,0.0005,0.26,0.01,71,346.00,286.44,3882.25,1.21,10.07,0.00,0.04,1.25,2.34,0.00,58.19,38.22,100.00,0.00,0.00,0.00,6.24,0.21,0.00,
2026-07-30,12:34:55.812,0.16,2.71,0.06,0.70,2.74,31.27,3.19,0.64,0.69,0.0026,0.0003,4.71,4.15,56,12105.83,4461.79,3877.87,2.71,22.61,0.16,1.30,8.20,18.05,0.00,51.60,22.15,100.00,0.00,0.00,0.00,21.53,11.50,3.18,
2026-07-30,12:34:56.812,0.08,2.89,0.03,0.84,3.27,3.96,1.76,0.80,0.65,0.0006,0.0003,0.61,0.29,68,6449.20,2227.89,3879.36,2.89,24.12,0.08,0.69,3.43,4.55,0.00,56.91,35.11,100.00,0.00,0.00,0.00,11.57,5.24,0.21,
2026-07-30,12:34:57.811,0.01,1.59,0.01,0.36,1.40,1.98,0.21,0.85,0.95,0.0028,0.0003,0.31,0.03,70,704.78,442.56,3877.73,1.59,13.27,0.01,0.08,1.59,3.01,0.00,57.39,38.01,100.00,0.00,0.00,0.00,6.56,0.48,0.00,
2026-07-30,12:34:58.817,0.17,2.34,0.07,0.85,3.33,36.18,4.27,0.58,0.81,0.0028,0.0003,3.92,2.59,58,13096.60,5603.91,3877.25,2.34,19.48,0.17,1.41,8.45,11.18,0.00,53.14,27.23,100.00,0.00,0.00,0.00,20.05,11.84,1.65,
2026-07-30,12:34:59.811,0.04,2.19,0.02,0.49,1.91,17.46,1.08,0.65,0.84,0.0052,0.0003,2.62,2.19,70,3327.98,1519.44,3879.88,2.19,18.25,0.04,0.36,4.00,14.46,0.00,51.16,30.39,100.00,0.00,0.00,0.00,12.02,3.86,1.67,
2026-07-30,12:35:00.811,0.07,2.80,0.03,0.83,3.22,2.84,1.58,0.83,0.82,0.0005,0.0003,0.38,0.04,70,5775.00,2062.64,3877.24,2.80,23.33,0.07,0.62,3.22,3.07,0.00,57.10,36.61,100.00,0.00,0.00,0.00,10.41,4.30,0.01,
2026-07-30,12:35:01.817,0.08,2.81,0.03,0.77,2.99,4.33,1.74,0.81,0.78,0.0007,0.0003,0.63,0.28,65,6309.90,2241.83,3882.01,2.81,23.46,0.08,0.68,3.76,2.69,0.00,58.10,35.45,100.00,0.00,0.00,0.00,11.09,4.82,0.14,
2026-07-30,12:35:02.812,0.17,3.18,0.05,0.66,2.56,38.47,2.26,0.59,0.79,0.0029,0.0002,5.23,4.14,69,13429.66,4220.30,3878.95,3.18,26.52,0.17,1.44,8.28,19.98,0.00,51.41,20.33,100.00,0.00,0.00,0.00,21.03,10.89,3.21,
2026-07-30,12:35:03.813,0.23,3.13,0.07,1.03,4.00,44.44,4.41,0.40,0.75,0.0025,0.0002,3.59,1.16,69,17995.93,5746.38,3881.49,3.13,26.10,0.23,1.93,7.22,9.49,0.00,52.60,30.70,100.00,0.00,0.00,0.00,23.15,16.42,0.00,
2026-07-30,12:35:04.816,0.08,2.89,0.03,0.86,3.35,2.94,1.61,0.83,0.70,0.0005,0.0003,0.38,0.04,49,6263.73,2165.01,3889.37,2.89,24.11,0.08,0.67,3.25,3.34,0.00,56.89,36.53,100.00,0.00,0.00,0.00,10.97,4.86,0.00,
2026-07-30,12:35:05.816,0.08,2.37,0.03,0.49,1.92,25.05,1.78,0.67,0.81,0.0040,0.0003,3.66,3.11,67,6235.49,2635.21,3870.22,2.37,19.72,0.08,0.67,6.89,13.71,0.00,54.12,25.29,100.00,0.00,0.00,0.00,15.47,6.19,2.52,
2026-07-30,12:35:06.814,0.10,2.75,0.04,0.79,3.10,10.17,2.32,0.72,0.66,0.0013,0.0003,1.30,0.86,69,7730.85,2814.10,3877.36,2.75,22.89,0.10,0.83,4.57,4.31,0.00,58.62,32.50,100.00,0.00,0.00,0.00,13.63,6.66,0.71,
2026-07-30,12:35:07.814,0.10,4.31,0.02,0.71,2.78,7.59,0.60,0.68,0.87,0.0010,0.0001,0.70,0.07,70,7759.59,1801.67,3879.52,4.31,35.89,0.10,0.83,3.26,7.84,0.00,53.78,35.12,100.00,0.00,0.00,0.00,11.05,4.76,0.01,
2026-07-30,12:35:08.816,0.11,2.88,0.04,0.78,3.03,9.81,2.12,0.73,0.66,0.0012,0.0003,1.55,1.27,67,8221.30,2849.99,3880.26,2.88,24.04,0.11,0.88,4.73,5.78,0.00,56.73,32.75,100.00,0.00,0.00,0.00,14.41,7.03,1.05,
2026-07-30,12:35:09.814,0.13,2.87,0.04,0.78,3.04,15.77,2.52,0.70,0.66,0.0016,0.0003,2.63,2.40,70,9974.33,3471.34,3878.72,2.87,23.94,0.13,1.07,5.75,9.46,0.00,55.40,29.39,100.00,0.00,0.00,0.00,17.85,9.13,2.13,
2026-07-30,12:35:10.816,0.00,1.11,0.00,0.28,1.08,1.87,0.22,0.85,0.93,0.0054,0.0006,0.26,0.02,70,348.39,314.54,3881.09,1.11,9.23,0.00,0.04,1.47,3.86,0.00,56.77,37.90,100.00,0.00,0.00,0.00,6.29,0.19,0.01,
2026-07-30,12:35:11.817,0.08,2.96,0.03,0.84,3.27,2.87,1.70,0.83,0.65,0.0005,0.0003,0.34,0.04,70,6101.74,2064.01,3879.74,2.96,24.64,0.08,0.66,3.18,2.63,0.00,58.43,35.76,100.00,0.00,0.00,0.00,10.80,4.71,0.02,
2026-07-30,12:35:12.816,0.22,3.38,0.07,0.75,2.94,31.25,2.84,0.62,0.70,0.0018,0.0002,4.50,3.74,48,17123.07,5068.03,3880.30,3.38,28.16,0.22,1.84,8.67,17.60,0.00,49.79,23.94,100.00,0.00,0.00,0.00,23.42,13.34,3.17,
2026-07-30,12:35:13.816,0.04,2.71,0.01,0.65,2.53,1.67,0.84,0.88,0.77,0.0006,0.0003,0.25,0.03,70,2809.77,1037.65,3877.55,2.71,22.57,0.04,0.30,2.06,4.66,0.00,56.02,37.25,100.00,0.00,0.00,0.00,8.35,2.24,0.02,
2026-07-30,12:35:14.816,0.08,2.85,0.03,0.78,3.05,3.31,1.69,0.83,0.70,0.0005,0.0003,0.36,0.05,68,6175.60,2166.35,3879.54,2.85,23.76,0.08,0.66,3.57,2.57,0.00,57.61,36.24,100.00,0.00,0.00,0.00,10.98,4.88,0.02,
2026-07-30,12:35:15.817,0.05,2.36,0.02,0.51,1.97,16.42,1.01,0.67,0.85,0.0040,0.0002,2.58,2.27,69,4122.39,1748.94,3881.80,2.36,19.64,0.05,0.44,4.46,7.51,0.00,55.96,32.07,100.00,0.00,0.00,0.00,12.87,4.41,1.93,
2026-07-30,12:35:16.818,0.10,2.83,0.04,0.74,2.88,11.04,2.15,0.72,0.59,0.0014,0.0003,1.71,1.43,67,7875.66,2783.28,3879.39,2.83,23.58,0.10,0.85,4.85,6.08,0.00,56.37,32.70,100.00,0.00,0.00,0.00,14.18,6.57,1.23,
2026-07-30,12:35:17.818,0.09,2.92,0.03,0.82,3.22,3.83,1.83,0.80,0.61,0.0005,0.0003,0.39,0.02,68,7013.90,2401.51,3879.82,2.92,24.34,0.09,0.75,3.75,3.52,0.00,56.80,35.93,100.00,0.00,0.00,0.00,11.40,5.30,0.01,
2026-07-30,12:35:18.818,0.02,1.95,0.01,0.42,1.66,6.02,0.56,0.77,0.86,0.0039,0.0004,0.96,0.71,69,1536.37,786.39,3879.50,1.95,16.28,0.02,0.17,2.39,4.27,0.00,57.54,35.81,100.00,0.00,0.00,0.00,8.31,1.54,0.55,
2026-07-30,12:35:19.818,0.15,2.82,0.05,0.79,3.06,21.23,2.90,0.67,0.65,0.0018,0.0003,3.35,3.05,69,11589.00,4105.88,3877.94,2.82,23.52,0.15,1.25,6.74,8.01,0.00,57.51,27.74,100.00,0.00,0.00,0.00,19.96,10.64,2.66,
2026-07-30,12:35:20.819,0.02,1.69,0.01,0.44,1.70,4.68,0.71,0.79,0.94,0.0027,0.0004,0.44,0.06,54,1739.74,1031.03,3883.28,1.69,14.06,0.02,0.19,3.05,17.56,0.00,44.88,34.52,100.00,0.00,0.00,0.00,7.66,1.43,0.01,
2026-07-30,12:35:21.818,0.10,2.42,0.04,0.61,2.36,9.86,2.32,0.75,0.80,0.0013,0.0003,0.75,0.18,70,7376.58,3054.28,3877.24,2.42,20.13,0.10,0.79,6.50,24.23,0.00,39.36,29.91,100.00,0.00,0.00,0.00,12.68,6.31,0.00,
2026-07-30,12:35:22.820,0.20,2.16,0.09,0.64,2.48,46.26,4.70,0.60,0.90,0.0030,0.0003,5.16,3.86,67,15334.54,7101.67,3879.64,2.16,17.99,0.20,1.65,14.37,52.90,0.00,18.86,13.87,100.00,0.00,0.00,0.00,24.86,14.98,2.84,
2026-07-30,12:35:23.819,0.07,1.53,0.04,0.47,1.83,21.48,2.53,0.68,0.92,0.0042,0.0005,1.74,0.81,69,5094.76,3336.06,3877.76,1.53,12.73,0.07,0.55,9.19,52.65,0.00,15.88,22.27,100.00,0.00,0.00,0.00,13.12,6.09,0.36,
2026-07-30,12:35:24.820,0.07,2.84,0.03,0.80,3.11,2.55,1.61,0.86,0.76,0.0004,0.0003,0.30,0.03,70,5716.38,2009.98,3881.45,2.84,23.70,0.07,0.61,3.25,4.67,0.00,56.35,35.73,100.00,0.00,0.00,0.00,10.54,4.44,0.01,
2026-07-30,12:35:25.820,0.12,2.83,0.04,0.78,3.05,12.47,2.35,0.72,0.66,0.0014,0.0003,1.98,1.69,68,9203.08,3250.21,3878.32,2.83,23.60,0.12,0.99,5.36,5.22,0.00,57.97,31.46,100.00,0.00,0.00,0.00,15.81,7.92,1.46,
2026-07-30,12:35:26.819,0.05,2.40,0.02,0.54,2.11,13.28,0.90,0.70,0.82,0.0037,0.0003,2.23,2.03,70,3588.68,1493.58,3877.53,2.40,20.02,0.05,0.39,3.57,5.40,0.00,59.29,31.75,100.00,0.00,0.00,0.00,12.14,3.96,1.77,
2026-07-30,12:35:27.820,0.08,2.88,0.03,0.82,3.21,3.60,1.75,0.81,0.68,0.0006,0.0003,0.38,0.05,70,6477.92,2247.74,3881.51,2.88,24.02,0.08,0.70,3.52,5.12,0.00,55.06,36.30,100.00,0.00,0.00,0.00,11.38,5.23,0.01,
2026-07-30,12:35:28.824,0.01,1.56,0.00,0.31,1.20,1.82,0.19,0.83,0.94,0.0035,0.0004,0.28,0.06,67,525.33,336.01,3889.44,1.56,13.03,0.01,0.06,1.41,8.71,0.00,51.41,38.47,100.00,0.00,0.00,0.00,6.40,0.26,0.03,
2026-07-30,12:35:29.822,0.15,2.79,0.05,0.77,3.01,22.58,2.93,0.70,0.64,0.0019,0.0002,3.83,3.62,69,11885.60,4265.58,3873.04,2.79,23.22,0.15,1.28,7.11,5.86,0.00,63.84,23.19,100.00,0.00,0.00,0.00,21.16,11.33,3.09,
2026-07-30,12:35:30.822,0.08,2.88,0.03,0.82,3.18,3.05,1.79,0.84,0.65,0.0005,0.0003,0.37,0.06,70,6323.97,2198.38,3880.10,2.88,23.97,0.08,0.68,3.47,3.53,0.00,57.70,35.30,100.00,0.00,0.00,0.00,11.18,5.01,0.06,
2026-07-30,12:35:31.822,0.00,1.08,0.00,0.28,1.08,1.81,0.33,0.88,0.90,0.0048,0.0009,0.26,0.02,71,374.20,344.93,3878.73,1.08,9.04,0.00,0.04,1.60,2.36,0.00,58.42,37.62,100.00,0.00,0.00,0.00,6.31,0.22,0.00,
2026-07-30,12:35:32.823,0.14,2.81,0.05,0.75,2.94,18.62,2.67,0.69,0.67,0.0017,0.0003,2.99,2.67,57,10670.20,3796.90,3882.02,2.81,23.42,0.14,1.15,6.48,7.94,0.00,57.90,27.68,100.00,0.00,0.00,0.00,18.77,9.94,2.22,
2026-07-30,12:35:33.823,0.11,2.55,0.04,0.78,3.04,20.07,2.19,0.58,0.71,0.0024,0.0003,1.98,1.28,59,8387.61,3288.96,3877.44,2.55,21.25,0.11,0.90,5.45,8.49,0.00,54.96,31.11,100.00,0.00,0.00,0.00,14.99,7.64,0.93,
2026-07-30,12:35:34.823,0.17,3.39,0.05,1.02,3.99,34.44,2.90,0.40,0.77,0.0027,0.0002,3.01,0.99,69,12856.12,3797.52,3877.12,3.39,28.21,0.17,1.38,4.79,4.50,0.00,56.52,34.19,100.00,0.00,0.00,0.00,18.94,12.36,0.00,
2026-07-30,12:35:35.822,0.11,2.84,0.04,0.78,3.04,10.54,2.02,0.71,0.74,0.0013,0.0002,1.47,1.10,57,8387.39,2954.10,3876.60,2.84,23.66,0.11,0.90,4.89,5.78,0.00,56.32,33.02,100.00,0.00,0.00,0.00,14.24,7.05,0.86,
2026-07-30,12:35:36.822,0.06,2.47,0.02,0.56,2.17,16.47,1.06,0.68,0.82,0.0037,0.0002,2.83,2.63,69,4510.68,1827.87,3879.52,2.47,20.56,0.06,0.48,4.22,8.09,0.00,56.34,31.34,100.00,0.00,0.00,0.00,13.91,5.01,2.32,
2026-07-30,12:35:37.822,0.08,2.94,0.03,0.86,3.34,2.32,1.64,0.85,0.66,0.0004,0.0003,0.30,0.02,70,6269.24,2134.07,3877.50,2.94,24.48,0.08,0.67,3.21,2.11,0.00,57.80,36.87,100.00,0.00,0.00,0.00,10.96,4.87,0.01,
2026-07-30,12:35:38.822,0.08,2.97,0.03,0.85,3.33,1.97,1.59,0.87,0.66,0.0003,0.0003,0.28,0.01,70,6080.39,2048.82,3877.68,2.97,24.73,0.08,0.65,3.09,1.86,0.00,58.16,36.88,100.00,0.00,0.00,0.00,10.80,4.74,0.00,
2026-07-30,12:35:39.828,0.08,2.57,0.03,0.60,2.34,22.21,1.50,0.67,0.78,0.0035,0.0002,3.80,3.60,57,6349.66,2473.85,3880.08,2.57,21.39,0.08,0.68,5.31,9.02,0.00,57.22,28.45,100.00,0.00,0.00,0.00,16.91,7.03,3.12,
2026-07-30,12:35:40.823,0.07,2.85,0.02,0.81,3.15,2.40,1.50,0.85,0.80,0.0004,0.0003,0.35,0.09,70,5465.58,1915.08,3882.31,2.85,23.78,0.07,0.59,3.05,3.12,0.00,57.32,36.50,100.00,0.00,0.00,0.00,10.30,4.16,0.06,
2026-07-30,12:35:41.823,0.08,2.97,0.03,0.85,3.33,1.89,1.61,0.88,0.64,0.0003,0.0003,0.27,0.01,68,5931.33,1999.98,3878.31,2.97,24.71,0.08,0.64,3.02,2.30,0.00,58.04,36.64,100.00,0.00,0.00,0.00,10.71,4.66,0.01,
2026-07-30,12:35:42.827,0.05,2.27,0.02,0.54,2.10,15.84,1.11,0.68,0.83,0.0038,0.0003,2.43,2.10,62,4165.35,1833.49,3878.24,2.27,18.93,0.05,0.45,4.38,13.50,0.00,50.23,31.88,100.00,0.00,0.00,0.00,12.69,4.44,1.71,
2026-07-30,12:35:43.824,0.11,2.71,0.04,0.73,2.86,13.47,2.19,0.70,0.79,0.0016,0.0003,2.02,1.70,70,8488.67,3135.64,3881.16,2.71,22.56,0.11,0.91,5.51,12.90,0.00,51.82,29.77,100.00,0.00,0.00,0.00,15.62,7.69,1.45,
2026-07-30,12:35:44.823,0.01,1.55,0.01,0.29,1.13,3.00,0.55,0.82,0.86,0.0033,0.0006,0.33,0.03,70,913.83,588.00,3876.76,1.55,12.95,0.01,0.10,2.61,4.20,0.00,57.70,35.48,100.00,0.00,0.00,0.00,6.60,0.51,0.00,
2026-07-30,12:35:45.827,0.09,2.90,0.03,0.76,2.95,4.88,1.88,0.79,0.67,0.0007,0.0003,0.76,0.47,66,6841.10,2361.91,3877.31,2.90,24.14,0.09,0.74,4.03,8.49,0.00,53.10,34.38,100.00,0.00,0.00,0.00,11.96,5.48,0.29,
2026-07-30,12:35:46.824,0.14,2.83,0.05,0.76,2.96,19.93,2.65,0.69,0.77,0.0018,0.0002,3.41,3.21,69,10845.83,3837.21,3878.78,2.83,23.55,0.14,1.17,6.52,9.79,0.00,55.33,28.36,100.00,0.00,0.00,0.00,19.46,9.89,2.88,
2026-07-30,12:35:47.824,0.00,1.10,0.00,0.28,1.11,1.44,0.22,0.88,0.93,0.0044,0.0007,0.24,0.01,70,324.95,296.17,3879.92,1.10,9.14,0.00,0.03,1.34,2.41,0.00,58.49,37.75,100.00,0.00,0.00,0.00,6.20,0.17,0.00,
2026-07-30,12:35:48.825,0.07,2.84,0.03,0.82,3.19,2.03,1.52,0.87,0.81,0.0004,0.0003,0.28,0.01,70,5608.61,1971.54,3881.92,2.84,23.71,0.07,0.60,3.11,1.01,0.00,58.94,36.94,100.00,0.00,0.00,0.00,10.19,4.15,0.00,
2026-07-30,12:35:49.826,0.14,2.80,0.05,0.76,2.98,19.22,2.59,0.69,0.77,0.0018,0.0002,3.26,3.03,65,10749.07,3843.38,3879.75,2.80,23.31,0.14,1.15,6.49,7.38,0.00,57.12,29.02,100.00,0.00,0.00,0.00,18.72,9.50,2.59,
2026-07-30,12:35:50.826,0.03,1.91,0.01,0.44,1.73,7.20,0.60,0.72,0.93,0.0037,0.0003,1.01,0.70,70,1959.95,1025.33,3882.01,1.91,15.93,0.03,0.21,2.98,15.31,0.00,47.05,34.66,100.00,0.00,0.00,0.00,8.99,2.16,0.57,
2026-07-30,12:35:51.826,0.08,2.81,0.03,0.78,3.06,3.18,1.71,0.83,0.80,0.0005,0.0003,0.36,0.03,69,6318.87,2248.31,3879.90,2.81,23.42,0.08,0.68,3.70,10.80,0.00,49.98,35.51,100.00,0.00,0.00,0.00,11.22,5.11,0.00,
2026-07-30,12:35:52.828,0.03,2.31,0.01,0.49,1.91,9.51,0.72,0.73,0.72,0.0038,0.0003,1.65,1.45,68,2503.42,1081.50,3878.09,2.31,19.29,0.03,0.27,2.85,5.68,0.00,56.78,34.70,100.00,0.00,0.00,0.00,10.24,2.63,1.27,
2026-07-30,12:35:53.826,0.12,2.87,0.04,0.79,3.07,14.70,2.34,0.70,0.64,0.0016,0.0003,2.47,2.24,69,9327.31,3254.32,3876.36,2.87,23.88,0.12,1.00,5.33,7.59,0.00,56.91,30.17,100.00,0.00,0.00,0.00,16.88,8.41,1.97,
2026-07-30,12:35:54.826,0.08,2.99,0.03,0.87,3.39,2.01,1.65,0.87,0.64,0.0003,0.0003,0.28,0.01,70,6119.80,2049.10,3877.91,2.99,24.89,0.08,0.66,3.03,1.24,0.00,59.55,36.17,100.00,0.00,0.00,0.00,10.79,4.74,0.01,
2026-07-30,12:35:55.826,0.00,1.13,0.00,0.29,1.12,1.45,0.24,0.88,0.92,0.0045,0.0007,0.24,0.01,70,323.14,285.04,3881.64,1.13,9.45,0.00,0.03,1.28,2.31,0.00,58.55,37.86,100.00,0.00,0.00,0.00,6.25,0.21,0.00,
2026-07-30,12:35:56.826,0.15,2.82,0.05,0.77,3.02,23.19,2.84,0.68,0.66,0.0020,0.0002,3.90,3.68,69,11592.75,4114.37,3878.00,2.82,23.48,0.15,1.25,6.86,9.15,0.00,55.98,28.02,100.00,0.00,0.00,0.00,20.93,11.00,3.15,
2026-07-30,12:35:57.826,0.05,2.67,0.02,0.75,2.94,2.71,1.28,0.82,0.81,0.0007,0.0003,0.33,0.03,50,4110.43,1539.47,3876.88,2.67,22.25,0.05,0.44,2.63,2.20,0.00,58.08,37.09,100.00,0.00,0.00,0.00,9.16,3.09,0.00,
2026-07-30,12:35:58.827,0.02,2.43,0.01,0.55,2.15,1.25,0.49,0.89,0.87,0.0007,0.0003,0.23,0.01,70,1762.42,724.75,3881.79,2.43,20.26,0.02,0.19,1.69,2.35,0.00,57.63,38.32,100.00,0.00,0.00,0.00,7.42,1.38,0.00,
2026-07-30,12:35:59.827,0.13,2.84,0.04,0.77,3.00,16.01,2.42,0.70,0.66,0.0016,0.0002,2.68,2.43,68,9780.19,3442.74,3880.37,2.84,23.67,0.13,1.05,5.77,5.66,0.00,57.66,30.92,100.00,0.00,0.00,0.00,17.34,8.78,2.04,
2026-07-30,12:36:00.828,0.03,2.30,0.01,0.48,1.88,8.99,0.61,0.70,0.86,0.0038,0.0003,1.51,1.28,70,2358.89,1026.84,3881.45,2.30,19.14,0.03,0.25,2.75,5.94,0.00,56.59,34.72,100.00,0.00,0.00,0.00,9.80,2.40,1.10,
2026-07-30,12:36:01.829,0.08,2.95,0.03,0.88,3.45,1.99,1.64,0.86,0.64,0.0003,0.0003,0.28,0.01,71,6138.59,2081.66,3878.04,2.95,24.57,0.08,0.66,3.04,1.57,0.00,58.77,36.62,100.00,0.00,0.00,0.00,10.88,4.85,0.00,
2026-07-30,12:36:02.828,0.10,2.90,0.03,0.86,3.34,6.58,2.06,0.77,0.63,0.0008,0.0003,1.10,0.84,69,7844.31,2703.17,3879.00,2.90,24.18,0.10,0.84,4.07,5.74,0.00,55.52,34.67,100.00,0.00,0.00,0.00,13.48,6.62,0.63,
2026-07-30,12:36:03.828,0.06,2.52,0.03,0.58,2.26,17.90,1.19,0.67,0.80,0.0036,0.0002,3.06,2.85,70,4941.30,1962.43,3877.95,2.52,20.98,0.06,0.53,4.37,8.61,0.00,56.02,31.00,100.00,0.00,0.00,0.00,14.59,5.43,2.54,
2026-07-30,12:36:04.828,0.15,2.94,0.05,0.94,3.67,25.25,2.24,0.45,0.71,0.0022,0.0002,1.88,0.60,42,11644.61,3956.29,3877.71,2.94,24.53,0.15,1.25,5.42,8.20,0.00,52.67,33.72,100.00,0.00,0.00,0.00,16.92,10.53,0.01,
2026-07-30,12:36:05.829,0.12,3.20,0.04,0.92,3.60,23.00,2.96,0.47,0.73,0.0025,0.0003,2.09,0.62,53,9153.71,2860.55,3882.28,3.20,26.67,0.12,0.98,3.99,3.92,0.00,56.59,35.50,100.00,0.00,0.00,0.00,15.10,8.70,0.00,
2026-07-30,12:36:06.829,0.12,2.74,0.04,0.71,2.78,20.93,2.13,0.68,0.83,0.0022,0.0002,3.59,3.39,69,9344.99,3413.91,3877.85,2.74,22.81,0.12,1.00,6.18,9.88,0.00,55.16,28.78,100.00,0.00,0.00,0.00,18.78,9.08,3.00,
2026-07-30,12:36:07.829,0.07,2.74,0.03,0.79,3.10,4.17,1.46,0.78,0.87,0.0008,0.0003,0.60,0.30,70,5480.22,1996.53,3877.98,2.74,22.87,0.07,0.59,3.24,5.44,0.00,54.91,36.41,100.00,0.00,0.00,0.00,10.51,4.13,0.24,
2026-07-30,12:36:08.829,0.02,1.41,0.01,0.40,1.57,5.22,0.61,0.77,0.93,0.0041,0.0005,0.47,0.09,70,1269.36,902.62,3878.97,1.41,11.72,0.02,0.14,2.89,11.56,0.00,50.12,35.44,100.00,0.00,0.00,0.00,7.48,1.31,0.00,
2026-07-30,12:36:09.829,0.14,2.38,0.06,0.68,2.67,21.40,3.26,0.67,0.87,0.0020,0.0003,2.64,2.00,68,10492.46,4403.41,3877.90,2.38,19.86,0.14,1.13,8.31,34.53,0.00,32.26,24.90,100.00,0.00,0.00,0.00,18.24,10.08,1.49,
2026-07-30,12:36:10.830,0.17,2.30,0.07,0.88,3.43,33.99,5.33,0.64,0.76,0.0026,0.0004,3.65,2.33,69,13128.72,5715.79,3880.93,2.30,19.14,0.17,1.41,8.38,10.88,0.00,53.08,27.67,100.00,0.00,0.00,0.00,21.28,12.90,1.66,
2026-07-30,12:36:11.829,0.01,1.55,0.01,0.35,1.35,1.44,0.22,0.88,0.94,0.0024,0.0004,0.24,0.01,70,610.47,394.02,3879.06,1.55,12.91,0.01,0.07,1.47,6.51,0.00,53.80,38.22,100.00,0.00,0.00,0.00,6.52,0.40,0.00,
2026-07-30,12:36:12.830,0.08,2.92,0.03,0.81,3.16,3.87,1.76,0.81,0.65,0.0006,0.0003,0.53,0.23,70,6516.59,2228.39,3878.30,2.92,24.37,0.08,0.70,3.55,3.19,0.00,58.11,35.15,100.00,0.00,0.00,0.00,11.42,5.20,0.12,
2026-07-30,12:36:13.832,0.09,2.55,0.03,0.63,2.46,22.25,1.79,0.67,0.76,0.0032,0.0003,3.73,3.48,53,6856.69,2685.41,3879.90,2.55,21.28,0.09,0.74,5.49,10.83,0.00,56.59,27.09,100.00,0.00,0.00,0.00,17.25,7.44,3.04,
2026-07-30,12:36:14.831,0.05,2.58,0.02,0.72,2.80,2.16,1.05,0.86,0.91,0.0006,0.0003,0.28,0.02,70,3770.98,1462.48,3881.60,2.58,21.49,0.05,0.40,2.63,9.01,0.00,51.33,37.03,100.00,0.00,0.00,0.00,8.45,2.32,0.00,
2026-07-30,12:36:15.830,0.06,2.65,0.02,0.77,3.00,2.21,1.31,0.86,0.90,0.0005,0.0003,0.29,0.02,70,4548.21,1718.06,3876.99,2.65,22.06,0.06,0.49,2.88,5.55,0.00,54.89,36.68,100.00,0.00,0.00,0.00,8.91,2.80,0.00,
2026-07-30,12:36:16.833,0.06,2.46,0.03,0.57,2.22,18.06,1.24,0.68,0.80,0.0036,0.0003,3.02,2.78,68,4950.12,2015.69,3876.65,2.46,20.46,0.06,0.53,4.57,11.68,0.00,54.44,29.31,100.00,0.00,0.00,0.00,14.41,5.41,2.36,
2026-07-30,12:36:17.830,0.09,2.71,0.03,0.78,3.05,8.80,1.81,0.73,0.85,0.0012,0.0002,1.28,0.93,70,7330.61,2709.03,3878.26,2.71,22.55,0.09,0.79,4.47,4.03,0.00,58.08,33.41,100.00,0.00,0.00,0.00,12.65,5.61,0.80,
2026-07-30,12:36:18.832,0.08,2.96,0.03,0.87,3.38,2.26,1.68,0.86,0.65,0.0004,0.0003,0.30,0.02,70,6178.95,2086.38,3881.73,2.96,24.68,0.08,0.66,3.10,4.42,0.00,56.16,36.32,100.00,0.00,0.00,0.00,11.04,4.93,0.01,
2026-07-30,12:36:19.832,0.03,2.30,0.01,0.50,1.96,8.18,0.62,0.73,0.85,0.0035,0.0003,1.40,1.18,58,2332.34,1012.00,3879.07,2.30,19.21,0.03,0.25,2.59,6.87,0.00,55.59,34.94,100.00,0.00,0.00,0.00,9.59,2.33,0.96,
2026-07-30,12:36:20.830,0.13,2.67,0.05,0.74,2.88,18.05,2.49,0.68,0.84,0.0018,0.0003,2.86,2.55,70,9882.90,3701.80,3875.81,2.67,22.25,0.13,1.06,6.46,18.00,0.00,48.43,27.10,100.00,0.00,0.00,0.00,18.01,9.17,2.21,
2026-07-30,12:36:21.830,0.02,1.81,0.01,0.46,1.78,2.73,0.49,0.80,0.93,0.0022,0.0004,0.33,0.03,55,1251.45,691.12,3877.57,1.81,15.09,0.02,0.13,1.95,9.97,0.00,50.57,37.51,100.00,0.00,0.00,0.00,7.26,1.13,0.01,
2026-07-30,12:36:22.831,0.07,2.97,0.02,0.83,3.24,1.49,1.34,0.89,0.68,0.0003,0.0003,0.24,0.01,70,5232.50,1759.24,3882.32,2.97,24.79,0.07,0.56,2.72,2.35,0.00,57.85,37.07,100.00,0.00,0.00,0.00,10.16,4.12,0.00,
2026-07-30,12:36:23.831,0.15,2.78,0.05,0.74,2.87,23.80,2.79,0.67,0.76,0.0021,0.0002,3.95,3.68,68,11513.86,4138.06,3877.10,2.78,23.19,0.15,1.24,7.25,8.69,0.00,56.91,27.15,100.00,0.00,0.00,0.00,20.69,10.68,3.21,
2026-07-30,12:36:24.831,0.00,1.21,0.00,0.30,1.17,1.56,0.16,0.85,0.95,0.0046,0.0005,0.25,0.02,71,342.22,283.49,3877.28,1.21,10.06,0.00,0.04,1.22,4.43,0.00,55.88,38.47,100.00,0.00,0.00,0.00,6.26,0.19,0.00,
2026-07-30,12:36:25.830,0.07,2.84,0.03,0.79,3.07,2.55,1.48,0.85,0.82,0.0004,0.0003,0.32,0.03,65,5750.57,2026.46,3876.18,2.84,23.65,0.07,0.62,3.32,3.01,0.00,56.98,36.68,100.00,0.00,0.00,0.00,10.39,4.29,0.01,
2026-07-30,12:36:26.831,0.12,2.83,0.04,0.75,2.93,15.27,2.28,0.70,0.71,0.0016,0.0002,2.46,2.18,65,9435.04,3333.19,3877.57,2.83,23.59,0.12,1.01,5.72,4.13,0.00,60.40,29.75,100.00,0.00,0.00,0.00,16.47,8.21,1.78,
2026-07-30,12:36:27.830,0.04,2.29,0.02,0.48,1.89,10.94,0.68,0.69,0.87,0.0039,0.0002,1.80,1.55,69,2770.22,1209.97,3879.52,2.29,19.08,0.04,0.30,3.22,6.96,0.00,55.69,34.13,100.00,0.00,0.00,0.00,10.81,3.06,1.35,
2026-07-30,12:36:28.831,0.08,2.94,0.03,0.82,3.20,2.03,1.59,0.87,0.40,0.0003,0.0003,0.29,0.01,70,5936.90,2016.86,3879.97,2.94,24.53,0.08,0.64,3.17,1.49,0.00,58.68,36.66,100.00,0.00,0.00,0.00,10.74,4.70,0.01,
2026-07-30,12:36:29.831,0.02,2.10,0.01,0.42,1.63,5.07,0.42,0.75,0.89,0.0038,0.0003,0.83,0.57,57,1347.84,643.19,3881.15,2.10,17.46,0.02,0.14,1.99,2.29,0.00,59.11,36.61,100.00,0.00,0.00,0.00,7.81,1.19,0.49,
2026-07-30,12:36:30.831,0.15,2.80,0.05,0.79,3.06,20.26,2.77,0.69,0.66,0.0018,0.0002,3.37,3.14,68,11269.23,4019.14,3878.03,2.80,23.37,0.15,1.21,6.60,4.79,0.00,61.71,26.91,100.00,0.00,0.00,0.00,20.07,10.65,2.77,
2026-07-30,12:36:31.832,0.08,2.94,0.03,0.84,3.27,2.14,1.65,0.86,0.68,0.0003,0.0003,0.29,0.02,70,6263.59,2128.30,3881.83,2.94,24.53,0.08,0.67,3.27,4.96,0.00,55.26,36.51,100.00,0.00,0.00,0.00,10.94,4.84,0.01,
2026-07-30,12:36:32.832,0.00,1.11,0.00,0.28,1.10,1.42,0.16,0.88,0.95,0.0041,0.0005,0.24,0.01,70,348.61,313.75,3881.28,1.11,9.26,0.00,0.04,1.44,3.06,0.00,57.54,37.96,100.00,0.00,0.00,0.00,6.24,0.20,0.00,
2026-07-30,12:36:33.836,0.15,2.84,0.05,0.76,2.98,21.12,2.87,0.67,0.67,0.0018,0.0002,3.48,3.16,65,11618.62,4092.29,3877.98,2.84,23.66,0.15,1.25,6.90,10.03,0.00,55.93,27.14,100.00,0.00,0.00,0.00,20.15,10.72,2.71,
2026-07-30,12:36:34.832,0.08,2.81,0.03,0.79,3.09,5.38,1.72,0.77,0.81,0.0008,0.0003,0.82,0.56,68,6515.82,2316.80,3876.56,2.81,23.44,0.08,0.70,3.77,4.55,0.00,56.85,34.82,100.00,0.00,0.00,0.00,11.87,5.21,0.48,
2026-07-30,12:36:35.832,0.15,3.47,0.04,0.95,3.69,28.94,0.83,0.39,0.88,0.0025,0.0001,2.19,0.81,44,11466.66,3306.12,3877.53,3.47,28.90,0.15,1.23,4.51,8.04,0.00,53.56,33.90,100.00,0.00,0.00,0.00,16.75,10.26,0.00,
2026-07-30,12:36:36.836,0.14,2.51,0.06,0.82,3.19,33.00,4.85,0.55,0.75,0.0030,0.0004,3.69,2.12,66,10951.47,4363.99,3882.21,2.51,20.91,0.14,1.18,6.87,5.60,0.00,57.43,30.10,100.00,0.00,0.00,0.00,18.73,10.77,1.32,
2026-07-30,12:36:37.833,0.05,2.47,0.02,0.54,2.10,13.55,0.96,0.69,0.82,0.0036,0.0003,2.32,2.12,70,3714.20,1504.14,3877.85,2.47,20.58,0.05,0.40,3.61,7.12,0.00,57.40,31.87,100.00,0.00,0.00,0.00,12.44,4.08,1.87,
2026-07-30,12:36:38.832,0.08,2.94,0.03,0.86,3.35,2.33,1.68,0.85,0.64,0.0004,0.0003,0.31,0.02,70,6228.84,2121.71,3877.96,2.94,24.46,0.08,0.67,3.18,6.14,0.00,54.30,36.37,100.00,0.00,0.00,0.00,11.01,4.90,0.00,
2026-07-30,12:36:39.833,0.08,2.96,0.03,0.88,3.42,1.93,1.68,0.87,0.63,0.0003,0.0003,0.28,0.01,70,6217.27,2100.64,3881.20,2.96,24.66,0.08,0.67,3.08,1.42,0.00,59.19,36.31,100.00,0.00,0.00,0.00,10.92,4.90,0.00,
2026-07-30,12:36:40.833,0.08,2.55,0.03,0.59,2.31,22.33,1.51,0.68,0.78,0.0035,0.0002,3.85,3.66,70,6307.24,2472.54,3878.18,2.55,21.26,0.08,0.68,5.37,8.75,0.00,57.42,28.46,100.00,0.00,0.00,0.00,16.95,6.95,3.19,
2026-07-30,12:36:41.833,0.08,2.97,0.03,0.89,3.49,1.96,1.71,0.87,0.62,0.0003,0.0003,0.28,0.02,70,6148.86,2070.10,3877.66,2.97,24.75,0.08,0.66,2.98,5.48,0.00,55.28,36.26,100.00,0.00,0.00,0.00,10.86,4.78,0.00,
2026-07-30,12:36:42.834,0.08,2.95,0.03,0.88,3.44,1.96,1.72,0.88,0.62,0.0003,0.0003,0.28,0.01,68,6204.68,2104.46,3882.08,2.95,24.57,0.08,0.67,3.08,2.58,0.00,58.09,36.26,100.00,0.00,0.00,0.00,10.90,4.85,0.00,
2026-07-30,12:36:43.835,0.06,2.41,0.02,0.56,2.19,16.30,1.16,0.70,0.80,0.0036,0.0003,2.78,2.56,69,4505.47,1871.28,3877.84,2.41,20.06,0.06,0.48,4.30,4.77,0.00,60.00,30.93,100.00,0.00,0.00,0.00,13.68,4.98,2.15,
2026-07-30,12:36:44.834,0.11,2.89,0.04,0.77,3.01,9.15,2.08,0.74,0.67,0.0011,0.0003,1.43,1.14,70,8194.76,2839.47,3877.59,2.89,24.05,0.11,0.88,4.74,5.77,0.00,57.20,32.29,100.00,0.00,0.00,0.00,14.36,6.99,1.02,
2026-07-30,12:36:45.834,0.01,1.23,0.01,0.27,1.06,2.13,0.35,0.88,0.91,0.0041,0.0007,0.29,0.03,70,518.12,421.00,3879.17,1.23,10.26,0.01,0.06,1.99,3.93,0.00,58.54,35.54,100.00,0.00,0.00,0.00,6.31,0.21,0.00,
2026-07-30,12:36:46.834,0.10,2.81,0.04,0.74,2.89,9.54,2.18,0.76,0.66,0.0012,0.0003,1.38,1.01,69,7892.20,2813.59,3877.28,2.81,23.38,0.10,0.85,4.89,3.99,0.00,58.87,32.26,100.00,0.00,0.00,0.00,13.75,6.62,0.83,
2026-07-30,12:36:47.833,0.13,2.77,0.05,0.72,2.81,20.15,2.69,0.68,0.76,0.0019,0.0003,3.16,2.79,70,10393.90,3749.59,3878.14,2.77,23.10,0.13,1.12,6.71,11.39,0.00,55.78,26.12,100.00,0.00,0.00,0.00,18.66,9.58,2.42,
2026-07-30,12:36:48.834,0.01,1.16,0.01,0.30,1.16,2.01,0.24,0.88,0.94,0.0042,0.0005,0.28,0.03,71,484.94,417.03,3881.37,1.16,9.69,0.01,0.05,1.81,2.71,0.00,58.43,37.05,100.00,0.00,0.00,0.00,6.39,0.30,0.00,
2026-07-30,12:36:49.834,0.09,2.33,0.04,0.90,3.52,11.90,2.87,0.68,0.81,0.0016,0.0004,0.93,0.11,71,7334.50,3142.51,3877.42,2.33,19.45,0.09,0.79,4.49,3.21,0.00,55.94,36.36,100.00,0.00,0.00,0.00,12.08,5.92,0.00,
2026-07-30,12:36:50.833,0.15,2.73,0.06,0.71,2.76,24.21,2.89,0.67,0.77,0.0021,0.0002,3.89,3.56,66,11679.02,4282.89,3877.24,2.73,22.72,0.15,1.26,7.81,18.92,0.00,48.16,25.11,100.00,0.00,0.00,0.00,20.94,11.06,3.08,
2026-07-30,12:36:51.833,0.01,1.60,0.01,0.41,1.58,4.32,0.34,0.77,0.96,0.0038,0.0003,0.50,0.20,70,1149.10,718.93,3877.46,1.60,13.32,0.01,0.12,2.28,10.11,0.00,51.32,36.28,100.00,0.00,0.00,0.00,7.38,1.06,0.13,
2026-07-30,12:36:52.834,0.08,2.94,0.03,0.88,3.43,1.91,1.67,0.87,0.63,0.0003,0.0003,0.27,0.01,70,6142.05,2088.13,3881.56,2.94,24.51,0.08,0.66,3.05,3.52,0.00,57.07,36.35,100.00,0.00,0.00,0.00,10.94,4.87,0.01,
2026-07-30,12:36:53.836,0.04,2.36,0.02,0.53,2.06,12.87,0.98,0.71,0.81,0.0037,0.0003,2.18,1.94,66,3490.87,1478.50,3879.30,2.36,19.68,0.04,0.37,3.60,7.47,0.00,58.08,30.85,100.00,0.00,0.00,0.00,11.86,3.74,1.65,
2026-07-30,12:36:54.835,0.11,2.81,0.04,0.81,3.16,11.70,2.17,0.71,0.79,0.0014,0.0003,1.97,1.74,70,8489.54,3018.36,3880.67,2.81,23.44,0.11,0.91,4.80,8.79,0.00,54.75,31.66,100.00,0.00,0.00,0.00,15.15,7.20,1.53,
2026-07-30,12:36:55.836,0.07,2.89,0.02,0.85,3.30,1.92,1.47,0.86,0.82,0.0003,0.0003,0.27,0.01,70,5548.62,1921.70,3881.52,2.89,24.06,0.07,0.60,2.92,4.21,0.00,55.57,37.30,100.00,0.00,0.00,0.00,10.08,3.99,0.01,
2026-07-30,12:36:56.837,0.01,1.82,0.01,0.38,1.47,3.61,0.33,0.78,0.90,0.0040,0.0004,0.60,0.36,69,896.23,493.54,3881.23,1.82,15.13,0.01,0.10,1.69,2.75,0.00,58.46,37.09,100.00,0.00,0.00,0.00,7.14,0.80,0.24,
2026-07-30,12:36:57.838,0.14,2.79,0.05,0.76,2.97,20.92,2.66,0.69,0.77,0.0019,0.0002,3.54,3.33,70,10950.82,3924.71,3877.91,2.79,23.25,0.14,1.18,6.66,6.88,0.00,60.82,25.64,100.00,0.00,0.00,0.00,19.74,10.11,2.92,
2026-07-30,12:36:58.836,0.06,2.89,0.02,0.83,3.24,1.87,1.31,0.86,0.68,0.0004,0.0003,0.28,0.01,51,4798.43,1659.61,3876.92,2.89,24.09,0.06,0.52,2.58,3.01,0.00,57.46,36.95,100.00,0.00,0.00,0.00,9.77,3.71,0.01,
2026-07-30,12:36:59.836,0.02,2.43,0.01,0.55,2.13,1.19,0.48,0.89,0.86,0.0007,0.0003,0.22,0.01,70,1670.70,686.81,3877.24,2.43,20.27,0.02,0.18,1.62,3.87,0.00,56.22,38.29,100.00,0.00,0.00,0.00,7.38,1.32,0.00,
2026-07-30,12:37:00.836,0.14,2.84,0.05,0.77,3.00,19.16,2.73,0.69,0.65,0.0017,0.0002,3.14,2.86,69,11056.31,3895.19,3882.04,2.84,23.65,0.14,1.19,6.51,8.92,0.00,56.00,28.57,100.00,0.00,0.00,0.00,19.17,10.11,2.43,
2026-07-30,12:37:01.836,0.02,2.19,0.01,0.46,1.80,6.07,0.50,0.74,0.88,0.0036,0.0003,1.01,0.78,70,1672.79,762.63,3877.27,2.19,18.28,0.02,0.18,2.13,6.74,0.00,55.50,35.62,100.00,0.00,0.00,0.00,8.62,1.70,0.68,
2026-07-30,12:37:02.836,0.08,2.95,0.03,0.86,3.36,2.02,1.72,0.87,0.64,0.0003,0.0003,0.28,0.01,70,6273.78,2127.09,3877.85,2.95,24.58,0.08,0.67,3.18,2.05,0.00,58.74,36.03,100.00,0.00,0.00,0.00,10.93,4.89,0.00,
2026-07-30,12:37:03.837,0.11,2.86,0.04,0.84,3.27,9.62,2.18,0.73,0.64,0.0011,0.0003,1.59,1.33,66,8430.38,2947.71,3881.31,2.86,23.83,0.11,0.90,4.53,4.85,0.00,57.73,32.90,100.00,0.00,0.00,0.00,14.43,7.05,1.06,
2026-07-30,12:37:04.839,0.05,2.52,0.02,0.54,2.09,14.73,0.96,0.68,0.70,0.0037,0.0002,2.54,2.35,70,3941.27,1563.53,3879.19,2.52,21.01,0.05,0.42,3.76,8.40,0.00,56.01,31.83,100.00,0.00,0.00,0.00,13.11,4.51,2.08,
2026-07-30,12:37:05.839,0.08,2.93,0.03,0.87,3.41,1.81,1.64,0.88,0.64,0.0003,0.0003,0.27,0.01,70,6096.35,2080.48,3882.51,2.93,24.42,0.08,0.65,3.06,1.63,0.00,59.14,36.16,100.00,0.00,0.00,0.00,10.88,4.82,0.01,
2026-07-30,12:37:06.839,0.19,3.02,0.06,1.00,3.89,50.04,3.75,0.35,0.75,0.0033,0.0002,3.96,1.26,49,15066.97,4995.94,3881.43,3.02,25.13,0.19,1.62,6.46,10.95,0.00,50.14,32.46,100.00,0.00,0.00,0.00,21.03,14.30,0.00,
2026-07-30,12:37:07.839,0.14,2.81,0.05,0.72,2.80,22.44,2.48,0.68,0.73,0.0021,0.0002,3.86,3.67,68,10616.52,3779.36,3877.49,2.81,23.41,0.14,1.14,6.79,10.82,0.00,55.68,26.70,100.00,0.00,0.00,0.00,20.51,10.53,3.16,
2026-07-30,12:37:08.838,0.08,2.99,0.03,0.88,3.42,1.87,1.59,0.87,0.64,0.0003,0.0003,0.27,0.02,70,5986.12,1998.92,3876.30,2.99,24.96,0.08,0.64,2.94,3.67,0.00,57.00,36.39,100.00,0.00,0.00,0.00,10.77,4.70,0.00,
2026-07-30,12:37:09.838,0.00,1.22,0.00,0.31,1.20,1.51,0.24,0.86,0.92,0.0043,0.0007,0.25,0.01,70,354.09,291.42,3877.82,1.22,10.13,0.00,0.04,1.22,4.68,0.00,55.87,38.24,100.00,0.00,0.00,0.00,6.34,0.27,0.00,
2026-07-30,12:37:10.841,0.13,2.88,0.04,0.78,3.06,15.49,2.48,0.70,0.65,0.0016,0.0002,2.56,2.29,70,9926.19,3451.37,3881.18,2.88,23.97,0.13,1.07,5.67,7.31,0.00,56.17,30.85,100.00,0.00,0.00,0.00,17.52,9.07,1.90,
2026-07-30,12:37:11.839,0.11,2.91,0.04,0.83,3.23,9.87,2.17,0.72,0.63,0.0012,0.0003,1.64,1.40,68,8463.02,2910.36,3878.07,2.91,24.23,0.11,0.91,4.54,6.95,0.00,56.20,32.31,100.00,0.00,0.00,0.00,15.09,7.52,1.23,
2026-07-30,12:37:12.839,0.00,1.14,0.00,0.32,1.23,1.71,0.22,0.87,0.93,0.0044,0.0006,0.26,0.02,70,385.12,339.18,3878.04,1.14,9.46,0.00,0.04,1.39,2.13,0.00,58.23,38.26,100.00,0.00,0.00,0.00,6.35,0.31,0.00,
2026-07-30,12:37:13.841,0.10,2.90,0.03,0.83,3.24,6.45,1.98,0.77,0.63,0.0009,0.0003,1.01,0.71,66,7434.54,2564.53,3879.77,2.90,24.16,0.10,0.80,3.98,2.73,0.00,58.84,34.44,100.00,0.00,0.00,0.00,12.90,6.23,0.51,
2026-07-30,12:37:14.839,0.07,2.50,0.03,0.57,2.22,18.51,1.28,0.69,0.79,0.0036,0.0003,3.18,2.98,68,5111.34,2044.41,3878.57,2.50,20.83,0.07,0.55,4.62,6.39,0.00,61.47,27.52,100.00,0.00,0.00,0.00,15.01,5.78,2.62,
2026-07-30,12:37:15.840,0.07,2.89,0.02,0.84,3.27,1.96,1.51,0.87,0.79,0.0004,0.0003,0.28,0.02,71,5542.74,1919.35,3881.24,2.89,24.07,0.07,0.59,2.95,3.61,0.00,56.91,36.53,100.00,0.00,0.00,0.00,10.19,4.11,0.00,
2026-07-30,12:37:16.840,0.08,2.96,0.03,0.84,3.29,2.15,1.66,0.87,0.64,0.0004,0.0003,0.29,0.01,70,6035.45,2041.29,3878.01,2.96,24.64,0.08,0.65,3.12,1.07,0.00,59.78,36.02,100.00,0.00,0.00,0.00,10.60,4.57,0.00,
2026-07-30,12:37:17.841,0.08,2.56,0.03,0.60,2.33,21.72,1.39,0.67,0.80,0.0033,0.0002,3.56,3.26,58,6515.53,2545.30,3877.64,2.56,21.33,0.08,0.70,5.49,6.50,0.00,61.61,26.40,100.00,0.00,0.00,0.00,16.18,6.70,2.81,
2026-07-30,12:37:18.840,0.09,2.92,0.03,0.83,3.23,4.23,1.79,0.80,0.65,0.0006,0.0003,0.68,0.43,70,6628.02,2266.30,3882.07,2.92,24.37,0.09,0.71,3.53,4.05,0.00,57.91,34.51,100.00,0.00,0.00,0.00,11.92,5.37,0.37,
2026-07-30,12:37:19.840,0.08,2.97,0.03,0.85,3.33,2.24,1.63,0.86,0.64,0.0004,0.0003,0.30,0.02,68,6011.55,2024.26,3877.48,2.97,24.75,0.08,0.65,3.05,2.58,0.00,58.74,35.62,100.00,0.00,0.00,0.00,10.67,4.61,0.01,
2026-07-30,12:37:20.841,0.04,2.16,0.02,0.49,1.92,12.83,0.96,0.70,0.92,0.0037,0.0003,2.00,1.70,56,3436.23,1588.46,3878.17,2.16,18.03,0.04,0.37,4.17,13.40,0.00,51.60,30.83,100.00,0.00,0.00,0.00,11.75,3.94,1.36,
2026-07-30,12:37:21.841,0.12,2.80,0.04,0.75,2.94,14.40,2.49,0.70,0.68,0.0015,0.0003,2.31,2.03,70,9488.87,3385.06,3880.49,2.80,23.36,0.12,1.02,5.78,10.41,0.00,54.19,29.61,100.00,0.00,0.00,0.00,16.82,8.57,1.77,
2026-07-30,12:37:22.841,0.00,1.10,0.00,0.29,1.12,1.33,0.25,0.89,0.92,0.0042,0.0008,0.23,0.01,71,318.11,289.36,3880.28,1.10,9.16,0.00,0.03,1.30,2.45,0.00,58.65,37.60,100.00,0.00,0.00,0.00,6.24,0.20,0.00,
2026-07-30,12:37:23.848,0.08,2.93,0.03,0.81,3.15,2.94,1.75,0.85,0.64,0.0005,0.0003,0.40,0.10,66,6337.74,2163.14,3879.58,2.93,24.42,0.08,0.68,3.45,2.41,0.00,58.66,35.48,100.00,0.00,0.00,0.00,11.04,4.90,0.05,
2026-07-30,12:37:24.841,0.16,2.83,0.06,0.76,2.97,23.11,2.95,0.67,0.67,0.0019,0.0002,3.84,3.59,69,12107.39,4284.35,3877.76,2.83,23.55,0.16,1.30,7.25,9.82,0.00,56.62,26.31,100.00,0.00,0.00,0.00,21.22,11.36,3.07,
2026-07-30,12:37:25.841,0.01,1.16,0.00,0.28,1.08,1.71,0.37,0.88,0.89,0.0043,0.0009,0.26,0.02,71,395.77,340.62,3879.50,1.16,9.68,0.01,0.04,1.59,3.11,0.00,57.97,37.32,100.00,0.00,0.00,0.00,6.30,0.23,0.00,
2026-07-30,12:37:26.843,0.08,2.91,0.03,0.82,3.19,2.25,1.77,0.88,0.63,0.0004,0.0003,0.30,0.02,70,6170.54,2118.06,3881.55,2.91,24.28,0.08,0.66,3.34,2.27,0.00,58.79,35.60,100.00,0.00,0.00,0.00,10.86,4.78,0.01,
2026-07-30,12:37:27.844,0.13,2.77,0.05,0.75,2.93,18.40,2.53,0.69,0.77,0.0018,0.0003,3.01,2.70,66,10025.14,3619.28,3879.79,2.77,23.08,0.13,1.08,6.21,6.27,0.00,58.32,29.21,100.00,0.00,0.00,0.00,17.65,8.81,2.26,
2026-07-30,12:37:28.844,0.02,2.11,0.01,0.45,1.77,7.54,0.57,0.74,0.87,0.0039,0.0003,1.24,1.01,70,1934.69,915.03,3880.69,2.11,17.62,0.02,0.21,2.60,4.94,0.00,57.73,34.73,100.00,0.00,0.00,0.00,9.30,2.15,0.89,
2026-07-30,12:37:29.844,0.07,2.84,0.03,0.82,3.20,2.17,1.56,0.86,0.82,0.0004,0.0003,0.29,0.02,70,5687.19,2004.07,3880.01,2.84,23.65,0.07,0.61,3.15,4.51,0.00,55.84,36.51,100.00,0.00,0.00,0.00,10.25,4.18,0.00,
2026-07-30,12:37:30.844,0.03,2.24,0.01,0.49,1.92,7.75,0.63,0.73,0.85,0.0036,0.0003,1.33,1.11,69,2130.99,950.49,3881.15,2.24,18.68,0.03,0.23,2.48,5.58,0.00,56.55,35.39,100.00,0.00,0.00,0.00,9.42,2.28,0.87,
2026-07-30,12:37:31.845,0.13,2.83,0.04,0.78,3.05,16.34,2.44,0.70,0.77,0.0017,0.0002,2.77,2.56,70,9873.85,3490.43,3881.46,2.83,23.57,0.13,1.06,5.76,9.79,0.00,54.97,29.49,100.00,0.00,0.00,0.00,17.66,8.79,2.29,
2026-07-30,12:37:32.845,0.11,2.52,0.04,0.89,3.47,14.57,3.28,0.67,0.72,0.0017,0.0004,1.13,0.38,70,8672.14,3440.69,3878.18,2.52,21.00,0.11,0.93,4.98,4.57,0.00,55.76,34.69,100.00,0.00,0.00,0.00,13.85,7.58,0.01,
2026-07-30,12:37:33.846,0.01,1.38,0.00,0.32,1.25,2.05,0.22,0.85,0.94,0.0040,0.0004,0.28,0.03,71,505.30,366.85,3879.67,1.38,11.48,0.01,0.05,1.47,1.21,0.00,59.50,37.82,100.00,0.00,0.00,0.00,6.35,0.29,0.00,
2026-07-30,12:37:34.847,0.16,2.80,0.06,0.76,2.97,25.07,2.98,0.66,0.68,0.0020,0.0002,4.04,3.71,67,12533.09,4480.74,3879.82,2.80,23.31,0.16,1.35,7.59,9.13,0.00,56.43,26.86,100.00,0.00,0.00,0.00,21.59,11.56,3.22,
2026-07-30,12:37:35.846,0.08,2.96,0.03,0.84,3.27,2.33,1.62,0.85,0.66,0.0004,0.0003,0.30,0.04,67,6121.88,2066.78,3880.42,2.96,24.68,0.08,0.66,3.18,2.47,0.00,57.96,36.39,100.00,0.00,0.00,0.00,10.76,4.68,0.01,
2026-07-30,12:37:36.847,0.01,1.58,0.01,0.35,1.38,1.91,0.23,0.86,0.94,0.0029,0.0003,0.27,0.02,70,660.61,416.99,3881.12,1.58,13.20,0.01,0.07,1.52,1.40,0.00,59.52,37.56,100.00,0.00,0.00,0.00,6.51,0.46,0.00,
2026-07-30,12:37:37.847,0.30,3.02,0.10,0.98,3.83,62.62,5.52,0.43,0.69,0.0027,0.0002,6.11,3.44,67,23259.85,7697.56,3877.17,3.02,25.18,0.30,2.50,10.11,11.34,0.00,52.38,26.17,100.00,0.00,0.00,0.00,30.08,21.27,1.78,
2026-07-30,12:37:38.846,0.04,2.39,0.02,0.53,2.07,10.36,0.75,0.70,0.84,0.0036,0.0003,1.80,1.60,70,2910.53,1217.16,3877.39,2.39,19.93,0.04,0.31,2.96,7.60,0.00,55.66,33.78,100.00,0.00,0.00,0.00,11.08,3.28,1.43,
2026-07-30,12:37:39.847,0.08,2.99,0.03,0.86,3.34,1.99,1.66,0.87,0.64,0.0003,0.0003,0.28,0.01,70,6125.18,2051.04,3877.63,2.99,24.89,0.08,0.66,3.09,1.68,0.00,58.84,36.39,100.00,0.00,0.00,0.00,10.89,4.85,0.00,
2026-07-30,12:37:40.847,0.09,2.96,0.03,0.84,3.27,4.75,1.88,0.79,0.39,0.0007,0.0003,0.76,0.50,69,6838.18,2313.56,3880.06,2.96,24.63,0.09,0.73,3.56,2.61,0.00,58.89,34.93,100.00,0.00,0.00,0.00,12.07,5.62,0.34,
2026-07-30,12:37:41.848,0.07,2.54,0.03,0.59,2.29,19.37,1.29,0.68,0.79,0.0035,0.0002,3.36,3.18,70,5474.52,2159.36,3881.93,2.54,21.13,0.07,0.59,4.75,6.47,0.00,60.52,28.26,100.00,0.00,0.00,0.00,15.74,6.24,2.84,
2026-07-30,12:37:42.847,0.08,2.97,0.03,0.90,3.49,1.95,1.69,0.86,0.63,0.0003,0.0003,0.28,0.02,70,6296.29,2122.06,3878.06,2.97,24.73,0.08,0.68,3.06,2.47,0.00,57.75,36.72,100.00,0.00,0.00,0.00,10.96,4.89,0.01,
2026-07-30,12:37:43.848,0.06,2.88,0.02,0.78,3.06,1.92,1.22,0.86,0.71,0.0004,0.0003,0.28,0.01,51,4546.10,1579.06,3880.15,2.88,23.99,0.06,0.49,2.60,2.58,0.00,57.66,37.17,100.00,0.00,0.00,0.00,9.45,3.40,0.00,
2026-07-30,12:37:44.848,0.09,2.62,0.03,0.62,2.43,20.41,1.71,0.68,0.75,0.0029,0.0002,3.35,3.07,69,6983.52,2670.05,3877.63,2.62,21.80,0.09,0.75,5.52,6.07,0.00,61.31,27.10,100.00,0.00,0.00,0.00,16.43,7.16,2.62,
2026-07-30,12:37:45.849,0.09,2.93,0.03,0.82,3.22,6.00,1.89,0.76,0.64,0.0008,0.0003,0.93,0.65,70,7206.73,2460.82,3882.22,2.93,24.40,0.09,0.77,3.84,2.50,0.00,59.93,33.72,100.00,0.00,0.00,0.00,12.65,5.91,0.57,
2026-07-30,12:37:46.848,0.04,1.39,0.03,0.43,1.69,15.16,1.75,0.68,0.94,0.0046,0.0005,1.12,0.31,70,3261.88,2343.74,3877.56,1.39,11.60,0.04,0.35,6.97,39.43,0.00,25.52,28.07,100.00,0.00,0.00,0.00,10.49,3.98,0.02,
2026-07-30,12:37:47.849,0.09,2.60,0.03,0.84,3.26,4.79,2.06,0.76,0.83,0.0007,0.0003,0.48,0.07,70,6774.50,2602.08,3877.44,2.60,21.70,0.09,0.73,4.01,12.03,0.00,48.77,35.19,100.00,0.00,0.00,0.00,11.88,5.71,0.00,
2026-07-30,12:37:48.850,0.18,2.29,0.08,1.01,3.92,29.81,4.58,0.66,0.82,0.0022,0.0003,2.38,1.19,63,13767.68,6024.38,3876.04,2.29,19.04,0.18,1.48,7.73,8.14,0.00,53.57,30.57,100.00,0.00,0.00,0.00,20.72,14.02,0.21,
2026-07-30,12:37:49.850,0.11,2.36,0.05,0.56,2.20,41.45,2.00,0.61,0.83,0.0048,0.0002,6.10,5.32,67,8547.68,3627.38,3879.80,2.36,19.64,0.11,0.92,8.29,18.14,0.00,52.98,20.58,100.00,0.00,0.00,0.00,20.69,9.58,4.04,
2026-07-30,12:37:50.850,0.23,2.66,0.09,0.63,2.46,44.31,4.14,0.63,0.83,0.0025,0.0002,6.22,5.29,66,18071.60,6794.49,3877.52,2.66,22.16,0.23,1.94,13.87,26.47,0.00,44.85,14.81,100.00,0.00,0.00,0.00,26.77,15.38,4.32,
2026-07-30,12:37:51.851,0.21,2.60,0.08,0.57,2.21,43.67,3.73,0.63,0.77,0.0027,0.0002,6.29,5.35,53,16049.86,6165.02,3876.95,2.60,21.69,0.21,1.72,14.04,29.66,0.00,41.14,15.16,100.00,0.00,0.00,0.00,24.47,13.43,3.96,
2026-07-30,12:37:52.851,0.14,2.56,0.06,0.65,2.54,35.32,2.95,0.64,0.78,0.0032,0.0003,5.74,5.09,67,10952.30,4277.23,3879.18,2.56,21.34,0.14,1.18,8.46,27.02,0.00,44.59,19.93,100.00,0.00,0.00,0.00,22.55,11.59,3.94,
2026-07-30,12:37:53.849,0.16,2.64,0.06,0.70,2.74,37.18,3.46,0.63,0.69,0.0030,0.0003,5.77,5.16,67,12264.96,4637.61,3880.35,2.64,22.04,0.16,1.32,8.50,28.25,0.00,44.53,18.72,100.00,0.00,0.00,0.00,23.68,12.70,3.95,
2026-07-30,12:37:54.850,0.09,2.39,0.04,0.56,2.18,36.30,2.13,0.64,0.78,0.0050,0.0003,5.71,5.12,67,7194.50,3005.85,3879.85,2.39,19.95,0.09,0.77,6.92,24.31,0.00,49.08,19.69,100.00,0.00,0.00,0.00,19.36,8.41,3.97,
2026-07-30,12:37:55.850,0.16,2.69,0.06,0.68,2.67,37.36,3.38,0.63,0.70,0.0031,0.0003,5.81,5.16,68,12184.78,4526.44,3880.39,2.69,22.43,0.16,1.31,8.52,23.28,0.00,49.07,19.13,100.00,0.00,0.00,0.00,23.25,12.26,3.98,
2026-07-30,12:37:56.849,0.16,2.58,0.06,0.72,2.80,37.88,3.51,0.63,0.77,0.0031,0.0003,5.83,5.12,67,12311.30,4770.35,3878.76,2.58,21.51,0.16,1.32,8.57,22.52,0.00,49.31,19.60,100.00,0.00,0.00,0.00,23.58,12.62,3.96,
2026-07-30,12:37:57.849,0.09,2.39,0.04,0.55,2.15,36.45,2.09,0.63,0.79,0.0050,0.0003,5.74,5.11,67,7225.37,3025.97,3878.85,2.39,19.90,0.09,0.78,7.08,23.25,0.00,48.82,20.86,100.00,0.00,0.00,0.00,19.52,8.57,3.95,
2026-07-30,12:37:58.851,0.16,2.64,0.06,0.70,2.71,37.00,3.38,0.63,0.77,0.0030,0.0003,5.77,5.11,67,12256.27,4646.91,3881.02,2.64,21.98,0.16,1.32,8.60,18.38,0.00,54.01,19.01,100.00,0.00,0.00,0.00,23.23,12.29,3.93,
2026-07-30,12:37:59.851,0.21,3.25,0.06,0.68,2.65,44.61,2.60,0.58,0.78,0.0028,0.0002,6.37,5.22,53,15951.94,4914.44,3879.38,3.25,27.05,0.21,1.71,9.33,27.15,0.00,43.99,19.53,100.00,0.00,0.00,0.00,23.91,12.89,3.93,
2026-07-30,12:38:00.851,0.15,2.62,0.06,0.66,2.57,38.06,3.03,0.63,0.79,0.0032,0.0003,5.86,5.14,67,11871.65,4527.99,3880.68,2.62,21.85,0.15,1.27,8.85,21.54,0.00,49.43,20.18,100.00,0.00,0.00,0.00,22.59,11.68,3.90,
2026-07-30,12:38:01.851,0.17,2.67,0.06,0.72,2.80,37.33,3.57,0.64,0.68,0.0029,0.0003,5.83,5.16,67,12905.68,4830.03,3878.48,2.67,22.27,0.17,1.39,8.66,21.79,0.00,49.77,19.78,100.00,0.00,0.00,0.00,23.89,12.98,3.92,
2026-07-30,12:38:02.851,0.09,2.36,0.04,0.56,2.18,36.94,2.11,0.62,0.79,0.0051,0.0003,5.76,5.11,67,7288.15,3086.88,3875.98,2.36,19.68,0.09,0.78,7.13,17.84,0.00,54.68,20.36,100.00,0.00,0.00,0.00,19.67,8.68,3.98,
2026-07-30,12:38:03.851,0.17,2.69,0.06,0.69,2.69,36.56,3.47,0.64,0.70,0.0028,0.0003,5.77,5.12,67,13172.69,4897.05,3877.47,2.69,22.42,0.17,1.42,9.16,18.15,0.00,55.54,17.15,100.00,0.00,0.00,0.00,24.11,13.15,3.94,
2026-07-30,12:38:04.850,0.17,2.71,0.06,0.68,2.65,36.77,3.22,0.63,0.74,0.0028,0.0002,5.80,5.15,66,13230.33,4881.09,3877.59,2.71,22.59,0.17,1.42,9.25,24.07,0.00,47.57,19.10,100.00,0.00,0.00,0.00,23.94,12.95,3.95,
2026-07-30,12:38:05.851,0.20,3.28,0.06,0.66,2.58,43.61,2.44,0.59,0.78,0.0028,0.0002,6.45,5.29,67,15623.47,4767.86,3880.66,3.28,27.31,0.20,1.68,9.29,23.07,0.00,49.38,18.27,100.00,0.00,0.00,0.00,23.54,12.48,3.93,
2026-07-30,12:38:06.851,0.17,2.64,0.06,0.71,2.76,37.36,3.64,0.63,0.67,0.0029,0.0003,5.94,5.21,67,12831.53,4856.49,3879.65,2.64,22.02,0.17,1.38,8.83,17.82,0.00,54.30,19.05,100.00,0.00,0.00,0.00,23.96,12.95,3.95,
2026-07-30,12:38:07.851,0.10,2.09,0.05,0.63,2.44,49.07,2.28,0.57,0.80,0.0064,0.0003,6.50,5.40,60,7640.07,3658.27,3875.04,2.09,17.40,0.10,0.82,7.55,24.09,0.00,48.73,19.64,100.00,0.00,0.00,0.00,20.72,9.70,3.96,
2026-07-30,12:38:08.850,0.34,2.98,0.12,0.94,3.65,75.57,6.61,0.49,0.68,0.0028,0.0002,9.06,6.33,67,26592.34,8927.91,3877.65,2.98,24.82,0.34,2.86,12.29,21.93,0.00,49.56,16.22,100.00,0.00,0.00,0.00,35.20,23.96,3.95,
2026-07-30,12:38:09.849,0.17,2.66,0.06,0.73,2.85,37.77,3.66,0.63,0.68,0.0029,0.0003,5.86,5.14,67,12933.02,4869.48,3877.35,2.66,22.13,0.17,1.39,8.59,19.12,0.00,50.81,21.48,100.00,0.00,0.00,0.00,24.17,13.10,4.03,
2026-07-30,12:38:10.850,0.09,2.31,0.04,0.59,2.30,36.11,2.14,0.64,0.77,0.0050,0.0003,5.70,5.10,67,7192.80,3117.79,3881.80,2.31,19.23,0.09,0.77,6.80,19.05,0.00,54.32,19.83,100.00,0.00,0.00,0.00,19.69,8.81,3.92,
2026-07-30,12:38:11.850,0.16,2.71,0.06,0.69,2.69,37.39,3.57,0.63,0.68,0.0029,0.0003,5.85,5.16,67,12764.49,4718.45,3878.30,2.71,22.54,0.16,1.37,8.82,20.30,0.00,51.81,19.08,100.00,0.00,0.00,0.00,23.46,12.56,3.90,
2026-07-30,12:38:12.851,0.17,2.70,0.06,0.69,2.71,38.40,3.57,0.62,0.69,0.0030,0.0003,5.91,5.19,67,12876.11,4772.29,3878.26,2.70,22.48,0.17,1.38,8.87,23.92,0.00,46.88,20.33,100.00,0.00,0.00,0.00,23.71,12.67,4.01,
2026-07-30,12:38:13.851,0.09,2.40,0.04,0.54,2.12,37.06,2.12,0.63,0.78,0.0052,0.0003,5.82,5.18,67,7192.90,2991.18,3880.86,2.40,20.04,0.09,0.77,7.09,21.81,0.00,50.55,20.55,100.00,0.00,0.00,0.00,19.55,8.43,4.07,
2026-07-30,12:38:14.851,0.27,3.27,0.08,0.77,3.00,45.14,4.16,0.60,0.67,0.0021,0.0002,6.46,5.28,67,21033.96,6440.25,3879.80,3.27,27.22,0.27,2.26,10.78,23.29,0.00,50.46,15.47,100.00,0.00,0.00,0.00,28.02,16.82,4.06,
2026-07-30,12:38:15.852,0.10,2.41,0.04,0.54,2.11,37.73,2.34,0.63,0.77,0.0049,0.0003,5.84,5.16,63,7706.85,3200.46,3881.90,2.41,20.07,0.10,0.83,7.63,25.73,0.00,46.57,20.07,100.00,0.00,0.00,0.00,19.95,8.74,4.15,
2026-07-30,12:38:16.852,0.28,2.75,0.10,0.62,2.43,45.95,5.06,0.65,0.67,0.0021,0.0002,6.43,5.47,68,21474.15,7810.32,3876.94,2.75,22.91,0.28,2.31,16.13,27.59,0.00,46.13,10.15,100.00,0.00,0.00,0.00,29.41,18.20,4.09,
2026-07-30,12:38:17.852,0.16,2.62,0.06,0.67,2.63,40.57,3.40,0.62,0.77,0.0032,0.0003,6.03,5.17,68,12700.92,4848.19,3878.87,2.62,21.83,0.16,1.36,9.27,17.19,0.00,57.73,15.81,100.00,0.00,0.00,0.00,23.27,12.06,4.14,
2026-07-30,12:38:18.852,0.04,1.55,0.02,0.44,1.73,17.97,1.61,0.64,0.88,0.0063,0.0006,1.92,1.10,69,2845.58,1832.89,3880.31,1.55,12.94,0.04,0.31,5.32,26.59,0.00,39.69,28.40,100.00,0.00,0.00,0.00,10.55,3.36,0.76,
2026-07-30,12:38:19.853,0.10,2.86,0.04,0.91,3.57,6.49,1.90,0.76,0.75,0.0008,0.0002,0.63,0.21,70,8082.37,2829.52,3881.83,2.86,23.80,0.10,0.87,3.98,5.40,0.00,55.72,34.90,100.00,0.00,0.00,0.00,13.24,7.02,0.01,
2026-07-30,12:38:20.853,0.07,2.56,0.03,0.65,2.55,5.82,1.85,0.81,0.84,0.0010,0.0003,0.55,0.21,68,5651.53,2211.91,3878.21,2.56,21.29,0.07,0.61,4.36,14.63,0.00,48.30,32.71,100.00,0.00,0.00,0.00,10.86,4.56,0.01,
2026-07-30,12:38:21.853,0.01,1.29,0.01,0.30,1.18,5.48,0.60,0.80,0.87,0.0065,0.0007,0.53,0.21,70,845.11,652.61,3877.22,1.29,10.79,0.01,0.09,2.79,11.60,0.00,51.37,34.24,100.00,0.00,0.00,0.00,7.01,0.76,0.01,
2026-07-30,12:38:22.853,0.07,2.76,0.02,0.72,2.79,4.27,1.70,0.84,0.78,0.0008,0.0003,0.46,0.18,70,5233.13,1898.86,3879.84,2.76,22.97,0.07,0.56,3.42,0.76,0.00,60.11,35.71,100.00,0.00,0.00,0.00,9.95,3.78,0.02,
2026-07-30,12:38:23.853,0.01,1.08,0.01,0.31,1.20,4.41,0.50,0.82,0.88,0.0082,0.0009,0.45,0.18,67,538.33,497.28,3875.68,1.08,9.02,0.01,0.06,2.09,0.72,0.00,60.09,37.10,100.00,0.00,0.00,0.00,6.48,0.32,0.01,
2026-07-30,12:38:24.853,0.08,2.50,0.03,0.66,2.57,7.75,2.00,0.77,0.80,0.0013,0.0003,0.67,0.23,70,5921.45,2368.82,3878.99,2.50,20.83,0.08,0.64,4.64,14.36,0.00,48.18,32.82,100.00,0.00,0.00,0.00,11.18,4.88,0.02,
2026-07-30,12:38:25.853,0.08,2.88,0.03,0.81,3.15,5.17,1.79,0.74,0.67,0.0008,0.0003,0.52,0.08,65,6253.81,2170.98,3878.34,2.88,24.01,0.08,0.67,3.46,7.23,0.00,53.64,35.67,100.00,0.00,0.00,0.00,10.79,4.64,0.01,
2026-07-30,12:38:26.853,0.16,4.03,0.04,0.84,3.29,12.01,0.96,0.69,0.86,0.0010,0.0001,1.07,0.33,64,12068.32,2996.18,3879.78,4.03,33.57,0.16,1.30,4.57,7.93,0.00,54.50,33.00,100.00,0.00,0.00,0.00,13.92,7.49,0.01,
2026-07-30,12:38:27.853,0.10,3.14,0.03,0.78,3.03,5.52,1.77,0.83,0.77,0.0007,0.0002,0.54,0.24,66,7799.65,2481.59,3877.25,3.14,26.19,0.10,0.84,4.12,1.06,0.00,60.08,34.74,100.00,0.00,0.00,0.00,11.39,5.15,0.02,
2026-07-30,12:38:28.854,0.11,3.15,0.04,0.79,3.09,6.51,2.04,0.81,0.63,0.0008,0.0002,0.61,0.26,67,8579.11,2726.35,3877.72,3.15,26.22,0.11,0.92,4.44,0.76,0.00,60.67,34.13,100.00,0.00,0.00,0.00,12.21,5.95,0.01,
2026-07-30,12:38:29.852,0.04,3.12,0.01,0.46,1.80,4.46,0.45,0.84,0.87,0.0016,0.0002,0.45,0.20,69,2818.70,903.22,3877.31,3.12,26.01,0.04,0.30,2.53,2.46,0.00,58.84,36.18,100.00,0.00,0.00,0.00,7.42,1.21,0.00,
2026-07-30,12:38:30.852,0.11,3.24,0.03,0.81,3.16,4.55,1.85,0.85,0.61,0.0005,0.0002,0.46,0.20,66,8293.98,2562.86,3877.69,3.24,26.97,0.11,0.89,4.07,4.54,0.00,56.83,34.56,100.00,0.00,0.00,0.00,11.92,5.68,0.00,
2026-07-30,12:38:31.853,0.02,1.97,0.01,0.46,1.78,5.30,0.60,0.76,0.93,0.0030,0.0003,0.48,0.14,70,1776.26,903.49,3880.72,1.97,16.38,0.02,0.19,2.55,13.74,0.00,48.43,35.28,100.00,0.00,0.00,0.00,7.55,1.34,0.00,
2026-07-30,12:38:32.853,0.22,3.78,0.06,1.03,4.02,11.35,2.17,0.66,0.75,0.0007,0.0001,0.99,0.21,67,16972.91,4487.77,3879.16,3.78,31.52,0.22,1.82,5.61,3.60,0.00,57.24,33.55,100.00,0.00,0.00,0.00,17.77,11.47,0.00,
2026-07-30,12:38:33.854,0.13,3.55,0.04,0.87,3.40,4.95,1.76,0.87,0.81,0.0005,0.0002,0.48,0.19,68,10248.91,2888.91,3881.12,3.55,29.56,0.13,1.10,4.27,0.67,0.00,60.58,34.48,100.00,0.00,0.00,0.00,13.86,7.66,0.00,
2026-07-30,12:38:34.854,0.07,4.06,0.02,0.66,2.58,3.86,0.52,0.88,0.89,0.0007,0.0001,0.41,0.18,69,5326.59,1312.73,3879.12,4.06,33.81,0.07,0.57,2.55,7.80,0.00,53.70,35.95,100.00,0.00,0.00,0.00,10.25,4.03,0.00,
2026-07-30,12:38:35.853,0.14,3.61,0.04,0.88,3.44,4.62,1.91,0.88,0.69,0.0004,0.0002,0.47,0.19,68,10708.54,2968.98,3877.38,3.61,30.06,0.14,1.15,4.35,5.34,0.00,56.46,33.85,100.00,0.00,0.00,0.00,14.22,7.99,0.00,
2026-07-30,12:38:36.854,0.14,3.63,0.04,0.90,3.51,4.51,1.86,0.87,0.69,0.0004,0.0002,0.46,0.18,68,10679.36,2938.81,3880.91,3.63,30.28,0.14,1.15,4.21,1.18,0.00,60.36,34.26,100.00,0.00,0.00,0.00,14.28,8.11,0.00,
2026-07-30,12:38:37.856,0.07,3.48,0.02,0.59,2.29,5.63,0.71,0.84,0.88,0.0011,0.0001,0.52,0.21,70,5118.45,1468.93,3881.09,3.48,29.04,0.07,0.55,3.23,5.09,0.00,57.49,34.20,100.00,0.00,0.00,0.00,10.39,4.18,0.00,
2026-07-30,12:38:38.855,0.21,3.26,0.07,0.86,3.37,33.03,2.70,0.42,0.80,0.0020,0.0002,2.43,0.61,42,16578.53,5084.53,3877.55,3.26,27.17,0.21,1.78,7.59,27.70,0.00,34.65,30.05,100.00,0.00,0.00,0.00,19.33,12.67,0.00,
2026-07-30,12:38:39.857,0.24,3.02,0.08,1.09,4.26,39.64,4.58,0.55,0.79,0.0022,0.0002,3.38,1.38,61,18395.09,6099.31,3880.67,3.02,25.13,0.24,1.97,7.19,6.11,0.00,57.10,29.60,100.00,0.00,0.00,0.00,25.97,19.11,0.08,
2026-07-30,12:38:40.859,0.23,2.23,0.11,0.77,3.01,67.91,6.78,0.57,0.73,0.0037,0.0004,8.05,5.91,65,18201.20,8155.76,3877.91,2.23,18.60,0.23,1.96,13.63,24.80,0.00,44.49,17.08,100.00,0.00,0.00,0.00,30.03,18.68,4.12,
2026-07-30,12:38:41.858,0.18,2.68,0.07,0.67,2.62,39.00,3.76,0.63,0.69,0.0028,0.0003,5.96,5.22,67,13806.20,5153.07,3881.58,2.68,22.33,0.18,1.48,9.88,18.15,0.00,55.45,16.51,100.00,0.00,0.00,0.00,24.52,13.46,3.99,
2026-07-30,12:38:42.858,0.09,2.44,0.04,0.55,2.15,37.55,2.13,0.62,0.78,0.0052,0.0003,5.87,5.20,67,7280.42,2986.26,3879.90,2.44,20.32,0.09,0.78,6.99,18.81,0.00,53.64,20.56,100.00,0.00,0.00,0.00,19.52,8.45,4.07,
2026-07-30,12:38:43.858,0.18,2.69,0.07,0.66,2.57,38.85,3.68,0.63,0.76,0.0028,0.0003,5.93,5.20,68,13718.35,5099.11,3885.85,2.69,22.42,0.18,1.47,9.96,26.53,0.00,45.74,17.77,100.00,0.00,0.00,0.00,23.91,12.88,4.01,
2026-07-30,12:38:44.859,0.17,2.73,0.06,0.69,2.68,38.35,3.66,0.63,0.69,0.0029,0.0003,5.88,5.17,63,13017.40,4770.07,3878.79,2.73,22.74,0.17,1.40,8.96,25.42,0.00,46.70,18.92,100.00,0.00,0.00,0.00,23.77,12.79,3.99,
2026-07-30,12:38:45.860,0.09,2.43,0.04,0.54,2.11,37.64,2.17,0.62,0.79,0.0051,0.0003,5.86,5.19,66,7311.21,3011.88,3880.30,2.43,20.23,0.09,0.78,7.17,22.97,0.00,48.07,21.79,100.00,0.00,0.00,0.00,19.46,8.48,3.98,
2026-07-30,12:38:46.860,0.19,2.69,0.07,0.67,2.63,39.65,3.80,0.63,0.76,0.0027,0.0003,5.98,5.23,67,14531.76,5394.77,3881.33,2.69,22.45,0.19,1.56,10.31,19.17,0.00,50.92,19.60,100.00,0.00,0.00,0.00,24.30,13.33,3.98,
2026-07-30,12:38:47.860,0.10,2.42,0.04,0.55,2.13,37.27,2.11,0.62,0.79,0.0050,0.0003,5.80,5.14,67,7515.29,3101.85,3879.52,2.42,20.19,0.10,0.81,7.31,22.51,0.00,49.49,20.68,100.00,0.00,0.00,0.00,19.48,8.49,4.01,
2026-07-30,12:38:48.861,0.17,2.74,0.06,0.68,2.64,35.71,3.19,0.63,0.73,0.0028,0.0002,5.68,5.07,67,12896.78,4708.66,3881.69,2.74,22.82,0.17,1.38,8.96,25.27,0.00,44.95,20.83,100.00,0.00,0.00,0.00,23.50,12.52,4.00,
2026-07-30,12:38:49.862,0.27,3.37,0.08,0.75,2.94,41.37,3.35,0.60,0.73,0.0020,0.0002,6.15,5.17,48,20735.96,6159.80,3883.74,3.37,28.05,0.27,2.23,10.53,23.81,0.00,45.92,19.74,100.00,0.00,0.00,0.00,26.92,15.88,3.98,
2026-07-30,12:38:50.862,0.10,2.30,0.04,0.53,2.09,38.98,2.24,0.62,0.87,0.0049,0.0003,5.92,5.16,68,7949.42,3457.57,3876.74,2.30,19.16,0.10,0.85,8.33,30.21,0.00,44.06,17.41,100.00,0.00,0.00,0.00,20.18,9.18,3.97,
2026-07-30,12:38:51.863,0.19,2.72,0.07,0.63,2.46,39.59,4.02,0.64,0.73,0.0026,0.0003,5.95,5.19,66,15048.44,5538.75,3880.84,2.72,22.64,0.19,1.62,11.29,28.58,0.00,45.90,14.23,100.00,0.00,0.00,0.00,24.74,13.79,3.93,
2026-07-30,12:38:52.863,0.15,2.65,0.06,0.66,2.56,37.23,3.40,0.63,0.80,0.0032,0.0003,5.83,5.17,67,11585.89,4374.57,3880.23,2.65,22.07,0.15,1.24,8.58,24.11,0.00,48.26,19.06,100.00,0.00,0.00,0.00,22.20,11.24,3.93,
2026-07-30,12:38:53.864,0.09,2.47,0.04,0.55,2.14,35.15,2.19,0.63,0.78,0.0049,0.0003,5.66,5.11,68,7209.31,2912.95,3882.05,2.47,20.62,0.09,0.77,6.83,23.99,0.00,45.92,23.27,100.00,0.00,0.00,0.00,19.19,8.24,3.92,
2026-07-30,12:38:54.863,0.17,2.75,0.06,0.69,2.71,35.48,3.63,0.64,0.69,0.0027,0.0003,5.67,5.09,68,13041.47,4737.25,3877.76,2.75,22.94,0.17,1.40,8.79,24.87,0.00,47.18,19.16,100.00,0.00,0.00,0.00,23.74,12.84,3.88,
2026-07-30,12:38:55.863,0.11,2.52,0.04,0.55,2.14,37.73,1.99,0.60,0.82,0.0044,0.0002,5.88,5.15,65,8585.90,3405.85,3877.24,2.52,21.01,0.11,0.92,8.01,27.19,0.00,44.75,20.05,100.00,0.00,0.00,0.00,19.93,9.04,3.86,
2026-07-30,12:38:56.867,0.30,3.29,0.09,0.70,2.74,42.40,4.31,0.62,0.69,0.0018,0.0002,6.20,5.20,62,23157.19,7036.41,3881.63,3.29,27.43,0.30,2.49,12.92,23.67,0.00,49.72,13.69,100.00,0.00,0.00,0.00,28.77,17.85,3.86,
2026-07-30,12:38:57.867,0.17,2.67,0.06,0.68,2.65,39.61,3.95,0.63,0.67,0.0030,0.0003,6.00,5.20,60,13233.07,4950.55,3881.26,2.67,22.28,0.17,1.42,9.39,20.92,0.00,53.67,16.02,100.00,0.00,0.00,0.00,24.09,13.23,3.84,
2026-07-30,12:38:58.867,0.09,2.40,0.04,0.54,2.12,38.00,2.23,0.62,0.78,0.0052,0.0003,5.88,5.18,63,7327.16,3056.37,3879.12,2.40,19.98,0.09,0.79,7.25,23.68,0.00,49.43,19.64,100.00,0.00,0.00,0.00,19.18,8.35,3.85,
2026-07-30,12:38:59.867,0.17,2.65,0.06,0.68,2.66,39.45,3.83,0.63,0.67,0.0030,0.0003,6.02,5.21,57,13100.19,4938.77,3881.56,2.65,22.10,0.17,1.41,9.34,23.18,0.00,53.04,14.44,100.00,0.00,0.00,0.00,23.96,13.06,3.87,
2026-07-30,12:39:00.867,0.16,2.66,0.06,0.66,2.57,37.16,3.69,0.65,0.74,0.0029,0.0003,5.78,5.09,57,12632.05,4744.32,3877.78,2.66,22.19,0.16,1.36,9.29,25.09,0.00,50.76,14.86,100.00,0.00,0.00,0.00,23.08,12.20,3.86,
2026-07-30,12:39:01.866,0.13,2.57,0.05,0.54,2.12,39.54,2.80,0.64,0.75,0.0038,0.0003,6.03,5.28,58,10418.53,4061.36,3878.30,2.57,21.38,0.13,1.12,9.65,21.34,0.00,52.64,16.36,100.00,0.00,0.00,0.00,20.81,9.96,3.84,
2026-07-30,12:39:02.866,0.17,2.71,0.06,0.69,2.68,37.08,3.44,0.62,0.71,0.0028,0.0003,5.76,5.09,56,13227.99,4881.53,3880.06,2.71,22.58,0.17,1.42,9.16,18.01,0.00,54.72,18.12,100.00,0.00,0.00,0.00,23.92,12.95,3.98,
2026-07-30,12:39:03.873,0.09,2.40,0.04,0.53,2.07,36.39,2.13,0.64,0.78,0.0050,0.0003,5.74,5.11,62,7227.98,3006.31,3882.18,2.40,20.04,0.09,0.78,7.31,18.77,0.00,57.12,16.80,100.00,0.00,0.00,0.00,19.10,8.23,3.89,
2026-07-30,12:39:04.873,0.20,2.33,0.08,0.76,2.95,50.75,5.50,0.61,0.76,0.0033,0.0004,6.79,5.27,63,15155.94,6509.35,3881.49,2.33,19.40,0.20,1.63,11.08,22.28,0.00,48.73,17.91,100.00,0.00,0.00,0.00,25.97,15.02,3.87,
2026-07-30,12:39:05.873,0.17,2.68,0.06,0.69,2.67,37.25,3.59,0.64,0.68,0.0029,0.0003,5.88,5.15,62,12986.34,4838.64,3879.20,2.68,22.37,0.17,1.39,9.10,19.65,0.00,52.12,19.13,100.00,0.00,0.00,0.00,23.70,12.87,3.82,
2026-07-30,12:39:06.872,0.10,2.24,0.04,0.57,2.22,40.29,2.41,0.62,0.78,0.0053,0.0003,6.18,5.25,66,7664.59,3420.07,3880.55,2.24,18.68,0.10,0.82,7.75,21.18,0.00,50.73,20.35,100.00,0.00,0.00,0.00,19.97,9.12,3.82,
2026-07-30,12:39:07.872,0.28,3.24,0.09,0.76,2.97,42.86,3.81,0.61,0.70,0.0020,0.0002,6.36,5.20,66,21655.90,6694.18,3881.04,3.24,26.96,0.28,2.33,11.34,25.75,0.00,46.77,16.14,100.00,0.00,0.00,0.00,28.21,17.30,3.81,
2026-07-30,12:39:08.872,0.20,2.70,0.07,0.65,2.52,39.71,4.09,0.65,0.75,0.0026,0.0003,6.08,5.26,60,15426.01,5718.76,3876.63,2.70,22.48,0.20,1.66,11.41,23.36,0.00,49.44,15.79,100.00,0.00,0.00,0.00,24.70,13.85,3.81,
2026-07-30,12:39:09.872,0.16,2.46,0.07,0.70,2.73,63.77,2.64,0.51,0.80,0.0051,0.0002,7.81,5.94,48,12464.95,5066.37,3879.60,2.46,20.50,0.16,1.34,9.32,23.80,0.00,47.88,18.99,100.00,0.00,0.00,0.00,23.98,13.00,3.81,
2026-07-30,12:39:10.871,0.27,2.92,0.09,0.82,3.20,62.96,5.92,0.53,0.77,0.0030,0.0003,8.03,5.93,67,20960.18,7174.87,3877.04,2.92,24.34,0.27,2.25,11.28,18.81,0.00,53.58,16.33,100.00,0.00,0.00,0.00,29.19,18.14,3.85,
2026-07-30,12:39:11.872,0.11,2.36,0.04,0.59,2.28,39.32,2.20,0.62,0.82,0.0048,0.0003,6.04,5.24,66,8174.17,3457.41,3879.51,2.36,19.70,0.11,0.88,7.61,25.60,0.00,47.61,19.18,100.00,0.00,0.00,0.00,20.04,9.19,3.82,
2026-07-30,12:39:12.872,0.27,3.27,0.08,0.77,2.99,43.22,3.97,0.61,0.68,0.0021,0.0002,6.41,5.28,44,20637.65,6315.12,3879.37,3.27,27.23,0.27,2.22,10.63,24.19,0.00,48.88,16.31,100.00,0.00,0.00,0.00,27.58,16.67,3.82,
2026-07-30,12:39:13.871,0.17,2.66,0.07,0.70,2.74,39.78,3.81,0.63,0.68,0.0030,0.0003,6.11,5.33,67,13444.81,5053.77,3879.79,2.66,22.17,0.17,1.44,9.26,18.72,0.00,55.95,16.07,100.00,0.00,0.00,0.00,24.41,13.50,3.87,
2026-07-30,12:39:14.871,0.14,2.53,0.06,0.52,2.04,39.99,2.87,0.64,0.75,0.0036,0.0003,6.05,5.33,67,10996.23,4347.95,3876.00,2.53,21.08,0.14,1.18,10.70,20.14,0.00,53.90,15.26,100.00,0.00,0.00,0.00,21.70,10.84,3.85,
2026-07-30,12:39:15.871,0.17,2.66,0.06,0.72,2.80,37.42,3.67,0.64,0.68,0.0028,0.0003,5.91,5.24,67,13212.66,4972.77,3880.27,2.66,22.14,0.17,1.42,8.93,22.74,0.00,49.30,19.02,100.00,0.00,0.00,0.00,24.34,13.44,3.85,
2026-07-30,12:39:16.870,0.14,2.53,0.06,0.67,2.61,36.98,3.13,0.64,0.75,0.0034,0.0003,5.87,5.19,49,10824.12,4272.61,3880.60,2.53,21.11,0.14,1.16,8.22,23.49,0.00,49.74,18.55,100.00,0.00,0.00,0.00,22.36,11.46,3.88,
2026-07-30,12:39:17.872,0.12,2.42,0.05,0.61,2.39,40.18,2.59,0.61,0.76,0.0043,0.0003,6.08,5.23,67,9310.50,3850.94,3879.65,2.42,20.15,0.12,1.00,8.09,21.50,0.00,50.12,20.29,100.00,0.00,0.00,0.00,21.19,10.28,3.88,
2026-07-30,12:39:18.872,0.16,2.60,0.06,0.68,2.65,39.05,3.45,0.62,0.71,0.0031,0.0003,6.03,5.19,67,12796.82,4913.21,3880.09,2.60,21.70,0.16,1.37,9.33,22.80,0.00,48.28,19.59,100.00,0.00,0.00,0.00,24.09,13.17,3.89,
2026-07-30,12:39:19.871,0.09,2.32,0.04,0.53,2.07,37.89,1.82,0.62,0.82,0.0052,0.0003,5.99,5.20,68,7261.62,3127.23,3878.22,2.32,19.35,0.09,0.78,7.60,22.16,0.00,48.74,21.50,100.00,0.00,0.00,0.00,19.70,8.78,3.90,
2026-07-30,12:39:20.871,0.17,2.53,0.07,0.66,2.59,40.49,3.62,0.62,0.77,0.0030,0.0003,6.14,5.23,67,13287.11,5246.84,3877.84,2.53,21.10,0.17,1.43,10.20,29.65,0.00,43.30,16.84,100.00,0.00,0.00,0.00,24.72,13.78,3.90,
2026-07-30,12:39:21.873,0.17,2.57,0.07,0.68,2.66,40.66,3.85,0.63,0.75,0.0031,0.0003,6.18,5.26,66,13222.06,5151.84,3877.11,2.57,21.39,0.17,1.42,9.75,28.47,0.00,44.97,16.81,100.00,0.00,0.00,0.00,24.79,13.82,3.92,
2026-07-30,12:39:22.872,0.13,2.11,0.06,0.64,2.49,52.61,3.90,0.60,0.76,0.0054,0.0004,7.06,5.67,64,9753.35,4622.69,3881.49,2.11,17.58,0.13,1.05,9.33,16.87,0.00,58.51,15.29,100.00,0.00,0.00,0.00,22.23,11.24,3.89,
2026-07-30,12:39:23.872,0.22,2.71,0.08,0.65,2.52,41.65,4.20,0.63,0.70,0.0025,0.0002,6.22,5.29,67,16965.88,6250.71,3881.40,2.71,22.62,0.22,1.82,12.48,21.38,0.00,50.30,15.84,100.00,0.00,0.00,0.00,26.38,15.40,3.93,
2026-07-30,12:39:24.872,0.13,2.49,0.05,0.62,2.40,36.71,2.54,0.62,0.76,0.0037,0.0003,5.82,5.14,49,9798.36,3931.22,3878.69,2.49,20.77,0.13,1.05,8.23,24.24,0.00,47.52,20.02,100.00,0.00,0.00,0.00,21.74,10.81,3.90,
2026-07-30,12:39:25.873,0.13,2.59,0.05,0.64,2.49,33.64,2.58,0.63,0.76,0.0032,0.0002,5.65,5.09,67,10385.65,4010.11,3881.34,2.59,21.58,0.13,1.11,8.08,23.51,0.00,47.64,20.76,100.00,0.00,0.00,0.00,22.22,11.28,3.87,
2026-07-30,12:39:26.873,0.18,2.36,0.07,0.74,2.89,44.87,4.88,0.62,0.71,0.0033,0.0004,6.45,5.23,67,13651.44,5793.78,3878.89,2.36,19.64,0.18,1.47,10.09,19.56,0.00,54.48,15.87,100.00,0.00,0.00,0.00,25.02,14.08,3.85,
2026-07-30,12:39:27.873,0.09,2.34,0.04,0.55,2.15,37.02,2.20,0.62,0.77,0.0051,0.0003,5.82,5.16,68,7303.32,3115.74,3878.48,2.34,19.53,0.09,0.78,7.28,19.43,0.00,49.81,23.48,100.00,0.00,0.00,0.00,19.75,8.90,3.82,
2026-07-30,12:39:28.874,0.16,2.64,0.06,0.69,2.70,37.37,3.48,0.63,0.76,0.0030,0.0003,5.84,5.18,68,12508.10,4744.86,3881.60,2.64,21.97,0.16,1.34,8.82,18.65,0.00,52.11,20.41,100.00,0.00,0.00,0.00,23.21,12.40,3.78,
2026-07-30,12:39:29.873,0.17,2.64,0.06,0.74,2.88,38.22,3.62,0.62,0.67,0.0029,0.0003,5.95,5.19,67,13168.12,4989.68,3877.15,2.64,21.99,0.17,1.42,8.71,16.04,0.00,53.28,21.97,100.00,0.00,0.00,0.00,24.19,13.35,3.82,
2026-07-30,12:39:30.873,0.20,3.26,0.06,0.70,2.71,44.84,2.73,0.58,0.75,0.0028,0.0002,6.42,5.24,67,15806.88,4846.19,3878.04,3.26,27.18,0.20,1.70,8.99,25.42,0.00,46.55,19.04,100.00,0.00,0.00,0.00,23.90,12.96,3.83,
2026-07-30,12:39:31.874,0.18,2.41,0.07,0.67,2.60,45.47,3.94,0.60,0.85,0.0033,0.0003,6.27,5.29,68,13610.90,5644.73,3882.03,2.41,20.09,0.18,1.46,10.91,35.25,0.00,35.97,17.86,100.00,0.00,0.00,0.00,24.84,13.97,3.78,
2026-07-30,12:39:32.874,0.17,2.51,0.07,0.56,2.17,42.63,3.78,0.63,0.76,0.0032,0.0003,6.11,5.26,52,13477.82,5365.67,3877.19,2.51,20.93,0.17,1.45,12.41,27.26,0.00,44.08,16.26,100.00,0.00,0.00,0.00,23.39,12.49,3.83,
2026-07-30,12:39:33.874,0.15,2.65,0.06,0.68,2.64,36.81,3.22,0.63,0.77,0.0032,0.0003,5.70,5.11,68,11609.54,4377.95,3878.11,2.65,22.10,0.15,1.25,8.33,27.08,0.00,43.61,20.97,100.00,0.00,0.00,0.00,22.40,11.61,3.77,
2026-07-30,12:39:34.879,0.16,2.68,0.06,0.69,2.68,36.86,3.38,0.63,0.77,0.0030,0.0003,5.72,5.12,68,12295.55,4584.36,3881.35,2.68,22.35,0.16,1.32,8.58,22.33,0.00,48.44,20.65,100.00,0.00,0.00,0.00,22.81,11.95,3.85,
2026-07-30,12:39:35.878,0.09,2.41,0.04,0.56,2.17,36.68,2.15,0.63,0.78,0.0050,0.0003,5.71,5.10,65,7308.35,3027.18,3880.23,2.41,20.12,0.09,0.78,7.00,23.24,0.00,49.58,20.18,100.00,0.00,0.00,0.00,19.21,8.34,3.87,
2026-07-30,12:39:36.878,0.16,2.57,0.06,0.75,2.93,36.35,3.32,0.62,0.76,0.0030,0.0003,5.71,5.11,60,12227.37,4764.95,3880.74,2.57,21.38,0.16,1.31,8.18,23.00,0.00,46.93,21.88,100.00,0.00,0.00,0.00,23.63,12.76,3.87,
2026-07-30,12:39:37.878,0.16,2.48,0.07,0.75,2.92,37.65,3.57,0.63,0.78,0.0030,0.0003,5.79,5.12,61,12672.05,5108.32,3878.09,2.48,20.67,0.16,1.36,8.79,26.38,0.00,47.36,17.47,100.00,0.00,0.00,0.00,24.31,13.46,3.84,
2026-07-30,12:39:38.878,0.09,2.23,0.04,0.62,2.43,36.23,2.05,0.62,0.79,0.0050,0.0003,5.71,5.12,61,7207.66,3226.02,3876.88,2.23,18.62,0.09,0.77,6.67,23.23,0.00,47.17,22.92,100.00,0.00,0.00,0.00,20.12,9.28,3.86,
2026-07-30,12:39:39.877,0.16,2.62,0.06,0.70,2.74,36.11,3.25,0.63,0.82,0.0030,0.0003,5.71,5.11,57,12027.39,4597.63,3879.58,2.62,21.80,0.16,1.29,8.43,19.40,0.00,50.61,21.57,100.00,0.00,0.00,0.00,22.88,11.94,3.93,
2026-07-30,12:39:40.877,0.25,2.70,0.09,0.67,2.62,69.00,3.81,0.52,0.78,0.0035,0.0002,8.02,6.05,44,19514.31,7229.40,3876.85,2.70,22.49,0.25,2.10,13.87,26.08,0.00,45.00,15.05,100.00,0.00,0.00,0.00,28.29,17.14,3.95,
2026-07-30,12:39:41.877,0.25,2.82,0.09,0.81,3.16,60.99,5.77,0.54,0.78,0.0031,0.0003,7.83,5.83,60,19385.43,6879.54,3878.44,2.82,23.48,0.25,2.08,10.96,22.03,0.00,53.38,13.62,100.00,0.00,0.00,0.00,28.66,17.53,3.96,
2026-07-30,12:39:42.877,0.15,2.61,0.06,0.66,2.59,37.82,3.43,0.64,0.80,0.0032,0.0003,5.83,5.14,57,11852.79,4539.67,3881.47,2.61,21.76,0.15,1.27,8.80,20.16,0.00,54.16,16.89,100.00,0.00,0.00,0.00,22.35,11.37,3.97,
2026-07-30,12:39:43.877,0.09,2.39,0.04,0.53,2.07,36.29,2.17,0.64,0.77,0.0050,0.0003,5.72,5.10,57,7198.67,3016.72,3878.25,2.39,19.89,0.09,0.77,7.33,19.00,0.00,58.43,15.24,100.00,0.00,0.00,0.00,19.14,8.22,3.91,
2026-07-30,12:39:44.877,0.16,2.66,0.06,0.67,2.63,38.20,3.21,0.62,0.79,0.0030,0.0003,5.87,5.15,57,12775.42,4793.90,3878.30,2.66,22.21,0.16,1.37,9.17,22.80,0.00,47.95,20.08,100.00,0.00,0.00,0.00,23.08,12.09,3.97,
2026-07-30,12:39:45.876,0.17,2.68,0.06,0.67,2.63,38.26,3.38,0.63,0.72,0.0029,0.0003,5.86,5.13,54,13283.43,4949.71,3878.47,2.68,22.36,0.17,1.43,9.46,20.98,0.00,50.34,19.21,100.00,0.00,0.00,0.00,23.89,12.94,3.93,
2026-07-30,12:39:46.876,0.21,3.07,0.07,0.73,2.86,48.68,2.91,0.57,0.75,0.0030,0.0002,6.67,5.29,57,16063.82,5237.53,3880.12,3.07,25.56,0.21,1.72,9.20,25.35,0.00,46.43,19.02,100.00,0.00,0.00,0.00,24.95,13.90,3.93,
2026-07-30,12:39:47.882,0.17,2.54,0.07,0.80,3.10,38.88,3.68,0.62,0.68,0.0030,0.0003,5.91,5.17,53,13167.55,5192.21,3880.09,2.54,21.13,0.17,1.41,8.41,20.25,0.00,49.76,21.59,100.00,0.00,0.00,0.00,25.07,14.16,3.88,
2026-07-30,12:39:48.882,0.10,2.46,0.04,0.58,2.24,36.29,2.08,0.62,0.78,0.0048,0.0003,5.74,5.11,62,7491.69,3045.86,3881.61,2.46,20.50,0.10,0.80,6.82,23.49,0.00,47.95,21.74,100.00,0.00,0.00,0.00,19.39,8.51,3.89,
2026-07-30,12:39:49.881,0.17,2.58,0.06,0.81,3.16,36.82,3.51,0.62,0.69,0.0028,0.0003,5.74,5.10,62,12992.20,5039.06,3879.24,2.58,21.49,0.17,1.40,8.02,23.19,0.00,45.88,22.91,100.00,0.00,0.00,0.00,24.90,13.95,3.94,
2026-07-30,12:39:50.881,0.24,2.61,0.09,0.63,2.45,43.28,4.96,0.64,0.74,0.0024,0.0003,6.16,5.25,62,18292.42,7017.80,3880.29,2.61,21.72,0.24,1.96,14.38,29.53,0.00,41.05,15.04,100.00,0.00,0.00,0.00,27.84,16.82,3.93,
2026-07-30,12:39:51.882,0.11,2.33,0.05,0.55,2.15,39.95,2.06,0.61,0.80,0.0049,0.0003,6.02,5.22,63,8226.50,3533.31,3877.87,2.33,19.40,0.11,0.88,8.26,22.18,0.00,49.11,20.45,100.00,0.00,0.00,0.00,20.16,9.12,3.96,
2026-07-30,12:39:52.881,0.17,2.63,0.07,0.69,2.68,35.90,3.63,0.63,0.60,0.0027,0.0003,5.93,5.17,65,13372.56,5093.27,3876.99,2.63,21.88,0.17,1.44,9.55,18.73,0.00,54.84,16.88,100.00,0.00,0.00,0.00,24.56,13.52,3.96,
2026-07-30,12:39:53.881,0.17,2.70,0.06,0.69,2.68,36.91,3.91,0.64,0.55,0.0027,0.0003,5.96,5.22,65,13428.03,4980.24,3879.94,2.70,22.47,0.17,1.44,9.35,24.23,0.00,51.45,14.97,100.00,0.00,0.00,0.00,24.40,13.37,3.96,
2026-07-30,12:39:54.881,0.09,2.43,0.04,0.54,2.11,35.68,2.18,0.64,0.69,0.0050,0.0003,5.67,5.05,66,7189.20,2962.12,3876.79,2.43,20.23,0.09,0.77,7.05,14.82,0.00,59.28,18.85,100.00,0.00,0.00,0.00,19.43,8.37,4.02,
2026-07-30,12:39:55.880,0.29,3.21,0.09,0.81,3.17,45.47,4.27,0.60,0.62,0.0021,0.0002,6.44,5.21,66,22139.33,6905.09,3879.78,3.21,26.72,0.29,2.38,10.94,25.90,0.00,46.43,16.73,100.00,0.00,0.00,0.00,29.07,17.94,4.00,
2026-07-30,12:39:56.881,0.09,2.28,0.04,0.62,2.41,36.27,2.22,0.63,0.71,0.0050,0.0003,5.74,5.12,67,7199.20,3158.72,3879.70,2.28,18.99,0.09,0.77,6.58,23.34,0.00,50.54,19.53,100.00,0.00,0.00,0.00,20.34,9.34,3.97,
2026-07-30,12:39:57.880,0.17,2.68,0.06,0.69,2.71,38.15,3.70,0.63,0.62,0.0029,0.0003,5.85,5.14,66,13024.33,4858.48,3878.76,2.68,22.34,0.17,1.40,9.03,25.15,0.00,46.79,19.04,100.00,0.00,0.00,0.00,24.28,13.09,4.11,
2026-07-30,12:39:58.880,0.16,2.71,0.06,0.67,2.61,37.22,3.54,0.63,0.71,0.0030,0.0003,5.81,5.13,66,12402.53,4579.66,3877.41,2.71,22.57,0.16,1.33,8.81,27.45,0.00,44.07,19.66,100.00,0.00,0.00,0.00,23.04,11.95,4.04,
2026-07-30,12:39:59.880,0.10,2.38,0.04,0.54,2.10,37.00,2.31,0.63,0.69,0.0050,0.0003,5.93,5.20,67,7390.79,3099.72,3879.64,2.38,19.87,0.10,0.79,7.42,22.26,0.00,52.22,18.11,100.00,0.00,0.00,0.00,19.87,8.67,4.13,
2026-07-30,12:40:00.880,0.16,2.68,0.06,0.66,2.59,34.50,3.62,0.64,0.68,0.0028,0.0003,5.82,5.14,66,12465.92,4646.66,3878.04,2.68,22.36,0.16,1.34,9.02,20.43,0.00,54.29,16.26,100.00,0.00,0.00,0.00,23.38,12.18,4.13,
2026-07-30,12:40:01.880,0.17,2.67,0.06,0.68,2.66,38.26,3.71,0.63,0.61,0.0029,0.0003,5.90,5.15,63,12999.79,4867.50,3879.15,2.67,22.26,0.17,1.40,9.18,20.34,0.00,52.06,18.41,100.00,0.00,0.00,0.00,24.03,12.90,4.07,
2026-07-30,12:40:02.879,0.12,2.44,0.05,0.57,2.23,39.25,2.67,0.63,0.72,0.0041,0.0003,5.93,5.20,66,9683.91,3966.05,3877.32,2.44,20.35,0.12,1.04,8.94,24.80,0.00,47.19,19.07,100.00,0.00,0.00,0.00,21.63,10.54,4.05,
2026-07-30,12:40:03.879,0.22,2.69,0.08,0.68,2.67,40.79,4.39,0.64,0.62,0.0024,0.0003,6.02,5.21,52,16802.96,6237.63,3881.84,2.69,22.45,0.22,1.80,11.74,22.55,0.00,49.48,16.22,100.00,0.00,0.00,0.00,27.17,15.99,4.13,
2026-07-30,12:40:04.879,0.09,2.25,0.04,0.61,2.38,36.28,2.20,0.64,0.70,0.0052,0.0003,5.73,5.11,67,6955.51,3091.48,3877.90,2.25,18.75,0.09,0.75,6.53,17.70,0.00,59.12,16.65,100.00,0.00,0.00,0.00,20.36,9.09,4.26,
2026-07-30,12:40:05.879,0.16,2.64,0.06,0.73,2.84,38.64,3.60,0.63,0.71,0.0031,0.0003,5.92,5.17,67,12583.11,4763.64,3877.76,2.64,22.01,0.16,1.35,8.43,20.58,0.00,51.14,19.85,100.00,0.00,0.00,0.00,23.61,12.39,4.18,
2026-07-30,12:40:06.881,0.16,2.64,0.06,0.71,2.78,38.70,3.54,0.63,0.73,0.0031,0.0003,5.92,5.18,66,12557.25,4759.40,3881.39,2.64,21.99,0.16,1.35,8.59,20.01,0.00,51.24,20.16,100.00,0.00,0.00,0.00,23.72,12.48,4.18,
2026-07-30,12:40:07.881,0.09,2.41,0.04,0.56,2.18,36.68,2.13,0.63,0.72,0.0050,0.0003,5.74,5.10,67,7297.52,3022.47,3879.10,2.41,20.12,0.09,0.78,6.96,20.83,0.00,51.64,20.58,100.00,0.00,0.00,0.00,19.95,8.56,4.33,
2026-07-30,12:40:08.880,0.16,2.65,0.06,0.71,2.78,37.46,3.48,0.63,0.73,0.0030,0.0003,5.81,5.12,67,12604.14,4757.39,3878.50,2.65,22.08,0.16,1.35,8.62,20.39,0.00,52.17,18.83,100.00,0.00,0.00,0.00,23.99,12.63,4.33,
2026-07-30,12:40:09.880,0.14,2.61,0.05,0.64,2.48,39.23,3.10,0.62,0.75,0.0036,0.0003,5.93,5.16,49,10898.52,4173.48,3877.94,2.61,21.76,0.14,1.17,8.47,21.18,0.00,51.33,19.02,100.00,0.00,0.00,0.00,22.32,10.88,4.37,
2026-07-30,12:40:10.881,0.12,2.43,0.05,0.67,2.62,38.12,2.66,0.62,0.72,0.0041,0.0003,5.87,5.16,67,9288.74,3817.49,3877.77,2.43,20.28,0.12,1.00,7.32,18.47,0.00,52.68,21.53,100.00,0.00,0.00,0.00,22.16,10.82,4.31,
2026-07-30,12:40:11.881,0.28,2.84,0.10,0.86,3.37,67.05,4.20,0.51,0.73,0.0031,0.0002,7.95,5.99,46,21644.72,7626.20,3882.19,2.84,23.65,0.28,2.32,11.37,24.12,0.00,45.98,18.53,100.00,0.00,0.00,0.00,31.09,19.72,4.14,
2026-07-30,12:40:12.881,0.19,2.89,0.06,0.76,2.97,51.26,3.05,0.57,0.74,0.0035,0.0002,7.00,5.71,67,14541.95,5025.11,3879.53,2.89,24.12,0.19,1.56,8.52,23.20,0.00,49.40,18.88,100.00,0.00,0.00,0.00,25.25,13.85,4.26,
2026-07-30,12:40:13.881,0.27,3.25,0.08,0.79,3.07,45.55,3.77,0.59,0.78,0.0022,0.0002,6.42,5.22,68,20763.15,6379.53,3879.18,3.25,27.12,0.27,2.23,10.44,22.89,0.00,48.22,18.44,100.00,0.00,0.00,0.00,27.24,15.79,4.33,
2026-07-30,12:40:14.881,0.25,2.74,0.09,0.66,2.59,43.14,4.51,0.64,0.74,0.0022,0.0002,6.21,5.31,67,19185.09,7014.07,3879.78,2.74,22.79,0.25,2.06,13.63,25.16,0.00,47.43,13.77,100.00,0.00,0.00,0.00,27.77,16.49,4.23,
2026-07-30,12:40:15.881,0.09,2.31,0.04,0.60,2.33,36.84,2.21,0.63,0.73,0.0050,0.0003,5.74,5.11,67,7331.87,3179.89,3877.48,2.31,19.21,0.09,0.79,6.85,25.90,0.00,48.49,18.75,100.00,0.00,0.00,0.00,20.73,9.37,4.32,
2026-07-30,12:40:16.881,0.16,2.55,0.06,0.74,2.90,37.94,3.72,0.64,0.70,0.0030,0.0003,5.84,5.15,67,12468.31,4886.82,3878.04,2.55,21.26,0.16,1.34,8.49,24.42,0.00,52.88,14.21,100.00,0.00,0.00,0.00,24.58,13.38,4.17,
2026-07-30,12:40:17.882,0.12,2.56,0.05,0.60,2.35,39.59,2.68,0.62,0.71,0.0042,0.0003,5.98,5.18,51,9482.02,3698.28,3880.98,2.56,21.37,0.12,1.02,7.89,23.15,0.00,49.58,19.37,100.00,0.00,0.00,0.00,20.99,9.69,4.25,
2026-07-30,12:40:18.882,0.25,3.37,0.08,0.75,2.93,44.58,3.44,0.60,0.72,0.0023,0.0002,6.35,5.23,67,19703.60,5844.87,3878.16,3.37,28.09,0.25,2.12,10.04,23.75,0.00,48.53,17.69,100.00,0.00,0.00,0.00,26.72,15.30,4.32,
2026-07-30,12:40:19.882,0.16,2.75,0.06,0.68,2.64,38.03,3.62,0.63,0.69,0.0030,0.0003,5.86,5.15,67,12689.80,4610.29,3877.78,2.75,22.94,0.16,1.36,8.79,22.35,0.00,48.24,20.62,100.00,0.00,0.00,0.00,23.36,12.07,4.26,
2026-07-30,12:40:20.882,0.10,2.37,0.04,0.52,2.04,38.44,2.31,0.62,0.84,0.0051,0.0003,5.86,5.14,68,7480.71,3154.26,3880.75,2.37,19.76,0.10,0.80,7.78,30.66,0.00,42.03,19.54,100.00,0.00,0.00,0.00,19.91,8.60,4.27,
2026-07-30,12:40:21.884,0.16,2.70,0.06,0.65,2.55,36.99,3.32,0.62,0.76,0.0029,0.0003,5.77,5.12,67,12762.14,4722.18,3881.65,2.70,22.52,0.16,1.37,9.31,25.16,0.00,46.67,18.85,100.00,0.00,0.00,0.00,23.57,12.22,4.30,
2026-07-30,12:40:22.884,0.15,2.69,0.06,0.67,2.60,37.36,3.39,0.63,0.73,0.0032,0.0003,5.78,5.11,68,11834.42,4393.90,3877.85,2.69,22.44,0.15,1.27,8.50,24.12,0.00,49.15,18.22,100.00,0.00,0.00,0.00,22.82,11.47,4.29,
2026-07-30,12:40:23.884,0.21,2.87,0.07,0.72,2.80,52.82,4.02,0.57,0.72,0.0033,0.0003,6.96,5.28,44,15933.10,5553.19,3878.94,2.87,23.91,0.21,1.71,9.98,24.43,0.00,46.74,18.85,100.00,0.00,0.00,0.00,24.40,13.19,4.07,
2026-07-30,12:40:24.883,0.19,2.80,0.07,0.71,2.77,36.66,3.68,0.63,0.60,0.0025,0.0003,5.82,5.06,67,14585.69,5202.39,3878.98,2.80,23.36,0.19,1.57,9.43,20.45,0.00,52.65,17.46,100.00,0.00,0.00,0.00,24.91,13.99,3.90,
2026-07-30,12:40:25.884,0.10,2.42,0.04,0.57,2.21,34.91,2.41,0.64,0.67,0.0047,0.0003,5.57,4.96,58,7420.63,3069.99,3878.60,2.42,20.14,0.10,0.80,6.98,24.80,0.00,48.58,19.64,100.00,0.00,0.00,0.00,19.62,8.67,3.96,
2026-07-30,12:40:26.883,0.25,2.74,0.09,0.62,2.41,41.24,5.03,0.66,0.70,0.0021,0.0003,6.01,5.24,67,19549.20,7142.18,3878.38,2.74,22.81,0.25,2.10,14.90,26.43,0.00,45.06,13.61,100.00,0.00,0.00,0.00,27.75,16.88,3.80,
2026-07-30,12:40:27.888,0.17,2.66,0.06,0.71,2.79,37.97,3.69,0.64,0.71,0.0030,0.0003,5.82,5.14,68,12832.37,4824.67,3880.10,2.66,22.16,0.17,1.38,8.70,21.44,0.00,51.19,18.66,100.00,0.00,0.00,0.00,23.49,12.62,3.84,
2026-07-30,12:40:28.887,0.09,2.41,0.04,0.55,2.15,37.65,2.28,0.63,0.70,0.0052,0.0003,5.85,5.15,68,7249.76,3010.06,3878.91,2.41,20.07,0.09,0.78,7.05,21.50,0.00,52.26,19.20,100.00,0.00,0.00,0.00,19.36,8.37,3.93,
2026-07-30,12:40:29.887,0.16,2.65,0.06,0.69,2.70,37.60,3.45,0.63,0.72,0.0031,0.0003,5.81,5.10,62,12298.60,4634.08,3878.60,2.65,22.12,0.16,1.32,8.63,21.45,0.00,51.04,18.88,100.00,0.00,0.00,0.00,22.93,11.97,3.94,
2026-07-30,12:40:30.886,0.17,2.68,0.06,0.70,2.74,39.55,3.76,0.63,0.62,0.0030,0.0003,5.99,5.20,62,13367.99,4983.73,3877.51,2.68,22.35,0.17,1.44,9.15,22.55,0.00,49.96,18.34,100.00,0.00,0.00,0.00,24.23,13.27,3.94,
2026-07-30,12:40:31.886,0.09,2.40,0.04,0.55,2.16,36.71,2.26,0.63,0.70,0.0050,0.0003,5.76,5.09,61,7275.15,3036.03,3880.22,2.40,19.97,0.09,0.78,7.06,26.01,0.00,47.20,19.73,100.00,0.00,0.00,0.00,19.62,8.61,3.94,
2026-07-30,12:40:32.887,0.17,2.73,0.06,0.72,2.80,36.85,3.74,0.64,0.63,0.0027,0.0003,5.76,5.08,62,13482.68,4940.26,3879.42,2.73,22.74,0.17,1.45,8.86,23.00,0.00,48.91,19.23,100.00,0.00,0.00,0.00,24.30,13.27,3.97,
2026-07-30,12:40:33.886,0.09,2.44,0.04,0.55,2.16,36.03,2.20,0.63,0.71,0.0049,0.0003,5.69,5.05,58,7315.67,2996.06,3878.85,2.44,20.35,0.09,0.79,6.99,24.17,0.00,49.02,19.82,100.00,0.00,0.00,0.00,19.36,8.44,3.93,
2026-07-30,12:40:34.887,0.18,2.68,0.07,0.77,2.99,38.47,3.76,0.62,0.61,0.0028,0.0003,5.91,5.18,58,13645.91,5083.20,3879.63,2.68,22.37,0.18,1.47,8.54,22.21,0.00,48.85,20.40,100.00,0.00,0.00,0.00,25.11,14.14,3.91,
2026-07-30,12:40:35.886,0.17,2.68,0.06,0.72,2.79,39.13,3.87,0.62,0.62,0.0029,0.0003,5.97,5.18,53,13380.52,4995.14,3882.24,2.68,22.32,0.17,1.44,9.00,24.38,0.00,47.67,18.96,100.00,0.00,0.00,0.00,24.35,13.39,3.89,
2026-07-30,12:40:36.886,0.09,2.43,0.04,0.56,2.19,36.13,2.17,0.63,0.71,0.0050,0.0003,5.72,5.09,57,7205.21,2963.07,3879.67,2.43,20.26,0.09,0.77,6.80,24.87,0.00,47.12,21.21,100.00,0.00,0.00,0.00,19.64,8.57,4.05,
2026-07-30,12:40:37.886,0.17,2.68,0.06,0.74,2.91,37.17,3.66,0.63,0.60,0.0028,0.0003,5.81,5.12,57,13060.61,4868.24,3877.02,2.68,22.36,0.17,1.40,8.43,22.43,0.00,48.29,20.85,100.00,0.00,0.00,0.00,24.33,13.35,3.92,
2026-07-30,12:40:38.886,0.17,2.76,0.06,0.68,2.65,35.95,3.38,0.64,0.63,0.0028,0.0003,5.69,5.07,54,13064.64,4736.71,3878.10,2.76,22.98,0.17,1.40,8.99,22.05,0.00,50.28,18.68,100.00,0.00,0.00,0.00,23.58,12.65,3.96,
2026-07-30,12:40:39.890,0.21,3.39,0.06,0.66,2.58,41.36,2.32,0.60,0.73,0.0026,0.0001,6.26,5.17,63,16066.85,4738.99,3881.65,3.39,28.25,0.21,1.72,9.23,24.33,0.00,47.91,18.53,100.00,0.00,0.00,0.00,23.92,12.85,4.03,
2026-07-30,12:40:40.890,0.23,2.73,0.08,0.62,2.40,39.19,4.22,0.65,0.75,0.0022,0.0002,6.14,5.31,65,17909.97,6566.26,3880.99,2.73,22.73,0.23,1.92,13.75,20.42,0.00,55.97,9.87,100.00,0.00,0.00,0.00,25.75,14.75,3.99,
2026-07-30,12:40:41.890,0.12,2.51,0.05,0.53,2.08,36.24,2.72,0.64,0.65,0.0040,0.0003,5.92,5.19,62,9076.98,3618.72,3878.26,2.51,20.90,0.12,0.98,8.74,19.34,0.00,56.09,15.84,100.00,0.00,0.00,0.00,20.38,9.40,3.99,
2026-07-30,12:40:42.890,0.31,2.97,0.11,0.83,3.26,67.21,4.39,0.51,0.71,0.0028,0.0002,8.20,6.15,45,24236.77,8147.79,3878.14,2.97,24.79,0.31,2.60,12.58,22.41,0.00,53.18,11.84,100.00,0.00,0.00,0.00,32.66,21.50,3.96,
2026-07-30,12:40:43.891,0.21,2.62,0.08,0.77,3.01,59.83,6.36,0.54,0.70,0.0036,0.0004,7.78,5.75,62,16526.56,6298.65,3878.65,2.62,21.87,0.21,1.78,10.53,21.97,0.00,51.69,15.81,100.00,0.00,0.00,0.00,26.97,15.92,3.90,
2026-07-30,12:40:44.891,0.09,2.44,0.04,0.51,2.00,35.75,1.99,0.64,0.75,0.0049,0.0003,5.71,5.09,66,7355.76,3011.83,3880.07,2.44,20.35,0.09,0.79,7.59,19.84,0.00,58.00,14.58,100.00,0.00,0.00,0.00,19.27,8.42,3.88,
2026-07-30,12:40:45.890,0.16,2.70,0.06,0.67,2.60,36.11,3.23,0.63,0.76,0.0029,0.0003,5.74,5.09,66,12579.17,4654.10,3877.52,2.70,22.52,0.16,1.35,8.99,21.51,0.00,49.36,20.14,100.00,0.00,0.00,0.00,22.92,12.08,3.86,
2026-07-30,12:40:46.890,0.16,2.67,0.06,0.66,2.59,39.74,3.72,0.63,0.72,0.0031,0.0003,6.00,5.19,61,12705.71,4756.18,3877.07,2.67,22.26,0.16,1.37,9.25,26.44,0.00,46.21,18.10,100.00,0.00,0.00,0.00,23.26,12.32,3.94,
2026-07-30,12:40:47.890,0.09,2.40,0.04,0.52,2.03,36.82,1.93,0.63,0.76,0.0051,0.0003,5.77,5.11,63,7278.28,3037.00,3876.75,2.40,19.97,0.09,0.78,7.51,24.34,0.00,47.79,20.36,100.00,0.00,0.00,0.00,19.42,8.63,3.82,
2026-07-30,12:40:48.890,0.16,2.66,0.06,0.64,2.50,35.90,3.14,0.64,0.74,0.0030,0.0003,5.87,5.16,66,12106.96,4551.41,3880.81,2.66,22.17,0.16,1.30,9.15,20.75,0.00,51.47,18.64,100.00,0.00,0.00,0.00,22.68,11.80,3.88,
2026-07-30,12:40:49.890,0.09,2.37,0.04,0.52,2.03,34.70,1.99,0.63,0.69,0.0047,0.0003,5.98,5.24,67,7313.65,3085.88,3881.73,2.37,19.75,0.09,0.79,7.65,18.50,0.00,56.84,17.01,100.00,0.00,0.00,0.00,19.42,8.54,3.86,
2026-07-30,12:40:50.889,0.15,2.48,0.06,0.64,2.50,37.55,3.30,0.63,0.84,0.0031,0.0003,6.06,5.24,57,11987.88,4840.69,3878.69,2.48,20.64,0.15,1.29,9.75,21.37,0.00,52.47,16.40,100.00,0.00,0.00,0.00,22.73,11.88,3.83,
2026-07-30,12:40:51.889,0.16,2.57,0.06,0.73,2.86,40.41,3.64,0.62,0.78,0.0032,0.0003,6.04,5.25,67,12690.73,4944.20,3882.67,2.57,21.39,0.16,1.36,8.69,26.41,0.00,44.21,20.69,100.00,0.00,0.00,0.00,24.22,13.10,4.00,
2026-07-30,12:40:52.891,0.09,2.25,0.04,0.61,2.39,37.34,2.34,0.64,0.69,0.0052,0.0003,5.79,5.12,67,7220.66,3208.31,3881.14,2.25,18.76,0.09,0.78,6.76,21.59,0.00,56.12,15.53,100.00,0.00,0.00,0.00,20.02,9.11,3.92,
2026-07-30,12:40:53.890,0.17,2.72,0.06,0.67,2.60,38.73,3.50,0.63,0.65,0.0030,0.0003,5.93,5.19,67,13116.37,4828.79,3877.40,2.72,22.64,0.17,1.41,9.33,21.10,0.00,53.33,16.23,100.00,0.00,0.00,0.00,23.61,12.77,3.84,
2026-07-30,12:40:54.891,0.19,2.68,0.07,0.62,2.43,38.20,3.58,0.65,0.78,0.0026,0.0002,5.90,5.17,49,14521.10,5421.36,3881.56,2.68,22.32,0.19,1.56,11.21,21.75,0.00,50.40,16.64,100.00,0.00,0.00,0.00,23.78,12.96,3.80,
2026-07-30,12:40:55.892,0.17,2.62,0.06,0.56,2.20,41.73,3.17,0.64,0.72,0.0032,0.0002,6.16,5.32,66,13013.19,4972.12,3879.84,2.62,21.81,0.17,1.40,11.36,21.43,0.00,53.54,13.66,100.00,0.00,0.00,0.00,22.91,12.07,3.82,
2026-07-30,12:40:56.892,0.17,2.64,0.07,0.68,2.65,39.22,3.78,0.63,0.65,0.0029,0.0003,6.06,5.18,67,13514.51,5109.81,3877.60,2.64,22.04,0.17,1.45,9.69,24.72,0.00,49.63,15.96,100.00,0.00,0.00,0.00,24.54,13.70,3.79,
2026-07-30,12:40:57.892,0.09,2.35,0.04,0.55,2.13,37.10,2.21,0.63,0.71,0.0051,0.0003,5.98,5.19,67,7250.66,3085.15,3878.99,2.35,19.58,0.09,0.78,7.27,27.12,0.00,45.27,20.33,100.00,0.00,0.00,0.00,19.74,8.87,3.85,
2026-07-30,12:40:58.892,0.29,3.27,0.09,0.76,2.97,45.16,3.70,0.59,0.68,0.0020,0.0002,6.57,5.29,66,22397.68,6851.53,3876.50,3.27,27.24,0.29,2.41,11.59,23.25,0.00,47.38,17.79,100.00,0.00,0.00,0.00,28.46,17.52,3.83,
2026-07-30,12:40:59.891,0.16,2.64,0.06,0.66,2.56,35.87,3.02,0.63,0.75,0.0029,0.0002,5.84,5.16,67,12275.29,4655.53,3879.86,2.64,21.97,0.16,1.32,9.14,20.28,0.00,50.92,19.66,100.00,0.00,0.00,0.00,23.30,12.43,3.84,
2026-07-30,12:41:00.892,0.09,2.39,0.04,0.53,2.06,35.56,1.72,0.62,0.77,0.0049,0.0002,5.80,5.11,67,7236.46,3028.00,3879.83,2.39,19.92,0.09,0.78,7.40,22.09,0.00,48.35,22.16,100.00,0.00,0.00,0.00,19.37,8.48,3.87,
2026-07-30,12:41:01.891,0.17,2.66,0.06,0.67,2.62,37.81,3.31,0.62,0.67,0.0029,0.0002,5.99,5.16,67,13231.42,4977.11,3880.26,2.66,22.15,0.17,1.42,9.55,21.00,0.00,49.42,20.03,100.00,0.00,0.00,0.00,24.12,13.23,3.84,
2026-07-30,12:41:02.892,0.11,2.50,0.05,0.57,2.23,36.22,2.27,0.62,0.73,0.0041,0.0003,5.90,5.19,51,8917.96,3569.56,3880.29,2.50,20.82,0.11,0.96,8.06,25.64,0.00,44.71,21.58,100.00,0.00,0.00,0.00,20.70,9.86,3.80,
2026-07-30,12:41:03.892,0.26,3.28,0.08,0.73,2.84,42.35,3.23,0.60,0.65,0.0021,0.0002,6.52,5.39,67,19944.89,6080.88,3878.16,3.28,27.33,0.26,2.14,10.75,23.37,0.00,51.66,14.22,100.00,0.00,0.00,0.00,27.31,16.32,3.85,
2026-07-30,12:41:04.892,0.16,2.62,0.06,0.68,2.64,33.58,3.33,0.64,0.71,0.0027,0.0003,5.85,5.26,68,12646.00,4818.65,3876.94,2.62,21.87,0.16,1.36,9.18,16.21,0.00,58.05,16.56,100.00,0.00,0.00,0.00,23.43,12.56,3.85,
2026-07-30,12:41:05.892,0.09,2.34,0.04,0.54,2.09,33.69,1.90,0.62,0.71,0.0047,0.0003,5.93,5.32,68,7239.96,3090.90,3878.11,2.34,19.52,0.09,0.78,7.42,19.22,0.00,52.50,20.87,100.00,0.00,0.00,0.00,19.62,8.68,3.86,
2026-07-30,12:41:06.892,0.18,2.57,0.07,0.71,2.75,38.76,3.82,0.61,0.59,0.0028,0.0003,6.24,5.36,67,13667.62,5317.31,3881.60,2.57,21.42,0.18,1.47,9.70,16.47,0.00,53.77,20.06,100.00,0.00,0.00,0.00,24.69,13.80,3.84,
2026-07-30,12:41:07.892,0.17,2.65,0.06,0.72,2.80,33.77,3.50,0.64,0.56,0.0026,0.0003,5.86,5.24,67,13188.72,4968.72,3878.00,2.65,22.12,0.17,1.42,8.91,16.12,0.00,54.18,20.79,100.00,0.00,0.00,0.00,24.22,13.32,3.85,
2026-07-30,12:41:08.892,0.19,2.56,0.07,0.69,2.69,53.12,4.02,0.57,0.71,0.0037,0.0003,7.21,5.43,46,14419.26,5640.77,3877.38,2.56,21.30,0.19,1.55,10.56,17.66,0.00,53.73,18.04,100.00,0.00,0.00,0.00,23.97,13.00,3.84,
2026-07-30,12:41:09.892,0.21,2.94,0.07,0.73,2.86,39.87,3.76,0.62,0.76,0.0025,0.0002,6.15,5.29,67,15968.25,5434.55,3881.27,2.94,24.49,0.21,1.71,9.56,23.64,0.00,49.17,17.63,100.00,0.00,0.00,0.00,25.53,14.52,3.89,
2026-07-30,12:41:10.894,0.20,2.70,0.07,0.50,1.93,43.23,3.67,0.64,0.69,0.0028,0.0002,6.36,5.40,68,15472.33,5725.79,3880.54,2.70,22.52,0.20,1.66,14.90,25.23,0.00,47.09,12.78,100.00,0.00,0.00,0.00,23.94,13.09,3.78,
2026-07-30,12:41:11.897,0.17,2.66,0.06,0.71,2.79,37.98,3.77,0.63,0.60,0.0029,0.0003,5.96,5.30,67,13167.33,4948.83,3880.18,2.66,22.17,0.17,1.41,8.92,19.48,0.00,52.25,19.35,100.00,0.00,0.00,0.00,24.47,13.54,3.89,
2026-07-30,12:41:12.897,0.17,2.64,0.06,0.71,2.77,38.63,3.82,0.63,0.60,0.0029,0.0003,6.03,5.26,68,13289.12,5038.52,3879.45,2.64,21.98,0.17,1.43,9.14,21.57,0.00,50.37,18.91,100.00,0.00,0.00,0.00,24.54,13.64,3.86,
2026-07-30,12:41:13.897,0.25,2.95,0.09,0.77,3.02,70.92,2.89,0.49,0.75,0.0036,0.0001,8.40,6.23,45,19525.08,6612.76,3879.11,2.95,24.61,0.25,2.10,11.00,28.17,0.00,43.74,17.09,100.00,0.00,0.00,0.00,29.60,18.48,3.87,
2026-07-30,12:41:14.896,0.19,2.46,0.08,0.75,2.93,60.49,6.13,0.52,0.75,0.0040,0.0004,7.95,5.79,60,15093.35,6128.25,3880.15,2.46,20.52,0.19,1.62,10.52,26.24,0.00,44.80,18.44,100.00,0.00,0.00,0.00,26.53,15.49,3.86,
2026-07-30,12:41:15.896,0.15,2.56,0.06,0.67,2.61,37.31,3.35,0.63,0.77,0.0032,0.0003,5.92,5.17,56,11500.78,4493.93,3880.29,2.56,21.33,0.15,1.23,8.64,25.46,0.00,48.06,17.83,100.00,0.00,0.00,0.00,22.55,11.75,3.78,
2026-07-30,12:41:16.896,0.21,3.33,0.06,0.66,2.59,45.14,2.59,0.59,0.71,0.0028,0.0002,6.55,5.32,60,16229.68,4874.99,3878.36,3.33,27.74,0.21,1.74,9.45,20.18,0.00,51.17,19.20,100.00,0.00,0.00,0.00,23.95,12.99,3.84,
2026-07-30,12:41:17.896,0.17,2.58,0.06,0.69,2.69,40.16,3.51,0.62,0.79,0.0031,0.0003,6.09,5.21,54,12936.26,5023.47,3878.97,2.58,21.46,0.17,1.39,9.38,21.67,0.00,49.12,19.84,100.00,0.00,0.00,0.00,23.30,12.48,3.78,
2026-07-30,12:41:18.896,0.09,2.35,0.04,0.54,2.11,37.27,2.32,0.63,0.70,0.0051,0.0003,5.88,5.21,57,7251.40,3087.75,3877.85,2.35,19.57,0.09,0.78,7.35,22.91,0.00,51.05,18.69,100.00,0.00,0.00,0.00,19.71,8.90,3.79,
2026-07-30,12:41:19.896,0.16,2.62,0.06,0.67,2.61,37.55,3.44,0.63,0.77,0.0031,0.0003,5.90,5.22,56,12154.72,4641.67,3878.77,2.62,21.82,0.16,1.31,8.94,26.48,0.00,45.54,19.05,100.00,0.00,0.00,0.00,22.96,12.15,3.77,
2026-07-30,12:41:20.896,0.16,2.53,0.06,0.64,2.51,38.89,3.49,0.62,0.84,0.0032,0.0003,5.94,5.20,57,12109.34,4783.62,3879.03,2.53,21.10,0.16,1.30,9.58,28.36,0.00,43.64,18.42,100.00,0.00,0.00,0.00,23.03,12.22,3.76,
2026-07-30,12:41:21.902,0.10,2.33,0.04,0.54,2.12,37.09,2.30,0.62,0.80,0.0050,0.0003,5.80,5.15,56,7416.81,3178.93,3878.84,2.33,19.44,0.10,0.80,7.55,26.79,0.00,44.11,21.56,100.00,0.00,0.00,0.00,19.77,8.94,3.80,
2026-07-30,12:41:22.901,0.28,3.26,0.09,0.78,3.03,45.55,4.19,0.59,0.69,0.0021,0.0002,6.53,5.30,58,21710.03,6650.23,3880.65,3.26,27.20,0.28,2.33,11.03,27.83,0.00,43.85,17.29,100.00,0.00,0.00,0.00,28.47,17.53,3.80,
2026-07-30,12:41:23.901,0.17,2.62,0.06,0.70,2.72,39.00,3.65,0.63,0.73,0.0030,0.0003,5.91,5.23,61,13045.89,4972.65,3879.06,2.62,21.86,0.17,1.40,9.19,19.70,0.00,54.46,16.65,100.00,0.00,0.00,0.00,23.77,12.98,3.77,
2026-07-30,12:41:24.901,0.09,2.37,0.04,0.56,2.17,36.84,2.30,0.63,0.71,0.0050,0.0003,5.73,5.13,61,7321.05,3094.84,3879.95,2.37,19.71,0.09,0.79,7.16,24.43,0.00,51.43,16.98,100.00,0.00,0.00,0.00,19.84,8.99,3.81,
2026-07-30,12:41:25.901,0.17,2.40,0.07,0.67,2.63,44.32,3.93,0.61,0.87,0.0033,0.0003,6.23,5.31,65,13282.46,5535.96,3881.49,2.40,19.99,0.17,1.43,10.57,33.39,0.00,38.89,17.14,100.00,0.00,0.00,0.00,24.39,13.48,3.81,
2026-07-30,12:41:26.901,0.09,2.40,0.04,0.54,2.12,37.12,2.24,0.63,0.71,0.0051,0.0003,5.73,5.12,65,7338.11,3063.62,3878.50,2.40,19.96,0.09,0.79,7.26,24.96,0.00,47.93,19.85,100.00,0.00,0.00,0.00,19.37,8.55,3.80,
2026-07-30,12:41:27.900,0.23,2.74,0.09,0.60,2.34,42.10,4.70,0.65,0.75,0.0023,0.0003,6.09,5.29,62,18206.74,6641.83,3878.89,2.74,22.84,0.23,1.96,14.25,29.17,0.00,42.82,13.76,100.00,0.00,0.00,0.00,26.71,15.76,3.87,
2026-07-30,12:41:28.900,0.18,2.62,0.07,0.61,2.38,38.88,3.80,0.64,0.81,0.0028,0.0003,5.88,5.20,65,14061.09,5357.22,3880.65,2.62,21.87,0.18,1.51,11.30,25.74,0.00,45.10,17.86,100.00,0.00,0.00,0.00,23.90,12.99,3.86,
2026-07-30,12:41:29.900,0.09,2.43,0.04,0.55,2.16,35.88,2.19,0.63,0.71,0.0049,0.0003,5.69,5.11,66,7272.45,2996.26,3878.03,2.43,20.23,0.09,0.78,6.97,21.23,0.00,51.28,20.52,100.00,0.00,0.00,0.00,19.56,8.66,3.89,
2026-07-30,12:41:30.900,0.15,2.59,0.06,0.65,2.52,36.10,3.18,0.64,0.81,0.0032,0.0003,5.84,5.17,66,11293.59,4368.25,3878.12,2.59,21.54,0.15,1.21,8.71,25.01,0.00,48.63,17.64,100.00,0.00,0.00,0.00,21.84,10.90,3.89,
2026-07-30,12:41:31.900,0.15,2.55,0.06,0.66,2.59,35.36,3.56,0.66,0.76,0.0029,0.0003,5.89,5.17,67,12021.54,4705.62,3881.42,2.55,21.29,0.15,1.29,9.12,18.46,0.00,59.79,12.63,100.00,0.00,0.00,0.00,22.82,11.85,3.93,
2026-07-30,12:41:32.899,0.16,2.89,0.06,0.69,2.71,39.67,2.52,0.61,0.67,0.0032,0.0002,6.11,5.20,47,12438.01,4307.02,3879.38,2.89,24.07,0.16,1.34,8.00,23.98,0.00,51.55,16.48,100.00,0.00,0.00,0.00,23.08,12.14,3.85,
2026-07-30,12:41:33.899,0.20,2.90,0.07,0.76,2.95,39.65,3.62,0.63,0.78,0.0025,0.0002,6.01,5.15,67,15608.53,5377.38,3875.62,2.90,24.19,0.20,1.68,9.16,20.87,0.00,54.39,15.57,100.00,0.00,0.00,0.00,24.95,13.97,3.94,
2026-07-30,12:41:34.899,0.09,2.40,0.04,0.56,2.18,35.91,2.25,0.64,0.70,0.0050,0.0003,5.69,5.09,67,7202.12,3002.38,3877.75,2.40,19.99,0.09,0.77,6.93,20.58,0.00,54.25,18.25,100.00,0.00,0.00,0.00,19.81,8.87,3.94,
2026-07-30,12:41:35.899,0.16,2.60,0.06,0.67,2.61,37.02,3.30,0.63,0.79,0.0031,0.0003,5.77,5.10,67,12047.31,4632.05,3881.46,2.60,21.67,0.16,1.29,8.93,17.13,0.00,54.38,19.56,100.00,0.00,0.00,0.00,22.82,11.88,3.93,
2026-07-30,12:41:36.901,0.15,2.61,0.06,0.68,2.65,36.79,3.33,0.64,0.78,0.0031,0.0003,5.76,5.10,67,11995.83,4591.20,3880.88,2.61,21.77,0.15,1.29,8.70,15.92,0.00,56.62,18.76,100.00,0.00,0.00,0.00,22.82,11.85,3.94,
2026-07-30,12:41:37.902,0.09,2.38,0.04,0.56,2.19,36.89,2.25,0.63,0.70,0.0051,0.0003,5.78,5.14,52,7191.54,3020.67,3879.02,2.38,19.84,0.09,0.77,6.94,20.69,0.00,53.68,18.68,100.00,0.00,0.00,0.00,19.83,8.84,3.98,
2026-07-30,12:41:38.901,0.17,2.73,0.06,0.71,2.76,34.16,3.35,0.64,0.65,0.0026,0.0003,5.57,5.04,62,13009.04,4772.73,3878.73,2.73,22.71,0.17,1.40,8.69,19.60,0.00,52.43,19.28,100.00,0.00,0.00,0.00,24.14,13.20,3.91,
2026-07-30,12:41:39.900,0.17,2.70,0.06,0.71,2.78,36.70,3.45,0.63,0.65,0.0027,0.0003,5.77,5.13,64,13402.88,4968.67,3877.79,2.70,22.48,0.17,1.44,8.99,17.14,0.00,55.74,18.13,100.00,0.00,0.00,0.00,24.57,13.65,3.89,
2026-07-30,12:41:40.901,0.10,2.36,0.04,0.55,2.13,39.46,2.26,0.61,0.73,0.0053,0.0003,5.95,5.17,67,7426.50,3147.47,3881.59,2.36,19.66,0.10,0.80,7.42,23.43,0.00,48.44,20.72,100.00,0.00,0.00,0.00,19.66,8.68,3.93,
2026-07-30,12:41:41.901,0.17,2.66,0.06,0.73,2.83,36.58,3.76,0.64,0.58,0.0028,0.0003,5.82,5.15,67,13167.02,4941.66,3878.82,2.66,22.20,0.17,1.41,8.77,24.56,0.00,47.74,18.93,100.00,0.00,0.00,0.00,24.64,13.66,3.94,
2026-07-30,12:41:42.901,0.09,2.40,0.04,0.55,2.15,36.37,2.14,0.63,0.71,0.0051,0.0003,5.75,5.12,66,7193.31,3001.26,3876.90,2.40,19.97,0.09,0.77,7.02,21.07,0.00,51.38,20.53,100.00,0.00,0.00,0.00,19.31,8.39,3.89,
2026-07-30,12:41:43.901,0.16,2.64,0.06,0.71,2.77,37.39,3.49,0.63,0.76,0.0030,0.0003,5.81,5.12,67,12608.94,4784.38,3876.64,2.64,21.96,0.16,1.36,8.68,25.67,0.00,46.65,19.01,100.00,0.00,0.00,0.00,23.29,12.36,3.91,
2026-07-30,12:41:44.901,0.34,3.01,0.11,0.88,3.43,72.22,4.51,0.50,0.70,0.0027,0.0002,8.33,6.17,44,26311.31,8743.87,3878.17,3.01,25.08,0.34,2.83,12.83,25.38,0.00,47.39,14.40,100.00,0.00,0.00,0.00,34.34,23.12,3.97,
2026-07-30,12:41:45.900,0.24,2.49,0.10,0.62,2.40,68.00,6.56,0.56,0.72,0.0037,0.0004,8.32,5.99,66,18587.04,7463.10,3878.53,2.49,20.75,0.24,2.00,15.64,28.20,0.00,44.00,12.16,100.00,0.00,0.00,0.00,28.38,17.23,3.91,
2026-07-30,12:41:46.899,0.18,2.65,0.07,0.71,2.75,38.61,3.95,0.64,0.67,0.0027,0.0003,5.89,5.17,67,14161.06,5345.58,3876.27,2.65,22.08,0.18,1.52,9.78,24.03,0.00,49.24,16.95,100.00,0.00,0.00,0.00,25.29,14.32,3.92,
2026-07-30,12:41:47.900,0.17,2.61,0.07,0.75,2.93,38.09,3.73,0.64,0.67,0.0029,0.0003,5.84,5.14,61,13296.20,5091.38,3876.78,2.61,21.76,0.17,1.43,8.73,23.37,0.00,50.02,17.87,100.00,0.00,0.00,0.00,24.80,13.83,3.91,
2026-07-30,12:41:48.899,0.09,2.35,0.04,0.57,2.24,35.41,2.18,0.64,0.76,0.0049,0.0003,5.64,5.03,66,7189.63,3056.29,3876.26,2.35,19.60,0.09,0.77,6.88,21.06,0.00,52.08,19.98,100.00,0.00,0.00,0.00,19.59,8.63,3.95,
2026-07-30,12:41:49.899,0.17,2.73,0.06,0.70,2.74,37.31,3.58,0.64,0.68,0.0028,0.0003,5.82,5.16,67,13347.28,4881.60,3877.58,2.73,22.79,0.17,1.43,8.98,24.37,0.00,47.36,19.30,100.00,0.00,0.00,0.00,24.07,12.99,4.02,
2026-07-30,12:41:50.899,0.10,2.33,0.04,0.53,2.07,37.57,1.84,0.61,0.86,0.0051,0.0002,5.84,5.15,66,7405.16,3179.83,3881.03,2.33,19.41,0.10,0.80,7.72,23.59,0.00,46.56,22.13,100.00,0.00,0.00,0.00,19.48,8.41,4.00,
2026-07-30,12:41:51.901,0.18,2.66,0.07,0.68,2.64,37.68,3.52,0.62,0.71,0.0028,0.0003,5.89,5.15,67,13649.06,5123.62,3882.06,2.66,22.20,0.18,1.46,9.75,27.33,0.00,43.68,19.23,100.00,0.00,0.00,0.00,24.84,13.70,4.04,
2026-07-30,12:41:52.901,0.17,2.56,0.07,0.67,2.61,37.52,3.49,0.62,0.81,0.0029,0.0003,5.98,5.20,67,12953.42,5053.64,3878.99,2.56,21.36,0.17,1.39,9.75,24.11,0.00,51.04,15.10,100.00,0.00,0.00,0.00,24.11,12.94,4.09,
2026-07-30,12:41:53.901,0.09,2.39,0.04,0.54,2.10,37.04,1.78,0.61,0.81,0.0051,0.0002,5.79,5.13,68,7277.58,3039.87,3881.53,2.39,19.95,0.09,0.78,7.28,18.88,0.00,51.27,22.57,100.00,0.00,0.00,0.00,19.52,8.38,4.07,
2026-07-30,12:41:54.901,0.29,3.30,0.09,0.77,3.01,46.31,3.80,0.58,0.72,0.0021,0.0002,6.51,5.24,67,22143.39,6711.39,3879.80,3.30,27.49,0.29,2.38,11.20,24.49,0.00,46.76,17.55,100.00,0.00,0.00,0.00,28.71,17.42,4.14,
2026-07-30,12:41:55.901,0.12,2.48,0.05,0.59,2.31,38.39,2.57,0.62,0.80,0.0040,0.0003,5.91,5.19,50,9568.69,3862.01,3878.93,2.48,20.65,0.12,1.03,8.40,20.27,0.00,54.38,16.95,100.00,0.00,0.00,0.00,21.43,10.17,4.15,
2026-07-30,12:41:56.901,0.12,2.50,0.05,0.63,2.44,38.24,2.89,0.64,0.77,0.0040,0.0003,5.90,5.20,67,9680.10,3877.71,3878.80,2.50,20.80,0.12,1.04,8.00,18.19,0.00,61.13,12.68,100.00,0.00,0.00,0.00,21.52,10.30,4.15,
2026-07-30,12:41:57.902,0.17,2.66,0.07,0.74,2.87,37.66,3.79,0.64,0.67,0.0028,0.0003,5.84,5.13,67,13581.34,5113.85,3880.55,2.66,22.13,0.17,1.46,8.95,21.59,0.00,52.96,16.50,100.00,0.00,0.00,0.00,24.98,13.79,4.12,
2026-07-30,12:41:58.901,0.09,2.44,0.04,0.55,2.16,36.38,2.17,0.63,0.77,0.0050,0.0003,5.74,5.11,67,7233.86,2964.83,3877.49,2.44,20.33,0.09,0.78,6.92,20.47,0.00,52.27,20.35,100.00,0.00,0.00,0.00,19.83,8.46,4.30,
2026-07-30,12:41:59.901,0.17,2.74,0.06,0.70,2.74,36.98,3.69,0.63,0.67,0.0028,0.0003,5.79,5.14,67,13120.40,4796.30,3877.33,2.74,22.80,0.17,1.41,8.82,24.05,0.00,48.56,18.57,100.00,0.00,0.00,0.00,24.39,13.02,4.25,
2026-07-30,12:42:00.901,0.17,2.70,0.06,0.71,2.77,37.85,3.76,0.63,0.68,0.0028,0.0003,5.86,5.15,67,13400.45,4970.30,3877.38,2.70,22.47,0.17,1.44,9.04,25.04,0.00,47.02,18.90,100.00,0.00,0.00,0.00,24.58,13.33,4.16,
2026-07-30,12:42:01.902,0.09,2.22,0.04,0.63,2.44,37.36,2.20,0.63,0.77,0.0052,0.0003,5.84,5.16,68,7214.59,3253.25,3882.16,2.22,18.48,0.09,0.77,6.70,24.22,0.00,50.28,18.81,100.00,0.00,0.00,0.00,20.52,9.43,4.02,
2026-07-30,12:42:02.902,0.17,2.59,0.07,0.77,3.00,38.19,3.81,0.63,0.67,0.0029,0.0003,5.88,5.17,68,13241.79,5106.80,3878.30,2.59,21.61,0.17,1.42,8.56,22.96,0.00,50.51,17.98,100.00,0.00,0.00,0.00,25.54,14.18,4.30,
2026-07-30,12:42:03.902,0.09,2.29,0.04,0.64,2.51,36.30,2.13,0.63,0.77,0.0050,0.0003,5.72,5.14,66,7196.93,3137.60,3878.47,2.29,19.11,0.09,0.77,6.30,24.89,0.00,48.41,20.41,100.00,0.00,0.00,0.00,20.65,9.23,4.38,
2026-07-30,12:42:04.902,0.27,2.80,0.09,0.60,2.35,42.85,4.96,0.65,0.67,0.0021,0.0002,6.19,5.32,67,20584.03,7355.55,3878.87,2.80,23.32,0.27,2.21,15.71,26.66,0.00,46.24,11.39,100.00,0.00,0.00,0.00,28.73,17.40,4.26,
2026-07-30,12:42:05.902,0.18,2.71,0.07,0.65,2.52,39.24,3.61,0.63,0.77,0.0028,0.0003,5.96,5.22,67,13906.55,5132.53,3876.83,2.71,22.58,0.18,1.49,10.23,23.45,0.00,48.08,18.24,100.00,0.00,0.00,0.00,24.22,12.94,4.22,
2026-07-30,12:42:06.903,0.09,2.51,0.04,0.52,2.03,35.33,1.69,0.62,0.82,0.0049,0.0002,5.63,5.06,68,7186.64,2862.14,3878.06,2.51,20.92,0.09,0.77,7.07,23.42,0.00,47.48,22.02,100.00,0.00,0.00,0.00,19.41,8.01,4.35,
2026-07-30,12:42:07.906,0.16,2.75,0.06,0.67,2.59,37.49,3.07,0.62,0.79,0.0030,0.0002,5.83,5.16,67,12511.29,4550.23,3878.80,2.75,22.91,0.16,1.34,8.81,23.19,0.00,45.86,22.14,100.00,0.00,0.00,0.00,23.22,11.82,4.34,
2026-07-30,12:42:08.906,0.27,3.39,0.08,0.77,3.00,44.79,3.57,0.59,0.77,0.0021,0.0002,6.43,5.22,65,20876.38,6157.22,3882.52,3.39,28.25,0.27,2.24,10.31,23.35,0.00,48.13,18.21,100.00,0.00,0.00,0.00,27.40,15.91,4.35,
2026-07-30,12:42:09.905,0.09,2.49,0.04,0.52,2.05,38.90,2.15,0.62,0.78,0.0054,0.0003,5.93,5.22,62,7215.37,2901.53,3878.45,2.49,20.72,0.09,0.78,7.13,22.96,0.00,49.54,20.37,100.00,0.00,0.00,0.00,19.54,8.12,4.36,
2026-07-30,12:42:10.905,0.15,2.71,0.06,0.66,2.59,37.25,3.31,0.63,0.82,0.0031,0.0003,5.78,5.13,56,12033.75,4448.63,3882.73,2.71,22.54,0.15,1.29,8.64,26.62,0.00,44.22,20.52,100.00,0.00,0.00,0.00,22.81,11.43,4.34,
2026-07-30,12:42:11.905,0.10,2.48,0.04,0.54,2.11,38.14,2.22,0.62,0.79,0.0051,0.0003,5.82,5.14,57,7431.30,2993.39,3877.57,2.48,20.69,0.10,0.80,7.12,25.51,0.00,48.91,18.46,100.00,0.00,0.00,0.00,19.64,8.31,4.29,
2026-07-30,12:42:12.905,0.15,2.68,0.06,0.66,2.59,37.45,3.41,0.64,0.81,0.0031,0.0003,5.77,5.09,56,11937.39,4457.43,3878.94,2.68,22.32,0.15,1.28,8.66,20.90,0.00,52.52,17.92,100.00,0.00,0.00,0.00,22.62,11.26,4.34,
2026-07-30,12:42:13.906,0.18,2.41,0.07,0.73,2.84,49.24,4.68,0.60,0.79,0.0035,0.0003,6.52,5.25,53,13952.45,5787.43,3881.48,2.41,20.09,0.18,1.50,10.23,23.69,0.00,48.73,17.34,100.00,0.00,0.00,0.00,24.50,13.14,4.31,
2026-07-30,12:42:14.905,0.09,2.49,0.04,0.52,2.04,37.75,2.14,0.63,0.73,0.0053,0.0003,5.84,5.15,58,7145.70,2871.99,3879.45,2.49,20.73,0.09,0.77,7.08,24.97,0.00,48.33,19.62,100.00,0.00,0.00,0.00,19.12,7.92,4.19,
2026-07-30,12:42:15.910,0.34,3.07,0.11,0.85,3.30,68.56,4.36,0.50,0.72,0.0026,0.0002,8.24,6.16,44,26372.73,8601.22,3877.40,3.07,25.55,0.34,2.83,13.10,25.93,0.00,46.96,14.01,100.00,0.00,0.00,0.00,34.65,23.35,4.04,
2026-07-30,12:42:16.905,0.21,2.58,0.08,0.76,2.95,61.23,6.55,0.53,0.69,0.0038,0.0004,7.84,5.70,56,16309.59,6317.46,3878.13,2.58,21.51,0.21,1.75,10.77,24.29,0.00,47.46,17.47,100.00,0.00,0.00,0.00,27.48,16.34,3.96,
2026-07-30,12:42:17.905,0.11,2.41,0.04,0.57,2.24,37.57,2.22,0.62,0.79,0.0046,0.0003,5.75,5.01,57,8177.80,3399.44,3875.73,2.41,20.05,0.11,0.88,7.65,19.95,0.00,52.20,20.20,100.00,0.00,0.00,0.00,19.86,8.89,3.96,
2026-07-30,12:42:18.909,0.17,2.71,0.06,0.70,2.73,36.08,3.68,0.64,0.68,0.0027,0.0003,5.66,5.02,54,13261.03,4890.60,3877.20,2.71,22.60,0.17,1.42,9.02,23.91,0.00,48.78,18.29,100.00,0.00,0.00,0.00,24.00,13.06,3.92,
2026-07-30,12:42:19.904,0.21,3.38,0.06,0.68,2.64,45.43,2.57,0.59,0.77,0.0027,0.0002,6.45,5.26,56,16581.60,4907.89,3877.82,3.38,28.15,0.21,1.78,9.34,25.89,0.00,48.38,16.39,100.00,0.00,0.00,0.00,24.18,13.11,3.96,
2026-07-30,12:42:20.909,0.16,2.62,0.06,0.66,2.58,39.76,3.54,0.63,0.80,0.0032,0.0003,5.99,5.20,54,12600.57,4818.12,3878.49,2.62,21.79,0.16,1.35,9.39,24.42,0.00,47.91,18.28,100.00,0.00,0.00,0.00,23.22,12.28,3.91,
2026-07-30,12:42:21.903,0.19,2.71,0.07,0.63,2.46,39.62,4.06,0.64,0.69,0.0026,0.0003,5.93,5.15,54,14959.47,5513.22,3877.35,2.71,22.61,0.19,1.61,11.25,31.04,0.00,41.72,15.99,100.00,0.00,0.00,0.00,25.20,14.25,3.90,
2026-07-30,12:42:22.903,0.21,2.55,0.08,0.53,2.06,46.09,3.84,0.65,0.79,0.0029,0.0002,6.41,5.40,53,15930.70,6255.85,3877.82,2.55,21.22,0.21,1.71,15.30,23.80,0.00,51.93,8.97,100.00,0.00,0.00,0.00,25.17,14.18,3.91,
2026-07-30,12:42:23.909,0.16,2.69,0.06,0.70,2.71,37.66,3.51,0.64,0.69,0.0030,0.0003,5.84,5.17,57,12405.55,4617.36,3881.52,2.69,22.39,0.16,1.33,8.55,23.49,0.00,50.07,17.89,100.00,0.00,0.00,0.00,23.56,12.56,3.94,
2026-07-30,12:42:24.909,0.16,2.71,0.06,0.69,2.68,36.74,3.50,0.63,0.75,0.0029,0.0003,5.76,5.11,60,12590.11,4646.02,3878.11,2.71,22.58,0.16,1.35,8.72,21.32,0.00,50.38,19.58,100.00,0.00,0.00,0.00,23.18,12.22,3.94,
2026-07-30,12:42:25.908,0.09,2.45,0.04,0.55,2.15,36.23,2.14,0.63,0.78,0.0050,0.0003,5.70,5.10,57,7262.80,2966.77,3877.29,2.45,20.40,0.09,0.78,6.95,25.47,0.00,46.35,21.23,100.00,0.00,0.00,0.00,19.47,8.47,3.98,
2026-07-30,12:42:26.908,0.17,2.66,0.06,0.70,2.74,38.43,3.58,0.63,0.77,0.0029,0.0003,5.87,5.15,62,13110.54,4933.58,3882.17,2.66,22.15,0.17,1.41,9.06,21.84,0.00,49.74,19.36,100.00,0.00,0.00,0.00,23.66,12.68,3.96,
2026-07-30,12:42:27.908,0.09,2.44,0.04,0.54,2.09,37.24,2.20,0.63,0.78,0.0051,0.0003,5.80,5.17,63,7234.53,2966.24,3879.04,2.44,20.32,0.09,0.78,7.12,20.91,0.00,52.98,18.99,100.00,0.00,0.00,0.00,19.29,8.34,3.93,
2026-07-30,12:42:28.908,0.16,2.70,0.06,0.68,2.64,38.46,3.65,0.64,0.75,0.0030,0.0003,5.89,5.19,66,12626.39,4683.07,3881.87,2.70,22.47,0.16,1.36,8.92,19.15,0.00,54.86,17.07,100.00,0.00,0.00,0.00,23.04,12.06,3.98,
2026-07-30,12:42:29.908,0.20,2.41,0.08,0.73,2.86,54.47,5.11,0.59,0.77,0.0036,0.0003,6.98,5.67,65,15144.35,6271.81,3879.51,2.41,20.12,0.20,1.63,11.02,20.48,0.00,50.97,17.54,100.00,0.00,0.00,0.00,25.73,14.66,3.99,
2026-07-30,12:42:30.908,0.09,2.44,0.04,0.52,2.03,36.20,1.79,0.62,0.83,0.0049,0.0002,5.71,5.11,67,7357.63,3018.06,3881.45,2.44,20.32,0.09,0.79,7.47,21.30,0.00,51.47,19.76,100.00,0.00,0.00,0.00,19.39,8.38,4.03,
2026-07-30,12:42:31.908,0.17,2.76,0.06,0.66,2.58,36.70,3.29,0.63,0.72,0.0028,0.0003,5.77,5.13,66,13026.85,4719.45,3878.11,2.76,23.00,0.17,1.40,9.20,19.48,0.00,53.11,18.20,100.00,0.00,0.00,0.00,23.49,12.52,3.98,
2026-07-30,12:42:32.907,0.15,2.72,0.05,0.64,2.51,35.73,2.85,0.62,0.75,0.0031,0.0002,5.69,5.09,49,11414.87,4200.74,3880.71,2.72,22.64,0.15,1.23,8.43,24.84,0.00,45.61,21.12,100.00,0.00,0.00,0.00,22.42,11.46,4.00,
2026-07-30,12:42:33.907,0.11,2.59,0.04,0.57,2.23,35.72,2.18,0.62,0.79,0.0040,0.0002,5.70,5.11,67,8905.97,3442.36,3877.28,2.59,21.56,0.11,0.96,7.77,24.68,0.00,46.71,20.84,100.00,0.00,0.00,0.00,20.60,9.62,4.00,
2026-07-30,12:42:34.908,0.17,2.70,0.06,0.68,2.66,37.53,3.41,0.63,0.72,0.0028,0.0003,5.80,5.14,67,13285.93,4926.97,3880.10,2.70,22.47,0.17,1.43,9.31,22.18,0.00,53.22,15.29,100.00,0.00,0.00,0.00,23.88,12.95,3.94,
2026-07-30,12:42:35.910,0.21,3.55,0.06,0.68,2.66,40.61,2.53,0.62,0.75,0.0025,0.0002,6.12,5.15,67,16248.76,4577.31,3883.69,3.55,29.58,0.21,1.74,8.65,27.28,0.00,49.12,14.95,100.00,0.00,0.00,0.00,23.88,12.91,3.92,
2026-07-30,12:42:36.909,0.17,2.71,0.06,0.68,2.65,37.49,3.49,0.64,0.71,0.0029,0.0003,5.81,5.12,67,13099.46,4829.02,3878.82,2.71,22.61,0.17,1.41,9.16,21.96,0.00,53.08,15.80,100.00,0.00,0.00,0.00,23.47,12.57,3.91,
2026-07-30,12:42:37.909,0.17,2.76,0.06,0.67,2.62,35.97,3.24,0.63,0.71,0.0028,0.0002,5.72,5.09,67,13007.19,4715.62,3881.91,2.76,22.99,0.17,1.40,9.06,22.24,0.00,48.48,20.23,100.00,0.00,0.00,0.00,23.40,12.54,3.86,
2026-07-30,12:42:38.910,0.09,2.45,0.04,0.52,2.05,34.48,1.70,0.63,0.82,0.0048,0.0002,5.61,5.05,67,7209.16,2938.98,3877.53,2.45,20.44,0.09,0.77,7.22,20.96,0.00,49.58,22.23,100.00,0.00,0.00,0.00,19.01,8.17,3.87,
2026-07-30,12:42:39.909,0.17,2.77,0.06,0.69,2.71,35.41,3.50,0.64,0.68,0.0027,0.0003,5.66,5.06,67,13267.69,4797.06,3877.78,2.77,23.05,0.17,1.43,8.90,20.50,0.00,50.54,20.05,100.00,0.00,0.00,0.00,23.66,12.84,3.83,
2026-07-30,12:42:40.910,0.23,3.40,0.07,0.68,2.64,44.20,2.83,0.58,0.77,0.0025,0.0002,6.38,5.19,51,17676.17,5194.50,3881.20,3.40,28.36,0.23,1.90,9.90,24.59,0.00,46.80,18.71,100.00,0.00,0.00,0.00,24.77,13.87,3.79,
2026-07-30,12:42:41.911,0.18,2.72,0.06,0.61,2.38,38.26,3.18,0.63,0.79,0.0028,0.0002,5.87,5.20,67,13637.42,5014.55,3880.33,2.72,22.66,0.18,1.46,10.59,25.96,0.00,43.85,19.59,100.00,0.00,0.00,0.00,23.16,12.33,3.82,
2026-07-30,12:42:42.911,0.27,2.84,0.10,0.60,2.36,44.40,4.74,0.64,0.74,0.0021,0.0002,6.34,5.41,67,20962.64,7389.99,3878.18,2.84,23.64,0.27,2.25,15.75,22.12,0.00,49.48,12.66,100.00,0.00,0.00,0.00,27.92,17.12,3.77,
2026-07-30,12:42:43.911,0.09,2.32,0.04,0.54,2.10,37.65,2.02,0.64,0.80,0.0052,0.0003,5.87,5.21,67,7215.92,3107.84,3878.80,2.32,19.35,0.09,0.78,7.43,15.64,0.00,59.73,17.20,100.00,0.00,0.00,0.00,19.23,8.45,3.78,
2026-07-30,12:42:44.911,0.17,2.69,0.06,0.70,2.74,36.16,3.31,0.64,0.71,0.0028,0.0003,5.80,5.08,67,13147.65,4889.38,3880.42,2.69,22.41,0.17,1.41,8.95,17.92,0.00,50.87,22.25,100.00,0.00,0.00,0.00,23.79,12.98,3.82,
2026-07-30,12:42:45.911,0.17,2.67,0.06,0.70,2.74,37.05,3.69,0.64,0.67,0.0028,0.0003,5.88,5.12,67,13163.02,4935.95,3880.36,2.67,22.22,0.17,1.41,9.05,20.96,0.00,51.08,18.91,100.00,0.00,0.00,0.00,23.97,13.15,3.79,
2026-07-30,12:42:46.912,0.26,2.96,0.09,0.78,3.03,70.05,2.93,0.49,0.79,0.0035,0.0001,8.27,6.13,43,19896.53,6725.11,3881.28,2.96,24.65,0.26,2.14,11.14,27.66,0.00,43.52,17.67,100.00,0.00,0.00,0.00,29.15,18.08,3.84,
2026-07-30,12:42:47.916,0.21,2.52,0.08,0.77,3.00,61.69,6.41,0.53,0.72,0.0038,0.0004,8.03,5.79,67,16060.54,6377.39,3881.12,2.52,20.99,0.21,1.72,10.66,26.38,0.00,44.13,18.83,100.00,0.00,0.00,0.00,27.05,16.07,3.80,
2026-07-30,12:42:48.916,0.22,3.29,0.07,0.68,2.66,46.42,2.76,0.59,0.75,0.0028,0.0002,6.67,5.26,59,16766.41,5096.38,3879.60,3.29,27.42,0.22,1.80,9.65,21.26,0.00,50.36,18.74,100.00,0.00,0.00,0.00,24.08,13.14,3.81,
2026-07-30,12:42:49.916,0.16,2.63,0.06,0.67,2.63,37.92,3.52,0.64,0.74,0.0030,0.0003,5.88,5.12,68,12556.22,4774.02,3878.40,2.63,21.92,0.16,1.35,9.12,15.19,0.00,58.31,17.38,100.00,0.00,0.00,0.00,23.34,12.43,3.90,
2026-07-30,12:42:50.916,0.16,2.68,0.06,0.67,2.63,38.28,3.71,0.64,0.76,0.0030,0.0003,5.89,5.17,67,12765.47,4762.54,3876.24,2.68,22.34,0.16,1.37,9.11,21.03,0.00,52.75,17.11,100.00,0.00,0.00,0.00,23.34,12.36,3.96,
2026-07-30,12:42:51.915,0.10,2.30,0.04,0.53,2.07,37.45,2.33,0.63,0.86,0.0049,0.0003,5.81,5.09,62,7584.73,3297.23,3877.67,2.30,19.17,0.10,0.82,8.02,28.83,0.00,43.52,19.63,100.00,0.00,0.00,0.00,19.74,8.88,3.83,
2026-07-30,12:42:52.915,0.17,2.56,0.07,0.68,2.65,38.22,3.77,0.63,0.79,0.0030,0.0003,6.02,5.18,68,12907.48,5046.53,3879.40,2.56,21.31,0.17,1.39,9.56,27.61,0.00,43.90,18.93,100.00,0.00,0.00,0.00,24.04,13.14,3.84,
2026-07-30,12:42:53.914,0.17,2.64,0.07,0.70,2.74,35.39,3.85,0.64,0.64,0.0026,0.0003,6.08,5.26,60,13383.56,5060.59,3878.18,2.64,22.04,0.17,1.44,9.28,20.62,0.00,52.06,18.05,100.00,0.00,0.00,0.00,24.34,13.44,3.83,
2026-07-30,12:42:54.915,0.09,2.34,0.04,0.56,2.19,36.72,2.15,0.63,0.78,0.0051,0.0003,5.94,5.24,57,7225.73,3086.63,3880.41,2.34,19.51,0.09,0.78,7.09,21.69,0.00,49.83,21.39,100.00,0.00,0.00,0.00,19.70,8.84,3.82,
2026-07-30,12:42:55.915,0.17,2.67,0.06,0.71,2.78,36.55,3.69,0.64,0.68,0.0028,0.0003,5.83,5.20,57,13184.00,4937.14,3880.22,2.67,22.25,0.17,1.42,8.94,20.84,0.00,51.61,18.61,100.00,0.00,0.00,0.00,24.30,13.44,3.82,
2026-07-30,12:42:56.922,0.09,2.35,0.04,0.56,2.17,37.11,2.09,0.62,0.79,0.0051,0.0003,5.89,5.28,54,7238.47,3081.16,3882.51,2.35,19.58,0.09,0.78,7.12,21.73,0.00,48.78,22.37,100.00,0.00,0.00,0.00,19.70,8.81,3.84,
2026-07-30,12:42:57.915,0.17,2.68,0.06,0.71,2.77,36.64,3.71,0.64,0.68,0.0028,0.0003,5.83,5.21,57,13244.72,4950.55,3878.75,2.68,22.30,0.17,1.42,8.99,20.98,0.00,51.00,19.03,100.00,0.00,0.00,0.00,24.32,13.48,3.82,
2026-07-30,12:42:58.915,0.17,2.66,0.06,0.70,2.72,37.69,3.69,0.64,0.68,0.0029,0.0003,5.93,5.28,56,13158.69,4941.96,3879.96,2.66,22.19,0.17,1.41,9.12,25.23,0.00,46.48,19.17,100.00,0.00,0.00,0.00,24.24,13.34,3.86,
2026-07-30,12:42:59.915,0.09,2.34,0.04,0.56,2.19,37.02,2.10,0.63,0.78,0.0051,0.0003,5.89,5.25,57,7223.35,3092.32,3877.28,2.34,19.47,0.09,0.78,7.11,24.75,0.00,46.77,21.37,100.00,0.00,0.00,0.00,19.79,8.94,3.82,
2026-07-30,12:43:00.921,0.16,2.62,0.06,0.69,2.69,37.07,3.50,0.64,0.76,0.0030,0.0003,5.87,5.24,63,12443.87,4751.46,3881.64,2.62,21.82,0.16,1.34,8.86,18.73,0.00,52.77,19.64,100.00,0.00,0.00,0.00,23.32,12.44,3.85,
2026-07-30,12:43:01.921,0.16,2.62,0.06,0.69,2.69,37.77,3.51,0.63,0.75,0.0030,0.0003,5.96,5.29,63,12581.83,4801.61,3878.62,2.62,21.84,0.16,1.35,8.99,19.15,0.00,51.35,20.52,100.00,0.00,0.00,0.00,23.49,12.60,3.86,
2026-07-30,12:43:02.921,0.09,2.34,0.04,0.56,2.18,35.55,2.19,0.64,0.77,0.0049,0.0003,5.77,5.17,62,7204.32,3076.88,3877.29,2.34,19.51,0.09,0.77,7.11,22.92,0.00,50.95,19.02,100.00,0.00,0.00,0.00,19.67,8.77,3.86,
2026-07-30,12:43:03.921,0.17,2.65,0.06,0.72,2.80,37.50,3.78,0.64,0.68,0.0028,0.0003,5.95,5.23,65,13375.70,5039.88,3882.77,2.65,22.12,0.17,1.44,9.04,21.64,0.00,49.83,19.49,100.00,0.00,0.00,0.00,24.58,13.67,3.87,
2026-07-30,12:43:04.920,0.24,2.72,0.09,0.51,2.00,42.96,4.18,0.66,0.70,0.0024,0.0002,6.52,5.54,65,18269.99,6724.66,3880.31,2.72,22.64,0.24,1.96,16.87,23.89,0.00,49.89,9.35,100.00,0.00,0.00,0.00,25.34,14.48,3.78,
2026-07-30,12:43:05.920,0.15,2.57,0.06,0.68,2.63,37.01,3.37,0.64,0.75,0.0032,0.0003,5.95,5.20,66,11639.14,4530.46,3878.41,2.57,21.41,0.15,1.25,8.65,23.68,0.00,49.84,17.83,100.00,0.00,0.00,0.00,23.02,12.13,3.87,
2026-07-30,12:43:06.919,0.17,2.58,0.07,0.70,2.74,40.24,3.80,0.63,0.68,0.0031,0.0003,6.09,5.22,66,13190.47,5107.23,3878.76,2.58,21.52,0.17,1.42,9.36,23.66,0.00,48.72,18.27,100.00,0.00,0.00,0.00,24.31,13.41,3.86,
2026-07-30,12:43:07.920,0.09,2.33,0.04,0.55,2.16,36.74,2.21,0.63,0.77,0.0051,0.0003,5.89,5.19,67,7228.57,3098.75,3876.97,2.33,19.44,0.09,0.78,7.22,26.51,0.00,46.30,19.97,100.00,0.00,0.00,0.00,19.74,8.88,3.83,
2026-07-30,12:43:08.920,0.17,2.66,0.06,0.72,2.82,37.57,3.73,0.63,0.67,0.0028,0.0003,5.97,5.23,66,13311.42,4998.33,3879.71,2.66,22.19,0.17,1.43,8.91,24.26,0.00,47.30,19.53,100.00,0.00,0.00,0.00,24.70,13.77,3.88,
2026-07-30,12:43:09.920,0.16,2.57,0.06,0.68,2.64,38.28,3.52,0.63,0.78,0.0032,0.0003,5.97,5.25,63,12148.31,4724.94,3878.42,2.57,21.43,0.16,1.31,9.01,24.04,0.00,49.16,17.79,100.00,0.00,0.00,0.00,23.43,12.55,3.84,
2026-07-30,12:43:10.920,0.09,2.29,0.04,0.56,2.18,36.93,2.29,0.65,0.75,0.0051,0.0003,5.85,5.20,67,7212.26,3144.42,3879.60,2.29,19.11,0.09,0.77,7.25,19.82,0.00,57.07,15.86,100.00,0.00,0.00,0.00,19.82,8.97,3.83,
2026-07-30,12:43:11.919,0.17,2.66,0.06,0.71,2.79,36.77,3.83,0.65,0.66,0.0027,0.0003,5.80,5.17,67,13403.42,5040.24,3878.08,2.66,22.16,0.17,1.44,9.09,20.38,0.00,53.54,16.98,100.00,0.00,0.00,0.00,24.40,13.56,3.81,
2026-07-30,12:43:12.919,0.09,2.35,0.04,0.56,2.17,35.42,2.20,0.64,0.76,0.0049,0.0003,5.70,5.12,67,7212.46,3075.61,3881.30,2.35,19.54,0.09,0.77,7.14,23.57,0.00,50.33,18.97,100.00,0.00,0.00,0.00,19.45,8.68,3.75,
2026-07-30,12:43:13.918,0.16,2.64,0.06,0.72,2.81,35.34,3.43,0.64,0.76,0.0028,0.0003,5.70,5.11,67,12446.58,4711.90,3878.17,2.64,22.01,0.16,1.34,8.44,22.96,0.00,48.69,19.91,100.00,0.00,0.00,0.00,23.37,12.56,3.78,
2026-07-30,12:43:14.920,0.16,2.64,0.06,0.70,2.74,35.51,3.39,0.64,0.76,0.0029,0.0003,5.69,5.12,66,12434.78,4710.41,3880.26,2.64,22.00,0.16,1.34,8.63,25.38,0.00,45.19,20.79,100.00,0.00,0.00,0.00,23.63,12.74,3.82,
2026-07-30,12:43:15.920,0.09,2.43,0.04,0.55,2.16,35.11,2.11,0.63,0.77,0.0049,0.0003,5.65,5.08,66,7215.76,2972.74,3879.07,2.43,20.23,0.09,0.77,6.93,26.28,0.00,46.27,20.52,100.00,0.00,0.00,0.00,19.30,8.49,3.78,
2026-07-30,12:43:16.920,0.16,2.65,0.06,0.69,2.69,37.49,3.50,0.63,0.76,0.0030,0.0003,5.80,5.16,67,12538.44,4737.51,3878.99,2.65,22.06,0.16,1.35,8.86,22.76,0.00,48.44,19.94,100.00,0.00,0.00,0.00,23.02,12.24,3.79,
2026-07-30,12:43:17.919,0.29,2.99,0.10,0.83,3.24,71.45,3.70,0.49,0.78,0.0031,0.0002,8.25,6.19,46,22844.04,7646.93,3877.50,2.99,24.89,0.29,2.45,11.88,26.32,0.00,44.38,17.42,100.00,0.00,0.00,0.00,31.46,20.44,3.80,
2026-07-30,12:43:18.919,0.17,2.45,0.07,0.75,2.93,61.18,5.69,0.52,0.72,0.0046,0.0004,7.85,5.75,67,13287.87,5422.56,3879.53,2.45,20.42,0.17,1.43,9.31,24.07,0.00,46.81,19.81,100.00,0.00,0.00,0.00,25.41,14.42,3.80,
2026-07-30,12:43:19.920,0.16,2.68,0.06,0.68,2.66,36.39,3.48,0.63,0.76,0.0029,0.0003,5.70,5.12,67,12417.02,4634.37,3881.64,2.68,22.33,0.16,1.33,8.74,25.28,0.00,45.74,20.23,100.00,0.00,0.00,0.00,23.27,12.41,3.85,
2026-07-30,12:43:20.920,0.09,2.42,0.04,0.55,2.16,36.05,2.13,0.63,0.77,0.0050,0.0003,5.69,5.13,67,7193.88,2973.18,3878.27,2.42,20.16,0.09,0.77,6.92,26.85,0.00,44.74,21.49,100.00,0.00,0.00,0.00,19.33,8.44,3.88,
2026-07-30,12:43:21.920,0.16,2.54,0.06,0.68,2.63,39.23,3.65,0.62,0.83,0.0031,0.0003,5.89,5.16,67,12670.00,4980.82,3877.15,2.54,21.20,0.16,1.36,9.51,30.07,0.00,40.46,19.95,100.00,0.00,0.00,0.00,23.69,12.79,3.87,
2026-07-30,12:43:22.919,0.16,2.61,0.06,0.68,2.66,39.55,3.62,0.62,0.81,0.0031,0.0003,5.94,5.22,66,12710.44,4877.65,3877.95,2.61,21.72,0.16,1.37,9.22,32.14,0.00,39.25,19.39,100.00,0.00,0.00,0.00,23.73,12.77,3.91,
2026-07-30,12:43:23.920,0.09,2.38,0.04,0.57,2.22,35.97,2.16,0.64,0.77,0.0050,0.0003,5.71,5.15,67,7183.63,3019.23,3881.67,2.38,19.83,0.09,0.77,6.84,20.02,0.00,53.57,19.58,100.00,0.00,0.00,0.00,19.65,8.71,3.91,
2026-07-30,12:43:24.921,0.16,2.65,0.06,0.72,2.80,36.47,3.44,0.63,0.71,0.0030,0.0003,5.74,5.10,66,12160.77,4582.70,3878.55,2.65,22.11,0.16,1.31,8.24,20.95,0.00,48.09,22.72,100.00,0.00,0.00,0.00,23.31,12.40,3.91,
2026-07-30,12:43:25.921,0.11,2.51,0.04,0.63,2.44,36.11,2.48,0.62,0.74,0.0042,0.0003,5.71,5.09,51,8638.74,3436.06,3881.05,2.51,20.95,0.11,0.93,7.07,20.99,0.00,47.38,24.55,100.00,0.00,0.00,0.00,20.57,9.61,3.94,
2026-07-30,12:43:26.921,0.15,2.56,0.06,0.73,2.84,36.39,3.29,0.64,0.70,0.0031,0.0003,5.72,5.12,67,11577.71,4516.95,3880.14,2.56,21.36,0.15,1.24,8.00,23.19,0.00,50.78,18.03,100.00,0.00,0.00,0.00,23.52,12.62,3.89,
2026-07-30,12:43:27.922,0.16,2.61,0.06,0.72,2.80,36.59,3.68,0.64,0.73,0.0029,0.0003,5.73,5.08,67,12582.36,4814.98,3881.40,2.61,21.78,0.16,1.35,8.64,23.26,0.00,51.95,16.15,100.00,0.00,0.00,0.00,23.77,12.85,3.91,
2026-07-30,12:43:28.923,0.17,2.55,0.07,0.54,2.12,41.38,3.40,0.64,0.73,0.0032,0.0003,6.07,5.30,60,13120.83,5136.55,3882.01,2.55,21.29,0.17,1.41,12.16,24.67,0.00,47.04,16.12,100.00,0.00,0.00,0.00,23.58,12.63,3.88,
2026-07-30,12:43:29.922,0.30,2.36,0.13,0.80,3.14,65.91,7.26,0.59,0.73,0.0029,0.0003,7.76,5.80,67,22991.44,9743.37,3874.70,2.36,19.66,0.30,2.47,15.62,23.16,0.00,45.97,15.25,100.00,0.00,0.00,0.00,32.39,21.29,3.93,
2026-07-30,12:43:30.926,0.17,2.72,0.06,0.71,2.76,37.24,3.39,0.63,0.72,0.0028,0.0003,5.78,5.14,67,13424.52,4941.44,3882.05,2.72,22.64,0.17,1.44,9.00,22.51,0.00,47.46,21.03,100.00,0.00,0.00,0.00,24.16,13.22,3.90,
2026-07-30,12:43:31.927,0.10,2.38,0.04,0.54,2.09,38.71,1.88,0.62,0.82,0.0052,0.0003,5.88,5.20,68,7401.42,3107.65,3877.25,2.38,19.85,0.10,0.80,7.46,22.48,0.00,50.65,19.41,100.00,0.00,0.00,0.00,19.41,8.47,3.91,
2026-07-30,12:43:32.925,0.25,2.35,0.11,0.85,3.31,52.56,3.59,0.55,0.81,0.0027,0.0002,6.97,5.59,53,19170.68,8158.49,3879.43,2.35,19.58,0.25,2.06,12.41,20.16,0.00,48.22,19.21,100.00,0.00,0.00,0.00,30.40,19.32,3.92,
2026-07-30,12:43:33.927,0.28,2.86,0.10,0.80,3.12,54.85,2.69,0.55,0.82,0.0025,0.0001,7.20,5.57,44,21654.33,7584.60,3875.10,2.86,23.79,0.28,2.33,12.21,26.89,0.00,43.30,17.60,100.00,0.00,0.00,0.00,29.87,18.75,3.90,
2026-07-30,12:43:34.926,0.40,2.34,0.17,0.96,3.76,87.64,8.44,0.52,0.76,0.0028,0.0003,9.77,6.32,51,31044.80,13250.06,3881.70,2.34,19.52,0.40,3.33,17.70,26.87,0.00,40.93,14.50,100.00,0.00,0.00,0.00,41.93,30.64,3.93,
2026-07-30,12:43:35.926,0.33,1.88,0.17,0.95,3.72,111.61,9.28,0.44,0.77,0.0044,0.0004,11.27,6.56,67,25431.48,13502.32,3876.56,1.88,15.70,0.33,2.73,18.25,28.77,0.00,39.30,13.68,100.00,0.00,0.00,0.00,39.28,27.90,3.93,
2026-07-30,12:43:36.925,0.09,2.42,0.04,0.56,2.20,33.76,1.80,0.63,0.81,0.0047,0.0003,5.52,5.03,66,7203.47,2972.01,3880.82,2.42,20.20,0.09,0.77,6.80,28.55,0.00,41.38,23.28,100.00,0.00,0.00,0.00,19.79,8.84,3.90,
2026-07-30,12:43:37.925,0.17,2.71,0.06,0.72,2.80,35.70,3.37,0.63,0.71,0.0027,0.0003,5.67,5.08,57,13288.92,4897.75,3877.57,2.71,22.61,0.17,1.43,8.79,25.20,0.00,44.18,21.83,100.00,0.00,0.00,0.00,24.37,13.37,3.96,
2026-07-30,12:43:38.925,0.17,2.73,0.06,0.71,2.76,34.48,3.27,0.63,0.72,0.0026,0.0002,5.57,5.03,60,13142.92,4810.78,3878.38,2.73,22.77,0.17,1.41,8.77,21.98,0.00,47.28,21.98,100.00,0.00,0.00,0.00,23.98,13.01,3.95,
2026-07-30,12:43:39.925,0.09,2.42,0.04,0.55,2.13,34.34,1.77,0.63,0.82,0.0048,0.0002,5.57,5.05,57,7193.60,2969.00,3882.27,2.42,20.19,0.09,0.77,7.00,24.20,0.00,46.62,22.18,100.00,0.00,0.00,0.00,19.52,8.54,3.93,
2026-07-30,12:43:40.925,0.17,2.72,0.06,0.70,2.74,34.57,3.35,0.64,0.71,0.0026,0.0003,5.60,5.06,57,13146.01,4839.06,3877.38,2.72,22.64,0.17,1.41,8.90,23.81,0.00,47.08,20.22,100.00,0.00,0.00,0.00,23.99,13.01,3.94,
2026-07-30,12:43:41.925,0.09,2.38,0.04,0.55,2.16,34.50,1.96,0.64,0.80,0.0048,0.0003,5.58,5.05,56,7201.63,3025.00,3879.12,2.38,19.84,0.09,0.77,7.04,19.30,0.00,56.58,17.07,100.00,0.00,0.00,0.00,19.63,8.58,4.01,
2026-07-30,12:43:42.925,0.17,2.67,0.06,0.70,2.75,38.29,3.83,0.63,0.66,0.0029,0.0003,5.87,5.13,54,13242.00,4960.26,3880.98,2.67,22.25,0.17,1.42,9.07,22.02,0.00,50.93,17.98,100.00,0.00,0.00,0.00,24.41,13.33,4.01,
2026-07-30,12:43:43.925,0.17,2.71,0.06,0.70,2.72,38.37,3.70,0.63,0.67,0.0029,0.0003,5.89,5.19,57,13122.23,4838.99,3878.64,2.71,22.60,0.17,1.41,8.96,24.38,0.00,47.71,18.95,100.00,0.00,0.00,0.00,24.08,12.99,4.03,
2026-07-30,12:43:44.930,0.10,2.39,0.04,0.55,2.16,37.72,2.25,0.63,0.77,0.0051,0.0003,5.85,5.17,57,7465.83,3120.93,3879.50,2.39,19.93,0.10,0.80,7.27,22.72,0.00,51.81,18.19,100.00,0.00,0.00,0.00,19.71,8.56,4.06,
2026-07-30,12:43:45.929,0.17,2.61,0.07,0.74,2.90,37.72,3.82,0.64,0.67,0.0028,0.0003,5.82,5.14,57,13396.69,5123.70,3876.89,2.61,21.79,0.17,1.44,8.89,21.38,0.00,54.34,15.39,100.00,0.00,0.00,0.00,24.94,13.89,4.01,
2026-07-30,12:43:46.924,0.17,2.66,0.06,0.70,2.74,38.93,3.69,0.63,0.69,0.0030,0.0003,5.94,5.20,52,13163.88,4953.96,3876.38,2.66,22.14,0.17,1.42,9.11,24.21,0.00,48.89,17.78,100.00,0.00,0.00,0.00,24.44,13.31,4.05,
2026-07-30,12:43:47.924,0.10,2.32,0.04,0.60,2.33,39.02,2.25,0.62,0.80,0.0051,0.0003,5.93,5.20,56,7708.91,3327.40,3877.29,2.32,19.31,0.10,0.83,7.19,24.68,0.00,49.42,18.71,100.00,0.00,0.00,0.00,20.38,9.22,4.10,
2026-07-30,12:43:48.929,0.32,2.95,0.11,0.88,3.45,73.19,4.45,0.50,0.72,0.0029,0.0002,8.43,6.23,43,24829.13,8428.80,3879.08,2.95,24.55,0.32,2.67,12.28,24.12,0.00,49.07,14.53,100.00,0.00,0.00,0.00,34.05,22.66,4.12,
2026-07-30,12:43:49.924,0.16,2.45,0.06,0.74,2.88,63.52,5.12,0.53,0.72,0.0052,0.0004,8.10,5.90,53,12277.88,5015.56,3879.69,2.45,20.40,0.16,1.32,8.75,20.55,0.00,56.10,14.60,100.00,0.00,0.00,0.00,25.22,13.84,4.16,
2026-07-30,12:43:50.928,0.16,2.68,0.06,0.71,2.75,36.75,3.52,0.64,0.75,0.0029,0.0003,5.79,5.16,61,12466.19,4650.62,3878.40,2.68,22.34,0.16,1.34,8.49,23.88,0.00,48.93,18.71,100.00,0.00,0.00,0.00,23.60,12.24,4.29,
2026-07-30,12:43:51.929,0.36,2.94,0.12,0.79,3.09,59.84,4.82,0.56,0.82,0.0021,0.0002,7.37,5.54,56,27877.35,9470.22,3877.64,2.94,24.53,0.36,3.00,15.39,33.80,0.00,38.27,12.54,100.00,0.00,0.00,0.00,32.76,21.28,4.26,
2026-07-30,12:43:52.929,0.20,2.64,0.08,0.52,2.04,43.02,3.58,0.65,0.78,0.0028,0.0002,6.36,5.40,62,15521.98,5881.12,3879.55,2.64,21.99,0.20,1.67,14.49,24.84,0.00,51.78,8.89,100.00,0.00,0.00,0.00,24.59,13.19,4.32,
2026-07-30,12:43:53.928,0.19,2.49,0.08,0.73,2.84,45.18,4.03,0.60,0.74,0.0031,0.0003,6.44,5.38,65,14613.20,5864.32,3883.46,2.49,20.77,0.19,1.57,10.37,23.61,0.00,51.56,14.46,100.00,0.00,0.00,0.00,25.91,14.34,4.43,
2026-07-30,12:43:54.928,0.13,2.50,0.05,0.68,2.67,37.23,3.19,0.63,0.65,0.0036,0.0003,5.98,5.24,49,10240.78,4088.63,3876.11,2.50,20.87,0.13,1.10,7.71,18.82,0.00,57.72,15.75,100.00,0.00,0.00,0.00,22.66,11.22,4.37,
2026-07-30,12:43:55.928,0.13,2.54,0.05,0.68,2.66,35.44,2.85,0.63,0.70,0.0036,0.0003,5.80,5.17,65,9845.21,3882.70,3878.16,2.54,21.13,0.13,1.06,7.35,20.64,0.00,53.26,18.75,100.00,0.00,0.00,0.00,22.23,10.83,4.36,
2026-07-30,12:43:56.928,0.29,3.10,0.09,0.82,3.20,50.37,3.99,0.56,0.75,0.0022,0.0002,6.88,5.43,54,22801.83,7349.38,3882.43,3.10,25.85,0.29,2.45,11.55,20.98,0.00,51.82,15.65,100.00,0.00,0.00,0.00,29.61,18.04,4.39,
2026-07-30,12:43:57.928,0.10,2.42,0.04,0.57,2.21,37.83,2.15,0.61,0.78,0.0051,0.0003,5.91,5.20,67,7389.19,3058.47,3878.47,2.42,20.13,0.10,0.79,6.95,17.57,0.00,53.62,21.86,100.00,0.00,0.00,0.00,19.94,8.55,4.34,
2026-07-30,12:43:58.928,0.17,2.65,0.07,0.70,2.71,42.84,3.68,0.61,0.74,0.0032,0.0003,6.12,5.28,66,13480.53,5094.49,3877.32,2.65,22.05,0.17,1.45,9.45,20.11,0.00,50.53,19.90,100.00,0.00,0.00,0.00,24.72,13.28,4.36,
2026-07-30,12:43:59.927,0.17,2.73,0.06,0.70,2.73,38.02,3.67,0.64,0.63,0.0029,0.0003,5.83,5.14,66,12976.25,4750.37,3880.12,2.73,22.76,0.17,1.39,8.73,21.49,0.00,51.45,18.32,100.00,0.00,0.00,0.00,24.29,12.86,4.37,
2026-07-30,12:44:00.927,0.09,2.38,0.04,0.56,2.17,37.45,2.27,0.64,0.76,0.0052,0.0003,5.82,5.16,67,7178.61,3017.20,3881.76,2.38,19.83,0.09,0.77,6.97,20.31,0.00,57.33,15.38,100.00,0.00,0.00,0.00,19.89,8.52,4.30,
2026-07-30,12:44:01.928,0.17,2.78,0.06,0.69,2.68,38.57,3.71,0.63,0.68,0.0029,0.0003,5.89,5.20,67,13286.28,4772.86,3879.01,2.78,23.20,0.17,1.43,8.96,22.96,0.00,49.41,18.66,100.00,0.00,0.00,0.00,24.19,12.80,4.30,
2026-07-30,12:44:02.930,0.22,3.27,0.07,0.70,2.73,49.05,2.55,0.57,0.78,0.0028,0.0001,6.66,5.33,55,17295.02,5294.00,3883.06,3.27,27.22,0.22,1.86,9.73,23.58,0.00,49.86,16.84,100.00,0.00,0.00,0.00,24.97,13.44,4.36,
2026-07-30,12:44:03.930,0.16,2.72,0.06,0.68,2.67,37.80,3.51,0.63,0.76,0.0030,0.0003,5.82,5.13,67,12476.68,4583.87,3877.61,2.72,22.68,0.16,1.34,8.65,24.26,0.00,47.65,19.44,100.00,0.00,0.00,0.00,23.50,12.04,4.40,
2026-07-30,12:44:04.928,0.15,2.72,0.06,0.67,2.62,36.86,3.35,0.63,0.80,0.0031,0.0003,5.74,5.11,67,11984.50,4406.06,3878.78,2.72,22.67,0.15,1.29,8.46,24.64,0.00,47.32,19.58,100.00,0.00,0.00,0.00,22.83,11.39,4.41,
2026-07-30,12:44:05.928,0.09,2.49,0.04,0.53,2.09,34.88,2.20,0.64,0.75,0.0048,0.0003,5.76,5.14,67,7192.26,2892.66,3877.05,2.49,20.72,0.09,0.77,6.98,21.94,0.00,51.57,19.52,100.00,0.00,0.00,0.00,19.68,8.24,4.41,
2026-07-30,12:44:06.929,0.16,2.72,0.06,0.66,2.59,34.70,3.31,0.64,0.74,0.0028,0.0003,5.86,5.17,67,12456.55,4578.02,3877.25,2.72,22.67,0.16,1.34,8.91,17.16,0.00,56.95,16.99,100.00,0.00,0.00,0.00,23.41,12.02,4.36,
2026-07-30,12:44:07.929,0.17,2.70,0.06,0.69,2.68,34.93,3.48,0.64,0.66,0.0027,0.0003,5.84,5.13,66,13093.04,4852.53,3878.83,2.70,22.48,0.17,1.41,9.11,16.28,0.00,60.78,13.83,100.00,0.00,0.00,0.00,24.07,12.98,4.07,
2026-07-30,12:44:08.929,0.23,3.16,0.07,0.70,2.71,49.47,2.42,0.56,0.80,0.0028,0.0001,6.77,5.34,67,17473.52,5536.65,3878.38,3.16,26.30,0.23,1.88,10.26,25.56,0.00,48.00,16.18,100.00,0.00,0.00,0.00,24.77,13.67,3.95,
2026-07-30,12:44:09.929,0.20,2.40,0.08,0.76,2.98,50.04,4.57,0.59,0.76,0.0032,0.0003,6.55,5.16,66,15521.94,6470.87,3877.10,2.40,19.99,0.20,1.67,10.93,21.59,0.00,49.62,17.85,100.00,0.00,0.00,0.00,25.90,14.90,3.94,
2026-07-30,12:44:10.928,0.10,2.44,0.04,0.55,2.15,36.77,1.89,0.62,0.82,0.0047,0.0002,5.74,5.08,67,7744.32,3174.11,3879.46,2.44,20.33,0.10,0.83,7.41,22.85,0.00,48.48,21.26,100.00,0.00,0.00,0.00,19.84,8.91,3.94,
2026-07-30,12:44:11.928,0.18,2.74,0.06,0.69,2.68,37.37,3.32,0.63,0.72,0.0027,0.0002,5.76,5.07,67,13610.04,4966.27,3880.03,2.74,22.84,0.18,1.46,9.31,20.31,0.00,52.83,17.55,100.00,0.00,0.00,0.00,24.08,13.17,3.91,
2026-07-30,12:44:12.929,0.17,2.72,0.06,0.68,2.64,37.03,3.16,0.63,0.72,0.0029,0.0002,5.73,5.06,67,12906.83,4747.55,3877.43,2.72,22.66,0.17,1.39,9.03,20.23,0.00,49.95,20.80,100.00,0.00,0.00,0.00,23.62,12.63,3.98,
2026-07-30,12:44:13.928,0.10,2.45,0.04,0.53,2.07,35.93,1.79,0.63,0.82,0.0048,0.0002,5.64,5.02,67,7556.83,3082.37,3878.47,2.45,20.43,0.10,0.81,7.48,20.36,0.00,52.69,19.47,100.00,0.00,0.00,0.00,19.41,8.45,3.97,
2026-07-30,12:44:14.929,0.17,2.69,0.06,0.67,2.61,39.91,3.35,0.62,0.72,0.0030,0.0002,5.97,5.14,66,13403.69,4983.96,3881.30,2.69,22.41,0.17,1.44,9.61,23.32,0.00,48.42,18.65,100.00,0.00,0.00,0.00,24.30,13.33,3.95,
2026-07-30,12:44:15.929,0.19,2.69,0.07,0.74,2.89,40.51,4.02,0.63,0.67,0.0028,0.0003,5.99,5.15,67,14543.69,5407.93,3881.11,2.69,22.41,0.19,1.56,9.40,23.74,0.00,50.38,16.48,100.00,0.00,0.00,0.00,25.46,14.51,3.94,
2026-07-30,12:44:16.929,0.14,2.49,0.05,0.53,2.07,41.33,2.87,0.63,0.76,0.0039,0.0003,6.04,5.19,67,10596.79,4257.29,3878.69,2.49,20.74,0.14,1.14,10.35,23.15,0.00,50.34,16.16,100.00,0.00,0.00,0.00,21.29,10.37,3.94,
2026-07-30,12:44:17.930,0.27,2.79,0.10,0.62,2.41,46.83,5.16,0.63,0.68,0.0022,0.0002,6.46,5.36,67,20916.49,7489.90,3881.20,2.79,23.27,0.27,2.25,15.62,23.35,0.00,49.80,11.23,100.00,0.00,0.00,0.00,28.44,17.49,3.93,
2026-07-30,12:44:18.931,0.15,2.78,0.05,0.64,2.48,43.99,2.52,0.60,0.77,0.0038,0.0002,6.28,5.24,46,11649.76,4189.80,3881.92,2.78,23.17,0.15,1.25,8.49,21.00,0.00,55.26,15.25,100.00,0.00,0.00,0.00,21.78,10.78,3.96,
2026-07-30,12:44:19.931,0.38,3.15,0.12,0.91,3.55,75.82,4.75,0.48,0.71,0.0026,0.0002,8.63,6.18,44,29691.42,9428.96,3876.15,3.15,26.24,0.38,3.19,13.35,32.05,0.00,40.00,14.60,100.00,0.00,0.00,0.00,36.33,25.15,3.91,
2026-07-30,12:44:20.930,0.26,2.72,0.10,0.83,3.24,66.98,6.93,0.52,0.69,0.0033,0.0003,8.32,5.98,67,20042.20,7369.10,3878.86,2.72,22.66,0.26,2.15,11.45,24.83,0.00,46.18,17.54,100.00,0.00,0.00,0.00,30.61,19.49,3.92,
2026-07-30,12:44:21.931,0.10,2.29,0.04,0.53,2.07,40.79,2.42,0.62,0.84,0.0052,0.0003,6.03,5.22,68,7905.16,3448.92,3880.79,2.29,19.10,0.10,0.85,8.37,27.07,0.00,49.46,15.11,100.00,0.00,0.00,0.00,20.12,9.14,3.94,
2026-07-30,12:44:22.935,0.17,2.69,0.06,0.68,2.67,38.20,3.80,0.63,0.76,0.0028,0.0003,5.82,5.12,68,13446.74,4999.24,3881.57,2.69,22.41,0.17,1.44,9.42,27.68,0.00,45.64,17.27,100.00,0.00,0.00,0.00,24.19,13.20,3.97,
2026-07-30,12:44:23.935,0.16,2.69,0.06,0.67,2.63,37.00,3.45,0.64,0.76,0.0030,0.0003,5.76,5.11,66,12181.10,4528.51,3878.88,2.69,22.42,0.16,1.31,8.65,21.32,0.00,51.80,18.23,100.00,0.00,0.00,0.00,22.82,11.85,3.99,
2026-07-30,12:44:24.935,0.22,3.40,0.06,0.69,2.68,44.65,2.64,0.60,0.76,0.0026,0.0002,6.37,5.20,60,17127.78,5040.34,3881.58,3.40,28.32,0.22,1.84,9.46,26.22,0.00,48.78,15.55,100.00,0.00,0.00,0.00,24.30,13.16,4.04,
2026-07-30,12:44:25.935,0.15,2.71,0.06,0.65,2.55,36.68,3.29,0.64,0.77,0.0031,0.0003,5.72,5.07,57,12000.82,4420.67,3881.96,2.71,22.62,0.15,1.29,8.71,18.98,0.00,52.19,20.12,100.00,0.00,0.00,0.00,22.38,11.39,4.01,
2026-07-30,12:44:26.935,0.11,2.13,0.05,0.56,2.18,47.56,2.28,0.60,0.89,0.0055,0.0003,6.45,5.38,56,8588.81,4031.80,3878.33,2.13,17.75,0.11,0.92,9.28,22.41,0.00,50.19,18.12,100.00,0.00,0.00,0.00,20.53,9.53,3.94,
2026-07-30,12:44:27.935,0.20,2.23,0.09,0.73,2.86,58.73,4.75,0.58,0.83,0.0037,0.0003,7.17,5.46,56,15872.09,7110.83,3881.51,2.23,18.60,0.20,1.70,12.51,20.75,0.00,49.96,16.79,100.00,0.00,0.00,0.00,26.26,15.14,4.01,
2026-07-30,12:44:28.936,0.18,2.69,0.07,0.66,2.57,39.27,3.73,0.63,0.73,0.0029,0.0003,5.93,5.15,57,13725.97,5095.57,3881.33,2.69,22.45,0.18,1.47,9.97,18.05,0.00,57.37,14.60,100.00,0.00,0.00,0.00,23.93,12.93,3.98,
2026-07-30,12:44:29.940,0.10,2.38,0.04,0.52,2.01,39.79,2.08,0.60,0.83,0.0050,0.0003,5.97,5.17,61,7961.52,3340.20,3879.42,2.38,19.86,0.10,0.86,8.34,23.16,0.00,50.10,18.40,100.00,0.00,0.00,0.00,19.70,8.76,3.93,
2026-07-30,12:44:30.940,0.16,2.65,0.06,0.66,2.57,39.71,3.60,0.62,0.77,0.0031,0.0003,6.00,5.21,63,12792.66,4835.11,3880.25,2.65,22.05,0.16,1.37,9.45,24.59,0.00,48.21,17.76,100.00,0.00,0.00,0.00,23.45,12.51,3.91,
2026-07-30,12:44:31.940,0.17,2.69,0.06,0.69,2.68,38.90,3.69,0.63,0.75,0.0030,0.0003,5.93,5.16,63,13147.05,4878.99,3879.48,2.69,22.46,0.17,1.41,9.15,21.67,0.00,50.84,18.34,100.00,0.00,0.00,0.00,23.42,12.55,3.88,
2026-07-30,12:44:32.940,0.10,2.44,0.04,0.53,2.05,37.63,2.19,0.63,0.79,0.0051,0.0003,5.85,5.17,66,7405.22,3033.39,3881.21,2.44,20.34,0.10,0.79,7.42,20.54,0.00,51.51,20.53,100.00,0.00,0.00,0.00,19.11,8.25,3.85,
2026-07-30,12:44:33.940,0.16,2.69,0.06,0.67,2.62,37.75,3.46,0.63,0.76,0.0031,0.0003,5.86,5.18,66,12341.25,4593.64,3881.95,2.69,22.39,0.16,1.32,8.80,22.53,0.00,48.80,19.87,100.00,0.00,0.00,0.00,23.08,12.18,3.86,
2026-07-30,12:44:34.939,0.12,2.55,0.05,0.60,2.35,41.53,2.51,0.60,0.76,0.0044,0.0003,6.13,5.20,46,9344.43,3666.47,3879.89,2.55,21.24,0.12,1.00,7.83,24.85,0.00,48.55,18.77,100.00,0.00,0.00,0.00,20.60,9.60,3.93,
2026-07-30,12:44:35.939,0.27,3.35,0.08,0.77,3.01,41.44,3.76,0.61,0.64,0.0019,0.0002,6.19,5.17,67,21307.02,6369.23,3880.18,3.35,27.88,0.27,2.29,10.63,26.07,0.00,45.32,17.99,100.00,0.00,0.00,0.00,28.40,17.35,3.97,
2026-07-30,12:44:36.939,0.20,2.75,0.07,0.65,2.54,37.69,4.18,0.64,0.70,0.0024,0.0003,5.82,5.11,60,15416.02,5614.17,3877.56,2.75,22.88,0.20,1.66,11.10,27.73,0.00,43.24,17.94,100.00,0.00,0.00,0.00,25.29,14.39,3.87,
2026-07-30,12:44:37.939,0.20,2.63,0.08,0.53,2.05,44.25,4.00,0.65,0.74,0.0028,0.0003,6.26,5.35,67,15859.42,6025.77,3880.37,2.63,21.93,0.20,1.70,14.78,26.80,0.00,46.21,12.21,100.00,0.00,0.00,0.00,24.67,13.74,3.85,
2026-07-30,12:44:38.939,0.16,2.62,0.06,0.70,2.74,37.73,3.68,0.64,0.74,0.0030,0.0003,5.91,5.18,67,12547.04,4789.08,3876.62,2.62,21.83,0.16,1.35,8.79,17.19,0.00,59.46,14.55,100.00,0.00,0.00,0.00,23.56,12.59,3.93,
2026-07-30,12:44:39.939,0.14,2.62,0.05,0.64,2.48,37.43,3.19,0.64,0.76,0.0034,0.0003,5.81,5.14,50,10886.38,4152.61,3877.09,2.62,21.85,0.14,1.17,8.43,21.22,0.00,53.05,17.30,100.00,0.00,0.00,0.00,21.85,10.90,3.93,
2026-07-30,12:44:40.940,0.12,2.46,0.05,0.56,2.20,35.05,2.30,0.64,0.77,0.0039,0.0003,5.92,5.20,67,8933.52,3628.53,3879.21,2.46,20.52,0.12,0.96,8.29,19.58,0.00,57.19,14.94,100.00,0.00,0.00,0.00,20.85,9.98,3.84,
2026-07-30,12:44:41.939,0.17,2.64,0.06,0.67,2.61,36.10,3.41,0.64,0.70,0.0027,0.0003,5.84,5.09,67,13181.23,4999.59,3877.87,2.64,21.97,0.17,1.42,9.62,16.46,0.00,60.41,13.52,100.00,0.00,0.00,0.00,24.34,13.46,3.86,
2026-07-30,12:44:42.939,0.09,2.33,0.04,0.53,2.05,36.03,1.79,0.63,0.82,0.0050,0.0002,5.86,5.14,67,7240.55,3102.58,3879.30,2.33,19.45,0.09,0.78,7.60,20.96,0.00,52.49,18.96,100.00,0.00,0.00,0.00,19.45,8.62,3.79,
2026-07-30,12:44:43.939,0.17,2.66,0.06,0.69,2.68,36.58,3.31,0.63,0.72,0.0028,0.0003,5.91,5.16,67,13204.69,4958.01,3877.84,2.66,22.19,0.17,1.42,9.30,24.26,0.00,46.56,19.88,100.00,0.00,0.00,0.00,24.09,13.21,3.84,
2026-07-30,12:44:44.939,0.17,2.65,0.06,0.70,2.72,37.91,3.52,0.63,0.69,0.0029,0.0003,6.03,5.24,67,13266.16,5002.92,3878.12,2.65,22.10,0.17,1.43,9.24,26.19,0.00,45.38,19.20,100.00,0.00,0.00,0.00,24.45,13.57,3.83,
2026-07-30,12:44:45.939,0.09,2.31,0.04,0.56,2.18,37.17,2.17,0.63,0.78,0.0051,0.0003,5.92,5.24,67,7299.47,3153.18,3879.16,2.31,19.29,0.09,0.78,7.27,23.35,0.00,48.76,20.62,100.00,0.00,0.00,0.00,19.80,8.90,3.85,
2026-07-30,12:44:46.939,0.17,2.60,0.07,0.72,2.80,39.94,3.75,0.62,0.69,0.0030,0.0003,6.11,5.28,67,13473.20,5172.41,3877.56,2.60,21.71,0.17,1.45,9.30,22.66,0.00,49.13,18.90,100.00,0.00,0.00,0.00,24.82,13.93,3.84,
2026-07-30,12:44:47.939,0.10,2.33,0.04,0.56,2.20,38.23,2.54,0.63,0.76,0.0047,0.0003,5.94,5.26,52,8080.79,3461.59,3877.41,2.33,19.45,0.10,0.87,7.91,20.30,0.00,58.97,12.82,100.00,0.00,0.00,0.00,20.28,9.41,3.82,
2026-07-30,12:44:48.939,0.15,2.58,0.06,0.67,2.63,38.14,3.41,0.64,0.77,0.0032,0.0003,5.94,5.31,66,11965.82,4645.64,3880.49,2.58,21.46,0.15,1.29,8.88,20.51,0.00,56.41,14.21,100.00,0.00,0.00,0.00,23.19,12.28,3.85,
2026-07-30,12:44:49.940,0.29,3.26,0.09,0.79,3.07,46.48,4.00,0.60,0.74,0.0021,0.0002,6.58,5.38,67,22606.47,6932.77,3881.51,3.26,27.17,0.29,2.43,11.34,23.60,0.00,51.86,13.20,100.00,0.00,0.00,0.00,28.58,17.61,3.84,
2026-07-30,12:44:50.940,0.22,2.75,0.08,0.76,2.97,70.08,2.92,0.49,0.79,0.0041,0.0002,8.25,6.20,46,17162.79,6230.10,3880.14,2.75,22.96,0.22,1.84,10.55,28.47,0.00,43.49,17.49,100.00,0.00,0.00,0.00,27.43,16.32,3.87,
2026-07-30,12:44:51.940,0.27,2.64,0.10,0.83,3.22,68.79,6.77,0.51,0.79,0.0032,0.0003,8.49,6.01,67,21225.88,8026.68,3877.05,2.64,22.04,0.27,2.28,12.53,30.03,0.00,42.68,14.76,100.00,0.00,0.00,0.00,31.13,20.06,3.83,
2026-07-30,12:44:52.939,0.17,2.54,0.07,0.67,2.63,38.25,3.25,0.63,0.80,0.0029,0.0003,5.93,5.20,66,12973.71,5101.95,3876.91,2.54,21.19,0.17,1.39,9.76,23.90,0.00,50.50,15.85,100.00,0.00,0.00,0.00,24.12,13.20,3.88,
2026-07-30,12:44:53.940,0.09,2.33,0.04,0.54,2.12,37.37,1.86,0.62,0.81,0.0052,0.0003,5.90,5.21,67,7228.83,3107.64,3878.59,2.33,19.38,0.09,0.78,7.36,19.96,0.00,50.56,22.12,100.00,0.00,0.00,0.00,19.46,8.59,3.83,
2026-07-30,12:44:54.940,0.17,2.65,0.06,0.71,2.76,36.94,3.64,0.64,0.67,0.0028,0.0003,5.86,5.17,67,12992.18,4902.83,3881.41,2.65,22.08,0.17,1.39,8.94,21.23,0.00,50.89,18.95,100.00,0.00,0.00,0.00,23.98,13.09,3.85,
2026-07-30,12:44:55.940,0.09,2.32,0.04,0.56,2.18,37.15,2.12,0.63,0.78,0.0051,0.0003,5.92,5.19,68,7249.11,3119.90,3878.03,2.32,19.36,0.09,0.78,7.18,21.49,0.00,49.35,21.98,100.00,0.00,0.00,0.00,19.63,8.72,3.89,
2026-07-30,12:44:56.940,0.17,2.68,0.06,0.69,2.70,36.82,3.70,0.64,0.67,0.0028,0.0003,5.88,5.15,67,13139.08,4906.29,3877.28,2.68,22.32,0.17,1.41,9.13,24.26,0.00,48.18,18.43,100.00,0.00,0.00,0.00,24.19,13.29,3.87,
2026-07-30,12:44:57.940,0.29,2.76,0.10,0.59,2.31,48.31,4.95,0.64,0.73,0.0022,0.0002,6.66,5.48,63,22404.76,8118.25,3877.80,2.76,23.00,0.29,2.41,17.67,27.52,0.00,43.12,11.70,100.00,0.00,0.00,0.00,28.75,17.86,3.81,
2026-07-30,12:44:58.940,0.10,2.30,0.04,0.57,2.23,39.47,2.37,0.62,0.79,0.0050,0.0003,6.07,5.23,68,7870.96,3422.40,3881.81,2.30,19.17,0.10,0.84,7.73,19.70,0.00,53.25,19.32,100.00,0.00,0.00,0.00,20.10,9.22,3.84,
2026-07-30,12:44:59.940,0.20,2.29,0.09,0.77,3.02,51.51,4.41,0.59,0.81,0.0034,0.0003,6.80,5.30,67,15332.02,6708.56,3877.57,2.29,19.05,0.20,1.65,11.16,21.69,0.00,50.60,16.55,100.00,0.00,0.00,0.00,26.46,15.53,3.82,
2026-07-30,12:45:00.940,0.18,2.63,0.07,0.71,2.77,38.79,3.73,0.63,0.71,0.0028,0.0003,6.00,5.18,67,13785.04,5246.08,3877.85,2.63,21.90,0.18,1.48,9.52,25.30,0.00,46.13,19.05,100.00,0.00,0.00,0.00,24.89,13.96,3.88,
2026-07-30,12:45:01.941,0.10,2.30,0.04,0.56,2.19,37.56,2.16,0.62,0.78,0.0051,0.0003,5.97,5.20,67,7389.64,3211.60,3881.09,2.30,19.17,0.10,0.79,7.37,22.96,0.00,48.64,21.03,100.00,0.00,0.00,0.00,20.04,9.14,3.84,
2026-07-30,12:45:02.941,0.16,2.68,0.06,0.70,2.73,35.73,3.53,0.64,0.68,0.0028,0.0003,5.73,5.10,68,12743.54,4763.80,3879.56,2.68,22.29,0.16,1.37,8.77,22.58,0.00,48.87,19.78,100.00,0.00,0.00,0.00,23.73,12.89,3.81,
2026-07-30,12:45:03.941,0.22,3.30,0.07,0.73,2.84,47.34,2.85,0.57,0.75,0.0027,0.0002,6.76,5.32,68,17381.24,5268.45,3878.12,3.30,27.49,0.22,1.87,9.33,28.70,0.00,44.56,17.41,100.00,0.00,0.00,0.00,25.30,14.33,3.83,
2026-07-30,12:45:04.942,0.17,2.67,0.06,0.72,2.80,36.62,3.68,0.64,0.67,0.0028,0.0003,5.80,5.15,67,13178.78,4931.72,3880.51,2.67,22.27,0.17,1.41,8.83,22.95,0.00,49.40,18.82,100.00,0.00,0.00,0.00,24.27,13.41,3.81,
2026-07-30,12:45:05.945,0.17,2.66,0.06,0.68,2.67,37.40,3.53,0.63,0.71,0.0029,0.0003,5.80,5.14,62,12832.71,4821.28,3882.14,2.66,22.18,0.17,1.38,9.08,24.52,0.00,47.53,18.86,100.00,0.00,0.00,0.00,23.69,12.83,3.81,
2026-07-30,12:45:06.945,0.10,2.26,0.04,0.57,2.22,39.16,2.44,0.62,0.77,0.0052,0.0003,5.93,5.15,67,7569.79,3350.91,3878.20,2.26,18.83,0.10,0.81,7.60,24.85,0.00,46.94,20.62,100.00,0.00,0.00,0.00,19.81,9.01,3.77,
2026-07-30,12:45:07.945,0.17,2.66,0.07,0.73,2.84,39.32,3.77,0.62,0.69,0.0029,0.0003,5.93,5.24,57,13532.10,5087.26,3881.52,2.66,22.17,0.17,1.45,9.01,22.61,0.00,48.69,19.68,100.00,0.00,0.00,0.00,24.56,13.75,3.77,
2026-07-30,12:45:08.945,0.17,2.66,0.06,0.71,2.76,38.65,3.68,0.62,0.69,0.0029,0.0003,5.86,5.18,56,13192.18,4956.13,3881.86,2.66,22.18,0.17,1.42,9.01,23.59,0.00,48.12,19.28,100.00,0.00,0.00,0.00,24.35,13.50,3.80,
2026-07-30,12:45:09.945,0.09,2.37,0.04,0.56,2.17,36.74,2.26,0.63,0.77,0.0051,0.0003,5.74,5.12,54,7255.54,3057.22,3877.04,2.37,19.78,0.09,0.78,7.07,22.75,0.00,50.87,19.32,100.00,0.00,0.00,0.00,19.35,8.53,3.80,
2026-07-30,12:45:10.945,0.18,2.65,0.07,0.70,2.73,40.25,3.83,0.62,0.68,0.0029,0.0003,6.08,5.26,57,13776.24,5197.46,3878.23,2.65,22.09,0.18,1.48,9.58,25.35,0.00,48.62,16.45,100.00,0.00,0.00,0.00,24.60,13.71,3.82,
2026-07-30,12:45:11.945,0.10,2.32,0.04,0.54,2.12,39.24,2.44,0.63,0.73,0.0053,0.0003,5.93,5.20,56,7418.62,3192.77,3879.73,2.32,19.36,0.10,0.80,7.58,23.69,0.00,53.05,15.68,100.00,0.00,0.00,0.00,19.60,8.73,3.82,
2026-07-30,12:45:12.945,0.17,2.69,0.06,0.70,2.74,39.39,3.82,0.63,0.66,0.0029,0.0003,5.93,5.20,57,13425.62,4998.20,3880.99,2.69,22.38,0.17,1.44,9.15,26.94,0.00,45.50,18.41,100.00,0.00,0.00,0.00,24.41,13.55,3.83,
2026-07-30,12:45:13.950,0.17,2.65,0.06,0.68,2.67,39.62,3.81,0.64,0.76,0.0030,0.0003,5.96,5.21,60,13193.13,4983.98,3880.15,2.65,22.06,0.17,1.42,9.40,26.49,0.00,47.14,16.98,100.00,0.00,0.00,0.00,23.64,12.75,3.85,
2026-07-30,12:45:14.950,0.10,2.36,0.04,0.54,2.10,41.99,2.42,0.60,0.79,0.0052,0.0003,6.13,5.20,61,8066.94,3423.79,3880.17,2.36,19.63,0.10,0.87,8.19,27.02,0.00,44.58,20.20,100.00,0.00,0.00,0.00,19.84,8.89,3.88,
2026-07-30,12:45:15.950,0.17,2.67,0.06,0.68,2.64,38.46,3.60,0.63,0.76,0.0029,0.0003,5.88,5.16,65,13096.91,4902.71,3880.08,2.67,22.26,0.17,1.41,9.35,26.77,0.00,45.42,18.45,100.00,0.00,0.00,0.00,23.88,12.92,3.92,
2026-07-30,12:45:16.950,0.30,3.34,0.09,0.80,3.11,44.90,4.22,0.59,0.65,0.0019,0.0002,6.58,5.27,62,23591.75,7072.34,3876.44,3.34,27.80,0.30,2.54,11.43,19.70,0.00,53.06,15.81,100.00,0.00,0.00,0.00,28.98,17.92,3.94,
2026-07-30,12:45:17.950,0.09,2.31,0.04,0.57,2.21,34.17,2.28,0.65,0.73,0.0047,0.0003,5.80,5.14,62,7228.66,3124.09,3878.33,2.31,19.28,0.09,0.78,7.12,16.07,0.00,63.49,13.33,100.00,0.00,0.00,0.00,19.93,8.99,3.95,
2026-07-30,12:45:18.949,0.29,2.75,0.11,0.65,2.52,44.77,5.52,0.65,0.73,0.0020,0.0002,6.39,5.43,62,22555.48,8203.09,3881.89,2.75,22.91,0.29,2.42,16.37,26.52,0.00,46.85,10.26,100.00,0.00,0.00,0.00,30.02,18.96,3.92,
2026-07-30,12:45:19.949,0.13,2.42,0.05,0.57,2.22,38.44,2.70,0.64,0.72,0.0040,0.0003,6.01,5.25,66,9719.00,4019.68,3880.19,2.42,20.15,0.13,1.04,9.11,18.24,0.00,58.86,13.80,100.00,0.00,0.00,0.00,21.35,10.37,3.95,
2026-07-30,12:45:20.949,0.16,2.59,0.06,0.73,2.83,35.45,3.27,0.63,0.75,0.0028,0.0003,5.82,5.17,66,12688.25,4891.62,3879.11,2.59,21.62,0.16,1.36,8.69,19.16,0.00,53.17,18.97,100.00,0.00,0.00,0.00,23.90,12.99,3.92,
2026-07-30,12:45:21.949,0.26,2.61,0.10,0.79,3.10,69.52,3.95,0.49,0.85,0.0035,0.0002,8.21,6.09,43,19798.70,7595.22,3880.30,2.61,21.72,0.26,2.13,12.31,26.15,0.00,48.58,12.96,100.00,0.00,0.00,0.00,30.15,18.91,4.02,
2026-07-30,12:45:22.949,0.22,2.73,0.08,0.76,2.96,67.33,5.57,0.51,0.76,0.0039,0.0003,8.51,6.08,67,17302.78,6329.29,3879.88,2.73,22.78,0.22,1.86,10.74,25.57,0.00,48.51,15.18,100.00,0.00,0.00,0.00,28.47,17.28,3.95,
2026-07-30,12:45:23.949,0.15,2.56,0.06,0.70,2.74,38.24,3.37,0.64,0.81,0.0032,0.0003,5.89,5.18,67,12012.83,4684.88,3881.10,2.56,21.37,0.15,1.29,8.58,21.05,0.00,50.49,19.89,100.00,0.00,0.00,0.00,23.00,12.10,3.89,
2026-07-30,12:45:24.950,0.15,2.50,0.06,0.73,2.83,38.72,3.42,0.64,0.76,0.0032,0.0003,5.90,5.16,49,11967.89,4777.92,3881.55,2.50,20.87,0.15,1.28,8.47,22.18,0.00,50.82,18.52,100.00,0.00,0.00,0.00,23.66,12.79,3.86,
2026-07-30,12:45:25.950,0.10,2.23,0.04,0.63,2.47,35.14,2.25,0.64,0.74,0.0047,0.0003,5.87,5.19,66,7456.63,3350.54,3879.60,2.23,18.55,0.10,0.80,6.81,22.72,0.00,51.40,19.07,100.00,0.00,0.00,0.00,20.79,9.84,3.92,
2026-07-30,12:45:26.951,0.16,2.37,0.07,0.76,2.98,39.01,3.99,0.63,0.79,0.0031,0.0003,6.13,5.21,63,12699.63,5353.12,3885.00,2.37,19.77,0.16,1.36,9.03,21.04,0.00,52.96,16.98,100.00,0.00,0.00,0.00,24.31,13.39,3.86,
2026-07-30,12:45:27.952,0.11,2.04,0.05,0.69,2.68,41.40,2.98,0.62,0.76,0.0050,0.0004,6.24,5.15,67,8333.77,4076.52,3881.15,2.04,17.04,0.11,0.89,7.64,19.02,0.00,56.71,16.63,100.00,0.00,0.00,0.00,21.46,10.55,3.85,
2026-07-30,12:45:28.952,0.16,2.53,0.06,0.76,2.96,35.14,3.59,0.65,0.73,0.0028,0.0003,5.88,5.17,67,12561.64,4967.60,3878.00,2.53,21.07,0.16,1.35,8.44,20.39,0.00,56.10,15.08,100.00,0.00,0.00,0.00,24.30,13.30,3.94,
2026-07-30,12:45:29.952,0.17,2.48,0.07,0.70,2.73,42.59,3.71,0.62,0.81,0.0032,0.0003,6.44,5.44,67,13513.51,5439.59,3879.53,2.48,20.70,0.17,1.45,10.03,17.16,0.00,58.98,13.83,100.00,0.00,0.00,0.00,24.01,12.95,3.93,
2026-07-30,12:45:30.952,0.12,2.05,0.06,0.61,2.37,46.49,2.59,0.61,0.88,0.0052,0.0003,6.56,5.35,67,8997.37,4387.70,3877.05,2.05,17.09,0.12,0.97,9.29,23.78,0.00,48.23,18.69,100.00,0.00,0.00,0.00,21.35,10.25,3.98,
2026-07-30,12:45:31.952,0.34,2.76,0.12,0.84,3.26,63.34,4.76,0.58,0.87,0.0024,0.0002,7.68,5.63,67,26072.98,9457.13,3878.93,2.76,22.97,0.34,2.80,14.59,28.44,0.00,43.09,13.88,100.00,0.00,0.00,0.00,32.58,21.39,3.95,
2026-07-30,12:45:32.953,0.13,2.51,0.05,0.65,2.53,38.78,3.14,0.63,0.76,0.0038,0.0003,5.93,5.18,49,10332.25,4112.85,3881.07,2.51,20.93,0.13,1.11,8.17,23.18,0.00,50.14,18.51,100.00,0.00,0.00,0.00,22.06,11.02,3.96,
2026-07-30,12:45:33.954,0.16,2.56,0.06,0.67,2.60,44.79,3.29,0.60,0.76,0.0036,0.0003,6.41,5.40,51,12299.94,4806.53,3877.75,2.56,21.33,0.16,1.32,9.29,28.71,0.00,45.13,16.87,100.00,0.00,0.00,0.00,24.24,13.14,3.98,
2026-07-30,12:45:34.953,0.20,2.71,0.07,0.72,2.83,43.35,3.95,0.60,0.70,0.0028,0.0003,6.29,5.30,67,15675.97,5785.29,3878.26,2.71,22.58,0.20,1.68,10.29,26.09,0.00,45.96,17.67,100.00,0.00,0.00,0.00,26.62,15.50,4.02,
2026-07-30,12:45:35.953,0.10,2.40,0.04,0.54,2.12,38.47,1.93,0.61,0.82,0.0049,0.0002,6.02,5.25,69,7778.83,3245.77,3880.70,2.40,19.97,0.10,0.84,7.70,19.11,0.00,53.13,20.06,100.00,0.00,0.00,0.00,19.89,8.61,4.17,
2026-07-30,12:45:36.953,0.31,3.30,0.09,0.80,3.13,48.32,3.97,0.58,0.73,0.0020,0.0002,6.63,5.33,44,23993.72,7262.78,3877.29,3.30,27.53,0.31,2.58,11.65,23.11,0.00,47.74,17.50,100.00,0.00,0.00,0.00,29.62,18.42,4.03,
2026-07-30,12:45:37.953,0.18,2.72,0.07,0.71,2.78,37.61,3.96,0.63,0.64,0.0027,0.0003,6.02,5.21,67,13982.15,5144.39,3879.37,2.72,22.65,0.18,1.50,9.30,19.38,0.00,54.57,16.74,100.00,0.00,0.00,0.00,24.99,13.65,4.23,
2026-07-30,12:45:38.957,0.09,2.40,0.04,0.55,2.13,37.73,2.19,0.63,0.77,0.0052,0.0003,5.87,5.19,67,7326.10,3055.63,3880.94,2.40,19.98,0.09,0.79,7.21,17.63,0.00,57.85,17.31,100.00,0.00,0.00,0.00,19.68,8.37,4.20,
2026-07-30,12:45:39.957,0.16,2.68,0.06,0.69,2.70,37.87,3.45,0.64,0.70,0.0030,0.0003,5.87,5.18,67,12754.66,4760.48,3880.81,2.68,22.33,0.16,1.37,8.86,21.54,0.00,52.12,17.49,100.00,0.00,0.00,0.00,23.97,12.79,4.11,
2026-07-30,12:45:40.957,0.14,2.54,0.05,0.53,2.07,42.01,2.93,0.63,0.75,0.0039,0.0003,6.17,5.32,56,10803.71,4257.47,3878.96,2.54,21.15,0.14,1.16,10.34,18.71,0.00,56.06,14.89,100.00,0.00,0.00,0.00,21.81,10.41,4.28,
2026-07-30,12:45:41.957,0.28,2.68,0.10,0.66,2.59,47.03,5.14,0.65,0.75,0.0022,0.0002,6.49,5.44,58,21335.47,7973.92,3878.68,2.68,22.30,0.28,2.29,15.50,24.49,0.00,49.37,10.65,100.00,0.00,0.00,0.00,30.01,18.79,4.09,
2026-07-30,12:45:42.957,0.32,2.95,0.11,0.86,3.37,59.63,5.71,0.57,0.72,0.0024,0.0002,7.39,5.40,62,25138.98,8515.56,3878.03,2.95,24.60,0.32,2.70,12.70,22.75,0.00,47.83,16.72,100.00,0.00,0.00,0.00,31.94,20.48,4.26,
2026-07-30,12:45:43.956,0.10,2.37,0.04,0.57,2.21,40.02,2.32,0.61,0.77,0.0052,0.0003,6.03,5.22,57,7661.14,3234.66,3882.23,2.37,19.74,0.10,0.82,7.34,20.57,0.00,51.25,20.84,100.00,0.00,0.00,0.00,20.35,8.94,4.31,
2026-07-30,12:45:44.962,0.18,2.61,0.07,0.75,2.91,41.30,3.95,0.62,0.67,0.0030,0.0003,6.09,5.19,56,13716.37,5257.40,3880.44,2.61,21.74,0.18,1.47,9.07,20.50,0.00,52.78,17.66,100.00,0.00,0.00,0.00,25.20,13.85,4.26,
2026-07-30,12:45:45.961,0.16,2.59,0.06,0.68,2.67,39.24,3.45,0.64,0.81,0.0032,0.0003,5.97,5.20,54,12267.04,4743.86,3878.96,2.59,21.55,0.16,1.32,8.95,22.42,0.00,52.99,15.65,100.00,0.00,0.00,0.00,23.34,11.94,4.32,
2026-07-30,12:45:46.961,0.10,2.34,0.04,0.59,2.31,37.49,2.28,0.62,0.76,0.0050,0.0003,6.01,5.28,62,7571.87,3231.17,3882.76,2.34,19.53,0.10,0.81,7.03,20.62,0.00,53.64,18.72,100.00,0.00,0.00,0.00,20.34,8.89,4.37,
2026-07-30,12:45:47.961,0.15,2.61,0.06,0.70,2.75,37.17,3.50,0.63,0.76,0.0031,0.0003,5.99,5.26,63,12009.45,4609.28,3881.37,2.61,21.71,0.15,1.29,8.43,18.46,0.00,54.70,18.42,100.00,0.00,0.00,0.00,23.40,11.94,4.38,
2026-07-30,12:45:48.962,0.09,2.41,0.04,0.57,2.21,34.54,2.26,0.63,0.67,0.0049,0.0003,5.70,5.11,64,7086.97,2936.10,3878.18,2.41,20.11,0.09,0.76,6.68,19.56,0.00,56.12,17.64,100.00,0.00,0.00,0.00,19.93,8.46,4.41,
2026-07-30,12:45:49.961,0.17,2.76,0.06,0.69,2.67,38.24,3.67,0.63,0.68,0.0029,0.0003,5.89,5.17,66,13096.39,4751.01,3880.22,2.76,22.97,0.17,1.41,8.93,21.47,0.00,51.32,18.28,100.00,0.00,0.00,0.00,24.11,12.61,4.40,
2026-07-30,12:45:50.961,0.30,3.38,0.09,0.79,3.07,47.82,4.02,0.59,0.70,0.0020,0.0002,6.61,5.32,65,23485.62,6950.76,3879.35,3.38,28.16,0.30,2.52,11.40,24.78,0.00,48.61,15.21,100.00,0.00,0.00,0.00,29.66,18.14,4.34,
2026-07-30,12:45:51.961,0.10,2.24,0.04,0.55,2.14,37.14,2.29,0.63,0.86,0.0050,0.0003,5.88,5.16,66,7486.52,3336.90,3877.90,2.24,18.70,0.10,0.80,7.84,25.34,0.00,49.58,17.24,100.00,0.00,0.00,0.00,20.58,9.18,4.31,
2026-07-30,12:45:52.961,0.24,2.62,0.09,0.82,3.21,66.31,4.47,0.52,0.75,0.0035,0.0002,8.02,5.98,47,18999.20,7257.01,3883.52,2.62,21.82,0.24,2.04,11.36,26.02,0.00,47.48,15.13,100.00,0.00,0.00,0.00,29.94,18.36,4.35,
2026-07-30,12:45:53.960,0.31,3.01,0.10,0.88,3.45,70.55,6.32,0.50,0.76,0.0030,0.0003,8.65,6.16,66,23758.63,7890.93,3877.01,3.01,25.09,0.31,2.55,11.50,18.31,0.00,52.33,17.85,100.00,0.00,0.00,0.00,32.02,20.35,4.39,
2026-07-30,12:45:54.960,0.09,2.44,0.04,0.53,2.05,34.96,2.37,0.65,0.72,0.0048,0.0003,5.88,5.20,67,7234.12,2965.83,3880.48,2.44,20.33,0.09,0.78,7.25,19.01,0.00,60.33,13.41,100.00,0.00,0.00,0.00,19.78,8.25,4.45,
2026-07-30,12:45:55.960,0.16,2.74,0.06,0.67,2.61,35.47,3.52,0.65,0.73,0.0029,0.0003,5.80,5.15,67,12404.47,4520.68,3878.24,2.74,22.87,0.16,1.33,8.70,18.53,0.00,57.80,14.96,100.00,0.00,0.00,0.00,23.33,11.89,4.40,
2026-07-30,12:45:56.961,0.09,2.53,0.04,0.53,2.08,36.02,2.18,0.63,0.78,0.0049,0.0003,5.67,5.07,67,7342.48,2907.07,3877.75,2.53,21.05,0.09,0.79,7.04,24.07,0.00,48.48,20.41,100.00,0.00,0.00,0.00,19.43,8.12,4.27,
2026-07-30,12:45:57.960,0.17,2.76,0.06,0.69,2.71,37.99,3.67,0.63,0.69,0.0029,0.0003,5.85,5.16,67,13085.54,4741.57,3880.32,2.76,23.00,0.17,1.41,8.80,24.12,0.00,47.54,19.55,100.00,0.00,0.00,0.00,24.16,12.83,4.26,
2026-07-30,12:45:58.960,0.30,3.36,0.09,0.78,3.04,47.92,4.02,0.59,0.76,0.0021,0.0002,6.60,5.29,67,23059.73,6871.92,3877.39,3.36,27.96,0.30,2.48,11.36,25.75,0.00,47.90,14.98,100.00,0.00,0.00,0.00,28.77,17.27,4.35,
2026-07-30,12:45:59.960,0.09,2.50,0.04,0.54,2.10,37.10,2.13,0.62,0.78,0.0051,0.0003,5.80,5.15,67,7214.03,2889.25,3877.72,2.50,20.81,0.09,0.78,6.93,20.54,0.00,51.03,21.50,100.00,0.00,0.00,0.00,19.33,8.20,4.11,
2026-07-30,12:46:00.961,0.17,2.60,0.06,0.67,2.60,38.18,3.35,0.63,0.83,0.0030,0.0003,5.81,5.10,66,12851.90,4934.49,3883.03,2.60,21.70,0.17,1.38,9.54,24.68,0.00,45.96,19.82,100.00,0.00,0.00,0.00,23.41,12.24,4.13,
2026-07-30,12:46:01.961,0.18,2.67,0.07,0.67,2.63,39.37,3.62,0.62,0.73,0.0029,0.0003,5.87,5.08,65,13741.87,5145.84,3877.40,2.67,22.25,0.18,1.48,9.85,27.13,0.00,45.71,17.31,100.00,0.00,0.00,0.00,24.24,13.24,3.95,
2026-07-30,12:46:02.962,0.09,2.41,0.04,0.53,2.05,35.12,1.89,0.63,0.81,0.0049,0.0003,5.61,5.03,67,7226.00,2999.94,3879.57,2.41,20.07,0.09,0.78,7.36,16.90,0.00,56.98,18.75,100.00,0.00,0.00,0.00,19.47,8.39,4.08,
2026-07-30,12:46:03.962,0.17,2.73,0.06,0.70,2.72,36.69,3.52,0.63,0.71,0.0027,0.0003,5.76,5.09,67,13575.84,4978.86,3879.68,2.73,22.72,0.17,1.46,9.21,27.64,0.00,44.75,18.40,100.00,0.00,0.00,0.00,24.40,13.39,3.99,
2026-07-30,12:46:04.962,0.12,2.52,0.05,0.54,2.10,38.26,2.23,0.62,0.80,0.0041,0.0002,5.87,5.18,66,9403.39,3731.60,3878.53,2.52,21.00,0.12,1.01,8.95,25.53,0.00,46.33,19.19,100.00,0.00,0.00,0.00,20.81,9.81,3.95,
2026-07-30,12:46:05.962,0.23,2.74,0.08,0.66,2.56,41.94,4.39,0.64,0.74,0.0023,0.0002,6.12,5.26,67,17872.86,6530.16,3881.28,2.74,22.81,0.23,1.92,12.81,26.27,0.00,45.85,15.08,100.00,0.00,0.00,0.00,26.76,15.78,3.89,
2026-07-30,12:46:06.963,0.17,2.67,0.07,0.71,2.77,37.96,3.85,0.64,0.68,0.0028,0.0003,5.82,5.11,67,13537.95,5077.83,3881.62,2.67,22.22,0.17,1.45,9.21,25.30,0.00,47.04,18.45,100.00,0.00,0.00,0.00,24.47,13.44,3.97,
2026-07-30,12:46:07.963,0.23,3.38,0.07,0.71,2.78,46.93,3.03,0.58,0.74,0.0026,0.0002,6.56,5.20,67,17712.81,5245.51,3877.50,3.38,28.14,0.23,1.90,9.50,25.48,0.00,48.32,16.70,100.00,0.00,0.00,0.00,24.92,13.83,3.97,
2026-07-30,12:46:08.963,0.18,2.37,0.08,0.78,3.04,48.96,5.00,0.61,0.72,0.0035,0.0004,6.56,5.23,67,14069.63,5947.59,3877.64,2.37,19.71,0.18,1.51,9.84,22.76,0.00,48.86,18.54,100.00,0.00,0.00,0.00,25.50,14.53,3.86,
2026-07-30,12:46:09.964,0.16,2.60,0.06,0.68,2.65,38.88,3.66,0.64,0.79,0.0032,0.0003,5.91,5.16,49,12304.46,4736.39,3881.84,2.60,21.65,0.16,1.32,8.97,20.32,0.00,55.85,14.86,100.00,0.00,0.00,0.00,23.13,12.15,3.93,
2026-07-30,12:46:10.964,0.09,2.35,0.04,0.61,2.39,35.62,2.19,0.63,0.77,0.0049,0.0003,5.64,5.05,67,7337.13,3128.53,3878.30,2.35,19.54,0.09,0.79,6.59,21.97,0.00,50.76,20.69,100.00,0.00,0.00,0.00,20.21,9.32,3.84,
2026-07-30,12:46:11.964,0.16,2.62,0.06,0.72,2.82,38.49,3.61,0.63,0.76,0.0030,0.0003,5.89,5.18,67,12674.08,4834.00,3878.15,2.62,21.85,0.16,1.36,8.62,21.88,0.00,51.48,18.02,100.00,0.00,0.00,0.00,23.78,12.81,3.90,
2026-07-30,12:46:12.964,0.15,2.77,0.05,0.63,2.44,45.81,2.79,0.59,0.75,0.0040,0.0002,6.47,5.31,46,11393.70,4117.09,3879.16,2.77,23.06,0.15,1.22,8.48,30.92,0.00,44.17,16.43,100.00,0.00,0.00,0.00,22.19,11.13,3.93,
2026-07-30,12:46:13.964,0.25,3.18,0.08,0.75,2.91,42.07,3.72,0.61,0.77,0.0022,0.0002,6.19,5.19,67,19138.29,6021.98,3878.28,3.18,26.48,0.25,2.06,10.40,26.94,0.00,47.05,15.62,100.00,0.00,0.00,0.00,26.96,15.95,3.94,
2026-07-30,12:46:14.964,0.17,2.69,0.06,0.69,2.68,38.74,3.65,0.63,0.71,0.0029,0.0003,5.89,5.18,67,13368.33,4964.69,3880.82,2.69,22.44,0.17,1.44,9.30,22.86,0.00,55.86,11.98,100.00,0.00,0.00,0.00,24.28,13.31,3.95,
2026-07-30,12:46:15.968,0.10,2.44,0.04,0.55,2.14,37.80,2.25,0.62,0.80,0.0048,0.0003,5.80,5.12,67,7881.53,3224.59,3880.27,2.44,20.37,0.10,0.85,7.57,29.68,0.00,44.51,18.24,100.00,0.00,0.00,0.00,19.92,8.96,3.95,
2026-07-30,12:46:16.968,0.18,2.74,0.07,0.69,2.71,39.30,3.84,0.63,0.69,0.0028,0.0003,5.94,5.18,66,13818.65,5047.99,3879.81,2.74,22.81,0.18,1.48,9.38,28.03,0.00,45.91,16.68,100.00,0.00,0.00,0.00,24.54,13.55,3.98,
2026-07-30,12:46:17.968,0.14,2.58,0.05,0.63,2.46,39.24,3.19,0.62,0.72,0.0037,0.0003,5.94,5.19,50,10527.43,4075.82,3881.52,2.58,21.52,0.14,1.13,8.34,25.91,0.00,48.95,16.80,100.00,0.00,0.00,0.00,22.01,11.07,3.92,
2026-07-30,12:46:18.968,0.13,2.55,0.05,0.61,2.38,39.02,3.11,0.63,0.74,0.0039,0.0003,5.92,5.17,62,10115.46,3972.11,3877.98,2.55,21.22,0.13,1.09,8.40,29.54,0.00,46.23,15.83,100.00,0.00,0.00,0.00,21.68,10.74,3.92,
2026-07-30,12:46:19.969,0.21,2.76,0.08,0.63,2.46,39.31,4.49,0.65,0.67,0.0024,0.0003,5.87,5.11,66,16577.14,6001.01,3878.12,2.76,23.02,0.21,1.78,12.26,26.26,0.00,48.90,12.58,100.00,0.00,0.00,0.00,25.88,15.00,3.86,
2026-07-30,12:46:20.968,0.15,2.58,0.06,0.53,2.08,43.09,3.02,0.62,0.76,0.0038,0.0003,6.23,5.33,57,11455.23,4435.64,3881.00,2.58,21.52,0.15,1.23,10.72,23.73,0.00,51.46,14.10,100.00,0.00,0.00,0.00,21.48,10.59,3.86,
2026-07-30,12:46:21.968,0.18,2.60,0.07,0.68,2.64,41.71,4.11,0.62,0.76,0.0029,0.0003,6.10,5.21,57,14165.36,5457.77,3878.76,2.60,21.63,0.18,1.52,10.40,29.88,0.00,42.97,16.75,100.00,0.00,0.00,0.00,25.27,14.30,3.91,
2026-07-30,12:46:22.967,0.17,2.67,0.07,0.68,2.64,38.08,3.86,0.64,0.75,0.0028,0.0003,5.84,5.13,56,13451.98,5040.28,3876.93,2.67,22.24,0.17,1.45,9.60,29.88,0.00,41.77,18.74,100.00,0.00,0.00,0.00,24.24,13.32,3.89,
2026-07-30,12:46:23.968,0.14,2.28,0.06,0.65,2.54,65.04,2.79,0.50,0.79,0.0061,0.0003,7.75,5.83,45,10672.94,4679.00,3878.20,2.28,19.01,0.14,1.15,9.27,26.78,0.00,46.76,17.19,100.00,0.00,0.00,0.00,22.92,11.89,3.89,
2026-07-30,12:46:24.973,0.48,3.42,0.14,0.93,3.64,80.91,7.27,0.48,0.70,0.0022,0.0002,9.45,6.33,52,37598.31,10991.13,3881.73,3.42,28.51,0.48,4.04,15.16,26.84,0.00,45.69,12.30,100.00,0.00,0.00,0.00,40.62,29.38,3.89,
2026-07-30,12:46:25.968,0.09,2.39,0.04,0.56,2.18,37.22,2.24,0.62,0.77,0.0051,0.0003,5.81,5.15,57,7322.34,3059.59,3879.52,2.39,19.94,0.09,0.79,7.07,25.59,0.00,46.93,20.41,100.00,0.00,0.00,0.00,19.42,8.39,3.93,
2026-07-30,12:46:26.973,0.17,2.69,0.06,0.75,2.93,36.95,3.54,0.63,0.70,0.0028,0.0003,5.75,5.12,57,13194.52,4900.02,3879.25,2.69,22.44,0.17,1.42,8.41,25.62,0.00,45.01,20.96,100.00,0.00,0.00,0.00,24.06,13.15,3.90,
2026-07-30,12:46:27.973,0.18,2.68,0.07,0.72,2.80,38.97,3.64,0.62,0.72,0.0029,0.0003,5.88,5.17,58,13611.66,5069.72,3881.63,2.68,22.37,0.18,1.46,9.11,26.98,0.00,43.98,19.93,100.00,0.00,0.00,0.00,24.20,13.25,3.92,
2026-07-30,12:46:28.973,0.10,2.33,0.04,0.53,2.07,39.97,2.29,0.62,0.81,0.0052,0.0003,5.93,5.18,65,7712.12,3316.78,3880.55,2.33,19.38,0.10,0.83,8.05,19.72,0.00,54.09,18.15,100.00,0.00,0.00,0.00,19.61,8.73,3.82,
2026-07-30,12:46:29.972,0.17,2.62,0.06,0.68,2.65,38.09,3.30,0.62,0.79,0.0029,0.0003,5.86,5.18,66,13182.44,5022.76,3879.67,2.62,21.87,0.17,1.42,9.52,24.26,0.00,46.72,19.51,100.00,0.00,0.00,0.00,23.84,12.95,3.81,
2026-07-30,12:46:30.973,0.34,2.92,0.12,0.83,3.24,62.93,6.22,0.55,0.72,0.0024,0.0002,7.72,5.46,65,26344.01,9034.96,3881.54,2.92,24.30,0.34,2.83,13.99,23.25,0.00,45.20,17.56,100.00,0.00,0.00,0.00,32.46,21.42,3.83,
2026-07-30,12:46:31.973,0.09,2.31,0.04,0.53,2.08,36.44,1.97,0.63,0.81,0.0050,0.0003,5.89,5.16,67,7342.73,3172.84,3881.10,2.31,19.29,0.09,0.79,7.65,20.95,0.00,52.85,18.55,100.00,0.00,0.00,0.00,19.70,8.86,3.81,
2026-07-30,12:46:32.972,0.16,2.59,0.06,0.70,2.72,38.67,3.57,0.63,0.75,0.0031,0.0003,5.89,5.15,67,12672.48,4887.11,3880.13,2.59,21.61,0.16,1.36,9.04,21.49,0.00,53.60,15.88,100.00,0.00,0.00,0.00,23.94,12.97,3.93,
2026-07-30,12:46:33.972,0.09,2.44,0.04,0.53,2.08,34.83,2.23,0.64,0.77,0.0048,0.0003,5.58,5.01,67,7216.88,2962.36,3879.43,2.44,20.30,0.09,0.78,7.17,19.76,0.00,53.91,19.16,100.00,0.00,0.00,0.00,19.26,8.32,3.94,
2026-07-30,12:46:34.972,0.25,2.81,0.09,0.64,2.48,42.90,4.74,0.64,0.70,0.0022,0.0002,6.17,5.30,65,19505.94,6930.79,3881.45,2.81,23.45,0.25,2.09,14.05,26.14,0.00,44.57,15.24,100.00,0.00,0.00,0.00,27.15,16.28,3.80,
2026-07-30,12:46:35.972,0.18,2.68,0.07,0.66,2.56,37.30,3.86,0.64,0.75,0.0026,0.0003,5.84,5.12,67,14297.73,5343.17,3877.85,2.68,22.30,0.18,1.54,10.48,25.51,0.00,48.29,15.72,100.00,0.00,0.00,0.00,24.31,13.46,3.81,
2026-07-30,12:46:36.972,0.10,2.35,0.04,0.55,2.15,39.39,1.88,0.60,0.83,0.0050,0.0002,6.11,5.26,67,7901.57,3361.79,3878.60,2.35,19.59,0.10,0.85,7.86,20.60,0.00,49.35,22.18,100.00,0.00,0.00,0.00,19.96,9.09,3.81,
2026-07-30,12:46:37.972,0.21,2.84,0.07,0.71,2.79,42.17,3.58,0.59,0.72,0.0026,0.0002,6.29,5.25,49,16223.00,5718.80,3878.02,2.84,23.64,0.21,1.74,10.32,24.64,0.00,46.77,18.27,100.00,0.00,0.00,0.00,25.44,14.53,3.83,
2026-07-30,12:46:38.972,0.25,3.21,0.08,0.74,2.90,42.70,3.34,0.61,0.79,0.0022,0.0002,6.35,5.28,67,19576.56,6103.80,3877.52,3.21,26.73,0.25,2.10,10.60,17.73,0.00,58.77,12.90,100.00,0.00,0.00,0.00,26.59,15.67,3.82,
2026-07-30,12:46:39.974,0.09,2.33,0.04,0.54,2.10,35.64,1.87,0.63,0.81,0.0049,0.0003,5.78,5.22,67,7224.90,3102.86,3882.47,2.33,19.40,0.09,0.78,7.41,20.05,0.00,54.84,17.69,100.00,0.00,0.00,0.00,19.61,8.69,3.89,
2026-07-30,12:46:40.974,0.16,2.57,0.06,0.70,2.73,39.44,3.67,0.62,0.76,0.0031,0.0003,6.05,5.28,67,12674.11,4925.43,3877.84,2.57,21.44,0.16,1.36,9.09,23.02,0.00,49.40,18.49,100.00,0.00,0.00,0.00,23.82,12.91,3.84,
2026-07-30,12:46:41.973,0.09,2.33,0.04,0.56,2.19,37.47,2.26,0.63,0.77,0.0051,0.0003,5.89,5.26,67,7312.85,3132.44,3878.75,2.33,19.45,0.09,0.79,7.19,23.05,0.00,49.75,20.02,100.00,0.00,0.00,0.00,19.63,8.72,3.86,
2026-07-30,12:46:42.974,0.17,2.65,0.06,0.71,2.79,37.85,3.77,0.63,0.67,0.0029,0.0003,5.90,5.26,67,13201.03,4986.17,3881.42,2.65,22.06,0.17,1.42,8.98,23.71,0.00,48.78,18.52,100.00,0.00,0.00,0.00,24.39,13.46,3.85,
2026-07-30,12:46:43.973,0.20,2.42,0.08,0.75,2.91,51.51,4.50,0.57,0.75,0.0033,0.0003,6.87,5.44,67,15537.89,6416.97,3878.19,2.42,20.18,0.20,1.67,11.10,30.67,0.00,41.75,16.49,100.00,0.00,0.00,0.00,26.77,15.78,3.84,
2026-07-30,12:46:44.973,0.10,2.34,0.04,0.57,2.22,37.87,2.18,0.62,0.78,0.0051,0.0003,5.91,5.23,67,7492.80,3201.07,3877.82,2.34,19.51,0.10,0.81,7.26,20.35,0.00,51.38,21.00,100.00,0.00,0.00,0.00,19.46,8.60,3.83,
2026-07-30,12:46:45.975,0.17,2.63,0.06,0.71,2.77,38.27,3.73,0.63,0.67,0.0029,0.0003,5.97,5.23,68,13221.34,5024.79,3880.78,2.63,21.93,0.17,1.42,9.10,22.66,0.00,49.06,19.19,100.00,0.00,0.00,0.00,24.44,13.56,3.83,
2026-07-30,12:46:46.975,0.18,2.56,0.07,0.70,2.72,44.93,4.05,0.60,0.69,0.0032,0.0003,6.49,5.48,66,13876.80,5413.08,3881.26,2.56,21.36,0.18,1.49,9.99,26.12,0.00,46.28,17.60,100.00,0.00,0.00,0.00,25.04,14.06,3.88,
2026-07-30,12:46:47.975,0.12,1.98,0.06,0.65,2.53,50.52,3.66,0.60,0.79,0.0056,0.0004,6.72,5.37,67,9055.10,4582.92,3878.52,1.98,16.47,0.12,0.97,9.11,22.46,0.00,53.31,15.12,100.00,0.00,0.00,0.00,21.47,10.47,3.90,
2026-07-30,12:46:48.974,0.25,2.75,0.09,0.59,2.32,44.87,4.63,0.64,0.79,0.0023,0.0002,6.39,5.41,67,19556.47,7114.32,3877.10,2.75,22.91,0.25,2.10,15.43,23.56,0.00,48.84,12.18,100.00,0.00,0.00,0.00,26.49,15.60,3.84,
2026-07-30,12:46:49.975,0.10,2.25,0.04,0.56,2.19,39.29,2.38,0.62,0.76,0.0053,0.0003,6.08,5.23,67,7425.22,3302.67,3881.38,2.25,18.74,0.10,0.80,7.58,24.70,0.00,48.85,18.87,100.00,0.00,0.00,0.00,19.97,9.10,3.84,
2026-07-30,12:46:50.980,0.16,2.52,0.06,0.67,2.63,39.42,3.69,0.64,0.80,0.0032,0.0003,6.09,5.22,67,12277.58,4875.84,3881.88,2.52,20.98,0.16,1.32,9.32,22.43,0.00,54.69,13.56,100.00,0.00,0.00,0.00,23.26,12.38,3.82,
2026-07-30,12:46:51.976,0.16,2.43,0.07,0.67,2.61,41.64,3.85,0.62,0.85,0.0033,0.0003,6.23,5.25,67,12682.92,5218.91,3876.73,2.43,20.25,0.16,1.36,10.07,27.03,0.00,46.73,16.17,100.00,0.00,0.00,0.00,23.84,12.91,3.87,
2026-07-30,12:46:52.975,0.10,2.25,0.04,0.55,2.14,38.88,2.44,0.63,0.82,0.0051,0.0003,6.00,5.25,67,7600.09,3373.37,3877.22,2.25,18.77,0.10,0.82,7.91,28.28,0.00,46.87,16.94,100.00,0.00,0.00,0.00,20.34,9.41,3.83,
2026-07-30,12:46:53.976,0.30,3.31,0.09,0.79,3.07,47.40,4.09,0.58,0.75,0.0020,0.0002,6.68,5.30,67,23376.83,7061.04,3880.93,3.31,27.59,0.30,2.51,11.55,20.00,0.00,53.61,14.83,100.00,0.00,0.00,0.00,28.97,17.98,3.83,
2026-07-30,12:46:54.979,0.17,2.25,0.08,0.74,2.87,61.56,3.41,0.50,0.83,0.0046,0.0003,7.43,5.84,55,13380.99,5956.74,3877.28,2.25,18.72,0.17,1.44,10.44,22.37,0.00,47.38,19.81,100.00,0.00,0.00,0.00,25.25,14.25,3.83,
2026-07-30,12:46:55.979,0.33,3.26,0.10,0.83,3.25,78.43,5.46,0.47,0.74,0.0031,0.0002,9.43,6.36,67,25670.46,7882.09,3881.64,3.26,27.14,0.33,2.76,12.18,23.66,0.00,49.46,14.69,100.00,0.00,0.00,0.00,33.54,22.36,3.85,
2026-07-30,12:46:56.979,0.17,2.59,0.06,0.71,2.76,39.67,3.61,0.62,0.75,0.0031,0.0003,6.10,5.27,62,12882.38,4980.49,3879.36,2.59,21.55,0.17,1.38,9.08,17.56,0.00,53.59,19.77,100.00,0.00,0.00,0.00,24.12,13.27,3.80,
2026-07-30,12:46:57.979,0.10,2.34,0.04,0.58,2.26,37.23,2.12,0.62,0.79,0.0049,0.0003,5.88,5.19,58,7586.48,3237.65,3880.71,2.34,19.53,0.10,0.81,7.19,23.82,0.00,45.93,23.06,100.00,0.00,0.00,0.00,20.09,9.19,3.83,
2026-07-30,12:46:58.979,0.17,2.67,0.06,0.72,2.80,37.04,3.63,0.62,0.69,0.0028,0.0003,5.80,5.13,56,13401.22,5010.99,3881.47,2.67,22.29,0.17,1.44,9.00,23.33,0.00,46.28,21.39,100.00,0.00,0.00,0.00,24.43,13.55,3.79,
2026-07-30,12:46:59.984,0.30,3.34,0.09,0.78,3.06,45.56,4.07,0.57,0.78,0.0019,0.0002,6.39,5.17,52,23511.82,7029.73,3879.83,3.34,27.87,0.30,2.52,11.56,23.08,0.00,44.97,20.39,100.00,0.00,0.00,0.00,29.14,18.18,3.82,
2026-07-30,12:47:00.985,0.10,2.32,0.04,0.56,2.18,40.61,2.37,0.61,0.75,0.0053,0.0003,6.02,5.25,61,7670.58,3305.45,3882.20,2.32,19.34,0.10,0.82,7.61,23.28,0.00,48.03,21.09,100.00,0.00,0.00,0.00,19.81,8.96,3.80,
2026-07-30,12:47:01.984,0.17,2.51,0.07,0.70,2.72,43.90,3.77,0.61,0.78,0.0033,0.0003,6.25,5.38,58,13503.78,5386.12,3879.87,2.51,20.89,0.17,1.45,9.97,24.13,0.00,47.77,18.13,100.00,0.00,0.00,0.00,24.54,13.64,3.79,
2026-07-30,12:47:02.984,0.15,2.64,0.06,0.66,2.58,37.04,3.29,0.63,0.75,0.0032,0.0003,5.73,5.14,50,11417.74,4329.23,3878.66,2.64,21.98,0.15,1.23,8.43,21.78,0.00,49.16,20.63,100.00,0.00,0.00,0.00,22.16,11.38,3.75,
2026-07-30,12:47:03.984,0.11,2.45,0.05,0.59,2.30,38.17,2.62,0.62,0.76,0.0044,0.0003,5.81,5.15,65,8593.21,3503.19,3881.44,2.45,20.44,0.11,0.92,7.64,25.53,0.00,47.21,19.63,100.00,0.00,0.00,0.00,20.60,9.71,3.85,
2026-07-30,12:47:04.983,0.22,2.43,0.09,0.72,2.81,51.69,5.97,0.61,0.67,0.0031,0.0004,6.76,5.31,65,16911.50,6957.99,3877.57,2.43,20.25,0.22,1.82,12.44,26.36,0.00,46.34,14.85,100.00,0.00,0.00,0.00,27.11,16.17,3.85,
2026-07-30,12:47:05.983,0.18,2.53,0.07,0.56,2.20,45.64,3.65,0.63,0.75,0.0032,0.0003,6.35,5.45,66,14353.79,5677.44,3880.49,2.53,21.07,0.18,1.54,13.00,28.03,0.00,43.95,15.02,100.00,0.00,0.00,0.00,24.22,13.22,3.89,
2026-07-30,12:47:06.983,0.18,2.58,0.07,0.71,2.78,41.21,3.84,0.61,0.71,0.0030,0.0003,6.02,5.20,65,13790.49,5338.95,3877.48,2.58,21.52,0.18,1.48,9.65,27.03,0.00,44.34,18.98,100.00,0.00,0.00,0.00,24.96,13.97,3.93,
2026-07-30,12:47:07.984,0.17,2.69,0.06,0.69,2.69,39.35,3.75,0.62,0.69,0.0029,0.0003,5.90,5.19,66,13380.68,4967.96,3879.06,2.69,22.44,0.17,1.44,9.27,25.28,0.00,46.82,18.63,100.00,0.00,0.00,0.00,24.37,13.40,3.93,
2026-07-30,12:47:08.983,0.09,2.44,0.04,0.55,2.13,35.83,2.12,0.63,0.77,0.0050,0.0003,5.66,5.09,67,7205.97,2958.57,3881.80,2.44,20.30,0.09,0.77,6.98,24.78,0.00,47.63,20.61,100.00,0.00,0.00,0.00,19.52,8.53,3.97,
2026-07-30,12:47:09.983,0.17,2.69,0.06,0.70,2.74,38.26,3.64,0.62,0.69,0.0029,0.0003,5.85,5.16,67,13332.19,4947.41,3877.62,2.69,22.46,0.17,1.43,9.08,22.30,0.00,49.18,19.44,100.00,0.00,0.00,0.00,24.30,13.34,3.93,
2026-07-30,12:47:10.983,0.11,2.49,0.04,0.59,2.30,37.26,2.47,0.62,0.75,0.0044,0.0003,5.76,5.15,52,8393.35,3368.20,3882.91,2.49,20.77,0.11,0.90,7.35,25.62,0.00,45.10,21.93,100.00,0.00,0.00,0.00,20.13,9.22,3.88,
2026-07-30,12:47:11.983,0.29,3.36,0.09,0.83,3.23,45.51,3.82,0.58,0.68,0.0020,0.0002,6.41,5.24,67,22666.39,6753.09,3880.00,3.36,27.97,0.29,2.43,10.50,26.56,0.00,44.22,18.71,100.00,0.00,0.00,0.00,28.71,17.73,3.89,
2026-07-30,12:47:12.984,0.17,2.70,0.06,0.70,2.74,36.68,3.48,0.63,0.76,0.0028,0.0003,5.71,5.10,67,12892.61,4780.17,3877.55,2.70,22.48,0.17,1.39,8.77,25.39,0.00,45.25,20.59,100.00,0.00,0.00,0.00,23.43,12.52,3.89,
2026-07-30,12:47:13.984,0.09,2.43,0.04,0.55,2.13,37.62,1.87,0.61,0.80,0.0052,0.0003,5.82,5.18,68,7273.90,2993.06,3878.88,2.43,20.25,0.09,0.78,7.07,25.04,0.00,44.29,23.60,100.00,0.00,0.00,0.00,19.35,8.38,3.92,
2026-07-30,12:47:14.984,0.16,2.64,0.06,0.68,2.65,38.21,3.24,0.62,0.79,0.0031,0.0003,5.85,5.16,67,12211.78,4630.33,3879.82,2.64,21.98,0.16,1.31,8.77,24.12,0.00,45.78,21.33,100.00,0.00,0.00,0.00,22.93,11.97,3.93,
2026-07-30,12:47:15.984,0.16,2.63,0.06,0.66,2.58,37.00,3.29,0.63,0.82,0.0030,0.0003,5.75,5.11,66,12133.73,4616.36,3879.80,2.63,21.90,0.16,1.30,9.01,24.62,0.00,47.03,19.34,100.00,0.00,0.00,0.00,22.66,11.73,3.90,
2026-07-30,12:47:16.984,0.09,2.32,0.04,0.56,2.17,37.14,2.17,0.63,0.78,0.0051,0.0003,5.78,5.14,67,7212.90,3105.50,3875.75,2.32,19.36,0.09,0.78,7.20,21.78,0.00,51.64,19.38,100.00,0.00,0.00,0.00,19.90,8.98,3.90,
2026-07-30,12:47:17.984,0.29,3.24,0.09,0.82,3.20,46.82,3.78,0.58,0.80,0.0021,0.0002,6.51,5.26,66,22757.87,7017.52,3878.38,3.24,27.03,0.29,2.45,11.04,26.85,0.00,43.13,18.98,100.00,0.00,0.00,0.00,28.67,17.61,3.93,
2026-07-30,12:47:18.984,0.10,2.16,0.04,0.63,2.45,38.19,2.36,0.62,0.77,0.0052,0.0003,5.83,5.14,58,7379.87,3411.96,3880.47,2.16,18.02,0.10,0.79,7.00,24.26,0.00,49.83,18.91,100.00,0.00,0.00,0.00,20.84,9.83,3.96,
2026-07-30,12:47:19.984,0.17,2.66,0.06,0.77,3.02,35.62,3.58,0.63,0.67,0.0027,0.0003,5.67,5.10,67,13103.13,4928.72,3879.73,2.66,22.15,0.17,1.41,8.21,25.44,0.00,44.49,21.86,100.00,0.00,0.00,0.00,24.79,13.84,3.92,
2026-07-30,12:47:20.984,0.21,2.76,0.08,0.67,2.61,40.96,4.24,0.63,0.67,0.0025,0.0003,6.09,5.31,64,16525.45,5994.45,3877.39,2.76,22.97,0.21,1.78,11.56,24.31,0.00,47.33,16.80,100.00,0.00,0.00,0.00,26.31,15.30,3.93,
2026-07-30,12:47:21.985,0.17,2.51,0.07,0.53,2.07,43.33,3.24,0.64,0.83,0.0033,0.0002,6.20,5.36,67,13164.63,5245.95,3881.72,2.51,20.91,0.17,1.41,12.73,31.30,0.00,42.64,13.34,100.00,0.00,0.00,0.00,23.78,12.71,3.94,
2026-07-30,12:47:22.985,0.17,2.53,0.07,0.75,2.93,38.79,3.79,0.63,0.75,0.0029,0.0003,5.90,5.16,67,13433.02,5301.01,3878.32,2.53,21.12,0.17,1.44,9.10,27.91,0.00,46.63,16.37,100.00,0.00,0.00,0.00,25.30,14.37,3.88,
2026-07-30,12:47:23.985,0.17,2.66,0.06,0.74,2.87,37.75,3.70,0.63,0.67,0.0029,0.0003,5.85,5.17,67,13235.79,4976.22,3881.82,2.66,22.17,0.17,1.42,8.70,23.33,0.00,49.37,18.60,100.00,0.00,0.00,0.00,24.73,13.74,3.91,
2026-07-30,12:47:24.986,0.09,2.25,0.04,0.63,2.47,36.82,2.18,0.63,0.78,0.0051,0.0003,5.76,5.14,67,7286.13,3244.86,3881.68,2.25,18.71,0.09,0.78,6.61,21.38,0.00,53.17,18.84,100.00,0.00,0.00,0.00,20.39,9.41,3.92,
2026-07-30,12:47:25.987,0.16,2.47,0.06,0.69,2.69,46.47,3.53,0.60,0.78,0.0038,0.0003,6.30,5.32,67,12244.44,4958.72,3877.72,2.47,20.58,0.16,1.32,9.26,20.41,0.00,56.83,13.51,100.00,0.00,0.00,0.00,23.54,12.42,4.03,
2026-07-30,12:47:26.986,0.32,2.98,0.11,0.86,3.37,89.86,5.57,0.44,0.74,0.0036,0.0002,10.20,6.74,54,24710.71,8288.62,3878.27,2.98,24.84,0.32,2.65,12.38,23.80,0.00,51.05,12.77,100.00,0.00,0.00,0.00,33.42,22.00,4.01,
2026-07-30,12:47:27.987,0.17,2.72,0.06,0.69,2.69,36.16,3.31,0.63,0.79,0.0028,0.0003,5.73,5.13,68,13104.95,4826.82,3881.16,2.72,22.63,0.17,1.41,9.02,25.59,0.00,45.75,19.64,100.00,0.00,0.00,0.00,23.85,12.73,4.03,
2026-07-30,12:47:28.990,0.17,2.58,0.07,0.69,2.71,39.79,3.31,0.61,0.82,0.0030,0.0002,5.97,5.22,67,13361.66,5183.17,3881.57,2.58,21.48,0.17,1.43,9.62,27.76,0.00,42.88,19.74,100.00,0.00,0.00,0.00,23.84,12.72,4.02,
2026-07-30,12:47:29.991,0.10,2.35,0.04,0.53,2.09,40.50,2.24,0.61,0.79,0.0054,0.0003,6.04,5.25,68,7446.31,3163.28,3876.99